160000,2,0,fir,linear,0.434
160000,2,0,fir,copy-strided,1.232
160000,2,0,fir,manual-strided,0.735
160000,2,0,fir,iterator-strided-dynamic,0.426
160000,2,0,fir,iterator-strided-static,0.435
160000,4,0,fir,linear,0.169
160000,4,0,fir,copy-strided,0.818
160000,4,0,fir,manual-strided,0.746
160000,4,0,fir,iterator-strided-dynamic,0.413
160000,4,0,fir,iterator-strided-static,0.415
160000,4,2,fir,linear,0.255
160000,4,2,fir,copy-blockstrided,1.017
160000,4,2,fir,manual-blockstrided,0.762
160000,4,2,fir,iterator-blockstrided-dynamic,0.765
160000,4,2,fir,iterator-blockstrided-static,0.517
160000,8,0,fir,linear,0.065
160000,8,0,fir,copy-strided,0.562
160000,8,0,fir,manual-strided,0.534
160000,8,0,fir,iterator-strided-dynamic,0.42
160000,8,0,fir,iterator-strided-static,0.701
160000,8,4,fir,linear,0.239
160000,8,4,fir,copy-blockstrided,0.995
160000,8,4,fir,manual-blockstrided,0.741
160000,8,4,fir,iterator-blockstrided-dynamic,0.727
160000,8,4,fir,iterator-blockstrided-static,0.547
320000,2,0,fir,linear,0.815
320000,2,0,fir,copy-strided,2.998
320000,2,0,fir,manual-strided,2.05
320000,2,0,fir,iterator-strided-dynamic,1.858
320000,2,0,fir,iterator-strided-static,1.675
320000,4,0,fir,linear,0.457
320000,4,0,fir,copy-strided,1.785
320000,4,0,fir,manual-strided,1.573
320000,4,0,fir,iterator-strided-dynamic,1.654
320000,4,0,fir,iterator-strided-static,1.627
320000,4,2,fir,linear,0.815
320000,4,2,fir,copy-blockstrided,2.837
320000,4,2,fir,manual-blockstrided,2.116
320000,4,2,fir,iterator-blockstrided-dynamic,1.804
320000,4,2,fir,iterator-blockstrided-static,1.713
320000,8,0,fir,linear,0.196
320000,8,0,fir,copy-strided,1.436
320000,8,0,fir,manual-strided,1.645
320000,8,0,fir,iterator-strided-dynamic,1.654
320000,8,0,fir,iterator-strided-static,1.542
320000,8,4,fir,linear,0.876
320000,8,4,fir,copy-blockstrided,2.819
320000,8,4,fir,manual-blockstrided,1.788
320000,8,4,fir,iterator-blockstrided-dynamic,1.807
320000,8,4,fir,iterator-blockstrided-static,1.748
480000,2,0,fir,linear,1.474
480000,2,0,fir,copy-strided,5.243
480000,2,0,fir,manual-strided,3.09
480000,2,0,fir,iterator-strided-dynamic,2.902
480000,2,0,fir,iterator-strided-static,2.65
480000,4,0,fir,linear,0.815
480000,4,0,fir,copy-strided,3.108
480000,4,0,fir,manual-strided,2.642
480000,4,0,fir,iterator-strided-dynamic,2.659
480000,4,0,fir,iterator-strided-static,2.615
480000,4,2,fir,linear,1.535
480000,4,2,fir,copy-blockstrided,4.808
480000,4,2,fir,manual-blockstrided,3.118
480000,4,2,fir,iterator-blockstrided-dynamic,2.943
480000,4,2,fir,iterator-blockstrided-static,2.903
480000,8,0,fir,linear,0.395
480000,8,0,fir,copy-strided,2.667
480000,8,0,fir,manual-strided,2.569
480000,8,0,fir,iterator-strided-dynamic,2.638
480000,8,0,fir,iterator-strided-static,2.669
480000,8,4,fir,linear,1.515
480000,8,4,fir,copy-blockstrided,5.1
480000,8,4,fir,manual-blockstrided,2.938
480000,8,4,fir,iterator-blockstrided-dynamic,2.98
480000,8,4,fir,iterator-blockstrided-static,2.774
640000,2,0,fir,linear,2.189
640000,2,0,fir,copy-strided,6.862
640000,2,0,fir,manual-strided,3.879
640000,2,0,fir,iterator-strided-dynamic,3.539
640000,2,0,fir,iterator-strided-static,3.327
640000,4,0,fir,linear,1.126
640000,4,0,fir,copy-strided,4.524
640000,4,0,fir,manual-strided,3.459
640000,4,0,fir,iterator-strided-dynamic,3.102
640000,4,0,fir,iterator-strided-static,3.476
640000,4,2,fir,linear,1.823
640000,4,2,fir,copy-blockstrided,6.536
640000,4,2,fir,manual-blockstrided,3.776
640000,4,2,fir,iterator-blockstrided-dynamic,3.858
640000,4,2,fir,iterator-blockstrided-static,3.478
640000,8,0,fir,linear,0.61
640000,8,0,fir,copy-strided,3.938
640000,8,0,fir,manual-strided,3.502
640000,8,0,fir,iterator-strided-dynamic,3.28
640000,8,0,fir,iterator-strided-static,3.501
640000,8,4,fir,linear,1.825
640000,8,4,fir,copy-blockstrided,6.546
640000,8,4,fir,manual-blockstrided,3.765
640000,8,4,fir,iterator-blockstrided-dynamic,3.827
640000,8,4,fir,iterator-blockstrided-static,3.422
800000,2,0,fir,linear,2.373
800000,2,0,fir,copy-strided,8.436
800000,2,0,fir,manual-strided,4.648
800000,2,0,fir,iterator-strided-dynamic,4.307
800000,2,0,fir,iterator-strided-static,4.243
800000,4,0,fir,linear,1.342
800000,4,0,fir,copy-strided,5.836
800000,4,0,fir,manual-strided,4.251
800000,4,0,fir,iterator-strided-dynamic,4.203
800000,4,0,fir,iterator-strided-static,4.192
800000,4,2,fir,linear,2.464
800000,4,2,fir,copy-blockstrided,8.407
800000,4,2,fir,manual-blockstrided,4.809
800000,4,2,fir,iterator-blockstrided-dynamic,4.773
800000,4,2,fir,iterator-blockstrided-static,4.368
800000,8,0,fir,linear,0.752
800000,8,0,fir,copy-strided,4.863
800000,8,0,fir,manual-strided,4.327
800000,8,0,fir,iterator-strided-dynamic,4.218
800000,8,0,fir,iterator-strided-static,4.292
800000,8,4,fir,linear,2.388
800000,8,4,fir,copy-blockstrided,8.186
800000,8,4,fir,manual-blockstrided,4.704
800000,8,4,fir,iterator-blockstrided-dynamic,4.677
800000,8,4,fir,iterator-blockstrided-static,4.363
960000,2,0,fir,linear,2.863
960000,2,0,fir,copy-strided,10.082
960000,2,0,fir,manual-strided,5.416
960000,2,0,fir,iterator-strided-dynamic,5.124
960000,2,0,fir,iterator-strided-static,5.154
960000,4,0,fir,linear,1.588
960000,4,0,fir,copy-strided,7.288
960000,4,0,fir,manual-strided,4.955
960000,4,0,fir,iterator-strided-dynamic,5.061
960000,4,0,fir,iterator-strided-static,5.045
960000,4,2,fir,linear,2.83
960000,4,2,fir,copy-blockstrided,9.802
960000,4,2,fir,manual-blockstrided,5.613
960000,4,2,fir,iterator-blockstrided-dynamic,5.688
960000,4,2,fir,iterator-blockstrided-static,5.299
960000,8,0,fir,linear,0.872
960000,8,0,fir,copy-strided,5.96
960000,8,0,fir,manual-strided,5.003
960000,8,0,fir,iterator-strided-dynamic,5.093
960000,8,0,fir,iterator-strided-static,5.075
960000,8,4,fir,linear,2.848
960000,8,4,fir,copy-blockstrided,9.759
960000,8,4,fir,manual-blockstrided,5.659
960000,8,4,fir,iterator-blockstrided-dynamic,5.632
960000,8,4,fir,iterator-blockstrided-static,5.29
1120000,2,0,fir,linear,3.223
1120000,2,0,fir,copy-strided,11.641
1120000,2,0,fir,manual-strided,6.353
1120000,2,0,fir,iterator-strided-dynamic,6.033
1120000,2,0,fir,iterator-strided-static,6.082
1120000,4,0,fir,linear,1.736
1120000,4,0,fir,copy-strided,8.579
1120000,4,0,fir,manual-strided,5.9
1120000,4,0,fir,iterator-strided-dynamic,5.86
1120000,4,0,fir,iterator-strided-static,5.898
1120000,4,2,fir,linear,3.483
1120000,4,2,fir,copy-blockstrided,11.552
1120000,4,2,fir,manual-blockstrided,6.632
1120000,4,2,fir,iterator-blockstrided-dynamic,6.614
1120000,4,2,fir,iterator-blockstrided-static,6.216
1120000,8,0,fir,linear,1.003
1120000,8,0,fir,copy-strided,7.01
1120000,8,0,fir,manual-strided,5.926
1120000,8,0,fir,iterator-strided-dynamic,5.938
1120000,8,0,fir,iterator-strided-static,5.905
1120000,8,4,fir,linear,3.472
1120000,8,4,fir,copy-blockstrided,11.511
1120000,8,4,fir,manual-blockstrided,6.574
1120000,8,4,fir,iterator-blockstrided-dynamic,6.605
1120000,8,4,fir,iterator-blockstrided-static,6.203
1280000,2,0,fir,linear,3.73
1280000,2,0,fir,copy-strided,13.297
1280000,2,0,fir,manual-strided,7.213
1280000,2,0,fir,iterator-strided-dynamic,6.861
1280000,2,0,fir,iterator-strided-static,6.74
1280000,4,0,fir,linear,2.362
1280000,4,0,fir,copy-strided,9.703
1280000,4,0,fir,manual-strided,6.636
1280000,4,0,fir,iterator-strided-dynamic,6.666
1280000,4,0,fir,iterator-strided-static,6.653
1280000,4,2,fir,linear,3.776
1280000,4,2,fir,copy-blockstrided,13.124
1280000,4,2,fir,manual-blockstrided,7.544
1280000,4,2,fir,iterator-blockstrided-dynamic,7.565
1280000,4,2,fir,iterator-blockstrided-static,6.948
1280000,8,0,fir,linear,1.24
1280000,8,0,fir,copy-strided,12.743
1280000,8,0,fir,manual-strided,6.7
1280000,8,0,fir,iterator-strided-dynamic,6.68
1280000,8,0,fir,iterator-strided-static,6.696
1280000,8,4,fir,linear,3.77
1280000,8,4,fir,copy-blockstrided,13.101
1280000,8,4,fir,manual-blockstrided,7.516
1280000,8,4,fir,iterator-blockstrided-dynamic,7.513
1280000,8,4,fir,iterator-blockstrided-static,6.941
1440000,2,0,fir,linear,3.705
1440000,2,0,fir,copy-strided,14.387
1440000,2,0,fir,manual-strided,7.381
1440000,2,0,fir,iterator-strided-dynamic,6.997
1440000,2,0,fir,iterator-strided-static,7.01
1440000,4,0,fir,linear,1.944
1440000,4,0,fir,copy-strided,10.589
1440000,4,0,fir,manual-strided,6.889
1440000,4,0,fir,iterator-strided-dynamic,6.887
1440000,4,0,fir,iterator-strided-static,6.861
1440000,4,2,fir,linear,3.761
1440000,4,2,fir,copy-blockstrided,14.329
1440000,4,2,fir,manual-blockstrided,7.872
1440000,4,2,fir,iterator-blockstrided-dynamic,7.87
1440000,4,2,fir,iterator-blockstrided-static,7.299
1440000,8,0,fir,linear,1.062
1440000,8,0,fir,copy-strided,8.734
1440000,8,0,fir,manual-strided,6.895
1440000,8,0,fir,iterator-strided-dynamic,6.904
1440000,8,0,fir,iterator-strided-static,6.895
1440000,8,4,fir,linear,3.71
1440000,8,4,fir,copy-blockstrided,14.297
1440000,8,4,fir,manual-blockstrided,7.88
1440000,8,4,fir,iterator-blockstrided-dynamic,7.859
1440000,8,4,fir,iterator-blockstrided-static,7.302
1600000,2,0,fir,linear,4.152
1600000,2,0,fir,copy-strided,16.02
1600000,2,0,fir,manual-strided,8.249
1600000,2,0,fir,iterator-strided-dynamic,7.903
1600000,2,0,fir,iterator-strided-static,7.87
1600000,4,0,fir,linear,2.192
1600000,4,0,fir,copy-strided,11.87
1600000,4,0,fir,manual-strided,7.61
1600000,4,0,fir,iterator-strided-dynamic,7.658
1600000,4,0,fir,iterator-strided-static,7.794
1600000,4,2,fir,linear,4.237
1600000,4,2,fir,copy-blockstrided,15.973
1600000,4,2,fir,manual-blockstrided,8.82
1600000,4,2,fir,iterator-blockstrided-dynamic,8.868
1600000,4,2,fir,iterator-blockstrided-static,8.253
1600000,8,0,fir,linear,1.186
1600000,8,0,fir,copy-strided,9.935
1600000,8,0,fir,manual-strided,7.74
1600000,8,0,fir,iterator-strided-dynamic,7.779
1600000,8,0,fir,iterator-strided-static,7.758
1600000,8,4,fir,linear,4.208
1600000,8,4,fir,copy-blockstrided,15.991
1600000,8,4,fir,manual-blockstrided,8.811
1600000,8,4,fir,iterator-blockstrided-dynamic,8.783
1600000,8,4,fir,iterator-blockstrided-static,8.215
160000,2,0,fir,linear,0.255
160000,2,0,fir,copy-strided,0.807
160000,2,0,fir,manual-strided,0.513
160000,2,0,fir,iterator-strided-dynamic,0.438
160000,2,0,fir,iterator-strided-static,0.417
160000,4,0,fir,linear,0.141
160000,4,0,fir,copy-strided,0.702
160000,4,0,fir,manual-strided,0.478
160000,4,0,fir,iterator-strided-dynamic,0.445
160000,4,0,fir,iterator-strided-static,0.431
160000,4,2,fir,linear,0.227
160000,4,2,fir,copy-blockstrided,1.014
160000,4,2,fir,manual-blockstrided,0.721
160000,4,2,fir,iterator-blockstrided-dynamic,0.728
160000,4,2,fir,iterator-blockstrided-static,0.481
160000,8,0,fir,linear,0.085
160000,8,0,fir,copy-strided,0.496
160000,8,0,fir,manual-strided,0.512
160000,8,0,fir,iterator-strided-dynamic,0.461
160000,8,0,fir,iterator-strided-static,0.709
160000,8,4,fir,linear,0.236
160000,8,4,fir,copy-blockstrided,0.98
160000,8,4,fir,manual-blockstrided,0.732
160000,8,4,fir,iterator-blockstrided-dynamic,0.699
160000,8,4,fir,iterator-blockstrided-static,0.497
320000,2,0,fir,linear,0.818
320000,2,0,fir,copy-strided,2.523
320000,2,0,fir,manual-strided,1.647
320000,2,0,fir,iterator-strided-dynamic,1.967
320000,2,0,fir,iterator-strided-static,1.665
320000,4,0,fir,linear,0.464
320000,4,0,fir,copy-strided,1.766
320000,4,0,fir,manual-strided,1.562
320000,4,0,fir,iterator-strided-dynamic,1.649
320000,4,0,fir,iterator-strided-static,1.615
320000,4,2,fir,linear,0.853
320000,4,2,fir,copy-blockstrided,2.86
320000,4,2,fir,manual-blockstrided,2.094
320000,4,2,fir,iterator-blockstrided-dynamic,1.842
320000,4,2,fir,iterator-blockstrided-static,1.702
320000,8,0,fir,linear,0.221
320000,8,0,fir,copy-strided,1.432
320000,8,0,fir,manual-strided,1.683
320000,8,0,fir,iterator-strided-dynamic,1.704
320000,8,0,fir,iterator-strided-static,1.619
320000,8,4,fir,linear,0.872
320000,8,4,fir,copy-blockstrided,2.826
320000,8,4,fir,manual-blockstrided,1.767
320000,8,4,fir,iterator-blockstrided-dynamic,1.817
320000,8,4,fir,iterator-blockstrided-static,1.741
480000,2,0,fir,linear,1.478
480000,2,0,fir,copy-strided,4.963
480000,2,0,fir,manual-strided,2.702
480000,2,0,fir,iterator-strided-dynamic,2.711
480000,2,0,fir,iterator-strided-static,2.634
480000,4,0,fir,linear,0.81
480000,4,0,fir,copy-strided,3.127
480000,4,0,fir,manual-strided,2.639
480000,4,0,fir,iterator-strided-dynamic,2.639
480000,4,0,fir,iterator-strided-static,2.621
480000,4,2,fir,linear,1.529
480000,4,2,fir,copy-blockstrided,4.773
480000,4,2,fir,manual-blockstrided,3.119
480000,4,2,fir,iterator-blockstrided-dynamic,2.972
480000,4,2,fir,iterator-blockstrided-static,2.993
480000,8,0,fir,linear,0.411
480000,8,0,fir,copy-strided,2.694
480000,8,0,fir,manual-strided,2.574
480000,8,0,fir,iterator-strided-dynamic,2.628
480000,8,0,fir,iterator-strided-static,2.643
480000,8,4,fir,linear,1.513
480000,8,4,fir,copy-blockstrided,5.097
480000,8,4,fir,manual-blockstrided,2.908
480000,8,4,fir,iterator-blockstrided-dynamic,2.997
480000,8,4,fir,iterator-blockstrided-static,2.777
640000,2,0,fir,linear,2.234
640000,2,0,fir,copy-strided,6.538
640000,2,0,fir,manual-strided,3.45
640000,2,0,fir,iterator-strided-dynamic,3.531
640000,2,0,fir,iterator-strided-static,3.294
640000,4,0,fir,linear,1.123
640000,4,0,fir,copy-strided,4.554
640000,4,0,fir,manual-strided,3.46
640000,4,0,fir,iterator-strided-dynamic,3.238
640000,4,0,fir,iterator-strided-static,3.456
640000,4,2,fir,linear,1.819
640000,4,2,fir,copy-blockstrided,6.528
640000,4,2,fir,manual-blockstrided,3.764
640000,4,2,fir,iterator-blockstrided-dynamic,3.874
640000,4,2,fir,iterator-blockstrided-static,3.457
640000,8,0,fir,linear,0.6
640000,8,0,fir,copy-strided,3.935
640000,8,0,fir,manual-strided,3.502
640000,8,0,fir,iterator-strided-dynamic,3.382
640000,8,0,fir,iterator-strided-static,3.53
640000,8,4,fir,linear,1.833
640000,8,4,fir,copy-blockstrided,6.555
640000,8,4,fir,manual-blockstrided,3.727
640000,8,4,fir,iterator-blockstrided-dynamic,3.836
640000,8,4,fir,iterator-blockstrided-static,3.424
800000,2,0,fir,linear,2.428
800000,2,0,fir,copy-strided,7.998
800000,2,0,fir,manual-strided,4.254
800000,2,0,fir,iterator-strided-dynamic,4.304
800000,2,0,fir,iterator-strided-static,4.221
800000,4,0,fir,linear,1.366
800000,4,0,fir,copy-strided,5.826
800000,4,0,fir,manual-strided,4.26
800000,4,0,fir,iterator-strided-dynamic,4.226
800000,4,0,fir,iterator-strided-static,4.174
800000,4,2,fir,linear,2.423
800000,4,2,fir,copy-blockstrided,8.444
800000,4,2,fir,manual-blockstrided,4.756
800000,4,2,fir,iterator-blockstrided-dynamic,4.793
800000,4,2,fir,iterator-blockstrided-static,4.396
800000,8,0,fir,linear,0.758
800000,8,0,fir,copy-strided,4.835
800000,8,0,fir,manual-strided,4.274
800000,8,0,fir,iterator-strided-dynamic,4.215
800000,8,0,fir,iterator-strided-static,4.271
800000,8,4,fir,linear,2.377
800000,8,4,fir,copy-blockstrided,8.187
800000,8,4,fir,manual-blockstrided,4.632
800000,8,4,fir,iterator-blockstrided-dynamic,4.736
800000,8,4,fir,iterator-blockstrided-static,4.383
960000,2,0,fir,linear,2.822
960000,2,0,fir,copy-strided,9.729
960000,2,0,fir,manual-strided,5.087
960000,2,0,fir,iterator-strided-dynamic,5.129
960000,2,0,fir,iterator-strided-static,5.127
960000,4,0,fir,linear,1.625
960000,4,0,fir,copy-strided,7.26
960000,4,0,fir,manual-strided,4.96
960000,4,0,fir,iterator-strided-dynamic,5.058
960000,4,0,fir,iterator-strided-static,5.04
960000,4,2,fir,linear,2.821
960000,4,2,fir,copy-blockstrided,9.805
960000,4,2,fir,manual-blockstrided,5.702
960000,4,2,fir,iterator-blockstrided-dynamic,5.638
960000,4,2,fir,iterator-blockstrided-static,5.308
960000,8,0,fir,linear,0.873
960000,8,0,fir,copy-strided,5.97
960000,8,0,fir,manual-strided,5.001
960000,8,0,fir,iterator-strided-dynamic,5.041
960000,8,0,fir,iterator-strided-static,5.103
960000,8,4,fir,linear,2.832
960000,8,4,fir,copy-blockstrided,9.772
960000,8,4,fir,manual-blockstrided,5.574
960000,8,4,fir,iterator-blockstrided-dynamic,5.68
960000,8,4,fir,iterator-blockstrided-static,5.305
1120000,2,0,fir,linear,3.275
1120000,2,0,fir,copy-strided,11.258
1120000,2,0,fir,manual-strided,5.996
1120000,2,0,fir,iterator-strided-dynamic,6.047
1120000,2,0,fir,iterator-strided-static,6.012
1120000,4,0,fir,linear,1.807
1120000,4,0,fir,copy-strided,8.566
1120000,4,0,fir,manual-strided,5.905
1120000,4,0,fir,iterator-strided-dynamic,5.884
1120000,4,0,fir,iterator-strided-static,5.868
1120000,4,2,fir,linear,3.506
1120000,4,2,fir,copy-blockstrided,11.517
1120000,4,2,fir,manual-blockstrided,6.644
1120000,4,2,fir,iterator-blockstrided-dynamic,6.654
1120000,4,2,fir,iterator-blockstrided-static,6.176
1120000,8,0,fir,linear,1.007
1120000,8,0,fir,copy-strided,7.016
1120000,8,0,fir,manual-strided,6.007
1120000,8,0,fir,iterator-strided-dynamic,5.932
1120000,8,0,fir,iterator-strided-static,5.91
1120000,8,4,fir,linear,3.471
1120000,8,4,fir,copy-blockstrided,11.508
1120000,8,4,fir,manual-blockstrided,6.594
1120000,8,4,fir,iterator-blockstrided-dynamic,6.64
1120000,8,4,fir,iterator-blockstrided-static,6.183
1280000,2,0,fir,linear,3.817
1280000,2,0,fir,copy-strided,12.909
1280000,2,0,fir,manual-strided,6.788
1280000,2,0,fir,iterator-strided-dynamic,6.86
1280000,2,0,fir,iterator-strided-static,6.795
1280000,4,0,fir,linear,2.379
1280000,4,0,fir,copy-strided,9.701
1280000,4,0,fir,manual-strided,6.646
1280000,4,0,fir,iterator-strided-dynamic,6.698
1280000,4,0,fir,iterator-strided-static,6.648
1280000,4,2,fir,linear,3.774
1280000,4,2,fir,copy-blockstrided,13.097
1280000,4,2,fir,manual-blockstrided,7.142
1280000,4,2,fir,iterator-blockstrided-dynamic,7.546
1280000,4,2,fir,iterator-blockstrided-static,6.942
1280000,8,0,fir,linear,1.211
1280000,8,0,fir,copy-strided,8.109
1280000,8,0,fir,manual-strided,6.7
1280000,8,0,fir,iterator-strided-dynamic,6.68
1280000,8,0,fir,iterator-strided-static,6.695
1280000,8,4,fir,linear,3.761
1280000,8,4,fir,copy-blockstrided,13.181
1280000,8,4,fir,manual-blockstrided,7.531
1280000,8,4,fir,iterator-blockstrided-dynamic,7.511
1280000,8,4,fir,iterator-blockstrided-static,6.934
1440000,2,0,fir,linear,3.713
1440000,2,0,fir,copy-strided,14.003
1440000,2,0,fir,manual-strided,7.005
1440000,2,0,fir,iterator-strided-dynamic,7.009
1440000,2,0,fir,iterator-strided-static,7.004
1440000,4,0,fir,linear,1.951
1440000,4,0,fir,copy-strided,10.525
1440000,4,0,fir,manual-strided,6.837
1440000,4,0,fir,iterator-strided-dynamic,6.849
1440000,4,0,fir,iterator-strided-static,6.879
1440000,4,2,fir,linear,3.714
1440000,4,2,fir,copy-blockstrided,14.273
1440000,4,2,fir,manual-blockstrided,7.873
1440000,4,2,fir,iterator-blockstrided-dynamic,8.099
1440000,4,2,fir,iterator-blockstrided-static,7.275
1440000,8,0,fir,linear,1.072
1440000,8,0,fir,copy-strided,8.732
1440000,8,0,fir,manual-strided,6.914
1440000,8,0,fir,iterator-strided-dynamic,6.899
1440000,8,0,fir,iterator-strided-static,6.894
1440000,8,4,fir,linear,3.726
1440000,8,4,fir,copy-blockstrided,14.319
1440000,8,4,fir,manual-blockstrided,7.864
1440000,8,4,fir,iterator-blockstrided-dynamic,7.859
1440000,8,4,fir,iterator-blockstrided-static,7.302
1600000,2,0,fir,linear,4.152
1600000,2,0,fir,copy-strided,15.678
1600000,2,0,fir,manual-strided,7.844
1600000,2,0,fir,iterator-strided-dynamic,7.886
1600000,2,0,fir,iterator-strided-static,7.896
1600000,4,0,fir,linear,2.2
1600000,4,0,fir,copy-strided,11.895
1600000,4,0,fir,manual-strided,7.687
1600000,4,0,fir,iterator-strided-dynamic,7.69
1600000,4,0,fir,iterator-strided-static,7.681
1600000,4,2,fir,linear,4.22
1600000,4,2,fir,copy-blockstrided,15.979
1600000,4,2,fir,manual-blockstrided,8.832
1600000,4,2,fir,iterator-blockstrided-dynamic,8.87
1600000,4,2,fir,iterator-blockstrided-static,8.268
1600000,8,0,fir,linear,1.253
1600000,8,0,fir,copy-strided,9.938
1600000,8,0,fir,manual-strided,7.739
1600000,8,0,fir,iterator-strided-dynamic,7.72
1600000,8,0,fir,iterator-strided-static,7.728
1600000,8,4,fir,linear,4.201
1600000,8,4,fir,copy-blockstrided,15.978
1600000,8,4,fir,manual-blockstrided,8.828
1600000,8,4,fir,iterator-blockstrided-dynamic,8.795
1600000,8,4,fir,iterator-blockstrided-static,8.229
160000,2,0,fir,linear,0.275
160000,2,0,fir,copy-strided,0.78
160000,2,0,fir,manual-strided,0.49
160000,2,0,fir,iterator-strided-dynamic,0.431
160000,2,0,fir,iterator-strided-static,0.45
160000,4,0,fir,linear,0.122
160000,4,0,fir,copy-strided,0.721
160000,4,0,fir,manual-strided,0.499
160000,4,0,fir,iterator-strided-dynamic,0.434
160000,4,0,fir,iterator-strided-static,0.408
160000,4,2,fir,linear,0.241
160000,4,2,fir,copy-blockstrided,1.013
160000,4,2,fir,manual-blockstrided,0.752
160000,4,2,fir,iterator-blockstrided-dynamic,0.763
160000,4,2,fir,iterator-blockstrided-static,0.51
160000,8,0,fir,linear,0.064
160000,8,0,fir,copy-strided,0.533
160000,8,0,fir,manual-strided,0.53
160000,8,0,fir,iterator-strided-dynamic,0.406
160000,8,0,fir,iterator-strided-static,0.717
160000,8,4,fir,linear,0.233
160000,8,4,fir,copy-blockstrided,1.005
160000,8,4,fir,manual-blockstrided,0.714
160000,8,4,fir,iterator-blockstrided-dynamic,0.71
160000,8,4,fir,iterator-blockstrided-static,0.508
320000,2,0,fir,linear,0.827
320000,2,0,fir,copy-strided,2.543
320000,2,0,fir,manual-strided,1.615
320000,2,0,fir,iterator-strided-dynamic,1.949
320000,2,0,fir,iterator-strided-static,1.642
320000,4,0,fir,linear,0.448
320000,4,0,fir,copy-strided,1.797
320000,4,0,fir,manual-strided,1.584
320000,4,0,fir,iterator-strided-dynamic,1.677
320000,4,0,fir,iterator-strided-static,1.68
320000,4,2,fir,linear,0.813
320000,4,2,fir,copy-blockstrided,2.814
320000,4,2,fir,manual-blockstrided,1.869
320000,4,2,fir,iterator-blockstrided-dynamic,1.828
320000,4,2,fir,iterator-blockstrided-static,1.686
320000,8,0,fir,linear,0.202
320000,8,0,fir,copy-strided,1.467
320000,8,0,fir,manual-strided,1.668
320000,8,0,fir,iterator-strided-dynamic,1.654
320000,8,0,fir,iterator-strided-static,1.669
320000,8,4,fir,linear,0.829
320000,8,4,fir,copy-blockstrided,2.846
320000,8,4,fir,manual-blockstrided,1.843
320000,8,4,fir,iterator-blockstrided-dynamic,1.76
320000,8,4,fir,iterator-blockstrided-static,1.704
480000,2,0,fir,linear,1.604
480000,2,0,fir,copy-strided,4.666
480000,2,0,fir,manual-strided,2.827
480000,2,0,fir,iterator-strided-dynamic,2.702
480000,2,0,fir,iterator-strided-static,2.72
480000,4,0,fir,linear,0.799
480000,4,0,fir,copy-strided,3.201
480000,4,0,fir,manual-strided,2.591
480000,4,0,fir,iterator-strided-dynamic,2.648
480000,4,0,fir,iterator-strided-static,2.601
480000,4,2,fir,linear,1.561
480000,4,2,fir,copy-blockstrided,4.793
480000,4,2,fir,manual-blockstrided,3.113
480000,4,2,fir,iterator-blockstrided-dynamic,2.939
480000,4,2,fir,iterator-blockstrided-static,2.921
480000,8,0,fir,linear,0.38
480000,8,0,fir,copy-strided,2.663
480000,8,0,fir,manual-strided,2.53
480000,8,0,fir,iterator-strided-dynamic,2.635
480000,8,0,fir,iterator-strided-static,2.695
480000,8,4,fir,linear,1.497
480000,8,4,fir,copy-blockstrided,5.111
480000,8,4,fir,manual-blockstrided,2.9
480000,8,4,fir,iterator-blockstrided-dynamic,2.933
480000,8,4,fir,iterator-blockstrided-static,2.752
640000,2,0,fir,linear,2.207
640000,2,0,fir,copy-strided,6.505
640000,2,0,fir,manual-strided,3.442
640000,2,0,fir,iterator-strided-dynamic,3.545
640000,2,0,fir,iterator-strided-static,3.326
640000,4,0,fir,linear,1.155
640000,4,0,fir,copy-strided,4.51
640000,4,0,fir,manual-strided,3.453
640000,4,0,fir,iterator-strided-dynamic,3.245
640000,4,0,fir,iterator-strided-static,3.449
640000,4,2,fir,linear,1.822
640000,4,2,fir,copy-blockstrided,6.514
640000,4,2,fir,manual-blockstrided,3.776
640000,4,2,fir,iterator-blockstrided-dynamic,3.846
640000,4,2,fir,iterator-blockstrided-static,3.438
640000,8,0,fir,linear,0.599
640000,8,0,fir,copy-strided,3.9
640000,8,0,fir,manual-strided,3.506
640000,8,0,fir,iterator-strided-dynamic,3.274
640000,8,0,fir,iterator-strided-static,3.471
640000,8,4,fir,linear,1.814
640000,8,4,fir,copy-blockstrided,6.53
640000,8,4,fir,manual-blockstrided,3.751
640000,8,4,fir,iterator-blockstrided-dynamic,3.819
640000,8,4,fir,iterator-blockstrided-static,3.406
800000,2,0,fir,linear,2.416
800000,2,0,fir,copy-strided,7.994
800000,2,0,fir,manual-strided,4.303
800000,2,0,fir,iterator-strided-dynamic,4.312
800000,2,0,fir,iterator-strided-static,4.227
800000,4,0,fir,linear,1.361
800000,4,0,fir,copy-strided,5.812
800000,4,0,fir,manual-strided,4.285
800000,4,0,fir,iterator-strided-dynamic,4.21
800000,4,0,fir,iterator-strided-static,4.134
800000,4,2,fir,linear,2.454
800000,4,2,fir,copy-blockstrided,8.412
800000,4,2,fir,manual-blockstrided,4.803
800000,4,2,fir,iterator-blockstrided-dynamic,4.768
800000,4,2,fir,iterator-blockstrided-static,4.373
800000,8,0,fir,linear,0.751
800000,8,0,fir,copy-strided,4.849
800000,8,0,fir,manual-strided,4.286
800000,8,0,fir,iterator-strided-dynamic,4.201
800000,8,0,fir,iterator-strided-static,4.294
800000,8,4,fir,linear,2.379
800000,8,4,fir,copy-blockstrided,8.192
800000,8,4,fir,manual-blockstrided,4.645
800000,8,4,fir,iterator-blockstrided-dynamic,4.724
800000,8,4,fir,iterator-blockstrided-static,4.389
960000,2,0,fir,linear,2.838
960000,2,0,fir,copy-strided,9.781
960000,2,0,fir,manual-strided,5.095
960000,2,0,fir,iterator-strided-dynamic,5.127
960000,2,0,fir,iterator-strided-static,5.155
960000,4,0,fir,linear,1.589
960000,4,0,fir,copy-strided,7.254
960000,4,0,fir,manual-strided,4.956
960000,4,0,fir,iterator-strided-dynamic,5.057
960000,4,0,fir,iterator-strided-static,5.028
960000,4,2,fir,linear,2.849
960000,4,2,fir,copy-blockstrided,9.786
960000,4,2,fir,manual-blockstrided,5.623
960000,4,2,fir,iterator-blockstrided-dynamic,5.676
960000,4,2,fir,iterator-blockstrided-static,5.3
960000,8,0,fir,linear,0.879
960000,8,0,fir,copy-strided,5.97
960000,8,0,fir,manual-strided,5.002
960000,8,0,fir,iterator-strided-dynamic,5.061
960000,8,0,fir,iterator-strided-static,5.066
960000,8,4,fir,linear,2.85
960000,8,4,fir,copy-blockstrided,9.774
960000,8,4,fir,manual-blockstrided,5.565
960000,8,4,fir,iterator-blockstrided-dynamic,5.627
960000,8,4,fir,iterator-blockstrided-static,5.279
1120000,2,0,fir,linear,3.249
1120000,2,0,fir,copy-strided,11.243
1120000,2,0,fir,manual-strided,5.975
1120000,2,0,fir,iterator-strided-dynamic,6.027
1120000,2,0,fir,iterator-strided-static,6.064
1120000,4,0,fir,linear,1.794
1120000,4,0,fir,copy-strided,8.565
1120000,4,0,fir,manual-strided,5.872
1120000,4,0,fir,iterator-strided-dynamic,5.854
1120000,4,0,fir,iterator-strided-static,5.894
1120000,4,2,fir,linear,3.462
1120000,4,2,fir,copy-blockstrided,11.448
1120000,4,2,fir,manual-blockstrided,6.651
1120000,4,2,fir,iterator-blockstrided-dynamic,6.632
1120000,4,2,fir,iterator-blockstrided-static,6.18
1120000,8,0,fir,linear,0.999
1120000,8,0,fir,copy-strided,7.032
1120000,8,0,fir,manual-strided,5.959
1120000,8,0,fir,iterator-strided-dynamic,5.932
1120000,8,0,fir,iterator-strided-static,5.922
1120000,8,4,fir,linear,3.474
1120000,8,4,fir,copy-blockstrided,11.527
1120000,8,4,fir,manual-blockstrided,6.575
1120000,8,4,fir,iterator-blockstrided-dynamic,6.595
1120000,8,4,fir,iterator-blockstrided-static,6.253
1280000,2,0,fir,linear,3.818
1280000,2,0,fir,copy-strided,12.893
1280000,2,0,fir,manual-strided,6.801
1280000,2,0,fir,iterator-strided-dynamic,6.819
1280000,2,0,fir,iterator-strided-static,6.792
1280000,4,0,fir,linear,2.308
1280000,4,0,fir,copy-strided,9.719
1280000,4,0,fir,manual-strided,11.179
1280000,4,0,fir,iterator-strided-dynamic,6.651
1280000,4,0,fir,iterator-strided-static,6.634
1280000,4,2,fir,linear,3.78
1280000,4,2,fir,copy-blockstrided,13.138
1280000,4,2,fir,manual-blockstrided,7.568
1280000,4,2,fir,iterator-blockstrided-dynamic,7.533
1280000,4,2,fir,iterator-blockstrided-static,6.962
1280000,8,0,fir,linear,1.224
1280000,8,0,fir,copy-strided,8.125
1280000,8,0,fir,manual-strided,6.699
1280000,8,0,fir,iterator-strided-dynamic,6.65
1280000,8,0,fir,iterator-strided-static,6.638
1280000,8,4,fir,linear,3.778
1280000,8,4,fir,copy-blockstrided,13.229
1280000,8,4,fir,manual-blockstrided,7.494
1280000,8,4,fir,iterator-blockstrided-dynamic,7.469
1280000,8,4,fir,iterator-blockstrided-static,6.93
1440000,2,0,fir,linear,3.703
1440000,2,0,fir,copy-strided,13.994
1440000,2,0,fir,manual-strided,7.006
1440000,2,0,fir,iterator-strided-dynamic,7.007
1440000,2,0,fir,iterator-strided-static,6.994
1440000,4,0,fir,linear,1.968
1440000,4,0,fir,copy-strided,10.516
1440000,4,0,fir,manual-strided,6.836
1440000,4,0,fir,iterator-strided-dynamic,6.957
1440000,4,0,fir,iterator-strided-static,6.833
1440000,4,2,fir,linear,3.717
1440000,4,2,fir,copy-blockstrided,14.25
1440000,4,2,fir,manual-blockstrided,7.92
1440000,4,2,fir,iterator-blockstrided-dynamic,7.869
1440000,4,2,fir,iterator-blockstrided-static,7.279
1440000,8,0,fir,linear,1.078
1440000,8,0,fir,copy-strided,8.767
1440000,8,0,fir,manual-strided,6.907
1440000,8,0,fir,iterator-strided-dynamic,6.897
1440000,8,0,fir,iterator-strided-static,6.899
1440000,8,4,fir,linear,3.727
1440000,8,4,fir,copy-blockstrided,14.312
1440000,8,4,fir,manual-blockstrided,7.841
1440000,8,4,fir,iterator-blockstrided-dynamic,7.825
1440000,8,4,fir,iterator-blockstrided-static,7.33
1600000,2,0,fir,linear,4.209
1600000,2,0,fir,copy-strided,15.697
1600000,2,0,fir,manual-strided,7.85
1600000,2,0,fir,iterator-strided-dynamic,7.91
1600000,2,0,fir,iterator-strided-static,7.887
1600000,4,0,fir,linear,2.204
1600000,4,0,fir,copy-strided,11.895
1600000,4,0,fir,manual-strided,7.679
1600000,4,0,fir,iterator-strided-dynamic,7.651
1600000,4,0,fir,iterator-strided-static,7.672
1600000,4,2,fir,linear,4.207
1600000,4,2,fir,copy-blockstrided,15.97
1600000,4,2,fir,manual-blockstrided,8.855
1600000,4,2,fir,iterator-blockstrided-dynamic,8.868
1600000,4,2,fir,iterator-blockstrided-static,8.243
1600000,8,0,fir,linear,1.194
1600000,8,0,fir,copy-strided,9.944
1600000,8,0,fir,manual-strided,7.791
1600000,8,0,fir,iterator-strided-dynamic,7.73
1600000,8,0,fir,iterator-strided-static,7.857
1600000,8,4,fir,linear,4.215
1600000,8,4,fir,copy-blockstrided,16.017
1600000,8,4,fir,manual-blockstrided,8.826
1600000,8,4,fir,iterator-blockstrided-dynamic,8.814
1600000,8,4,fir,iterator-blockstrided-static,8.202
160000,2,0,fir,linear,0.252
160000,2,0,fir,copy-strided,0.747
160000,2,0,fir,manual-strided,0.481
160000,2,0,fir,iterator-strided-dynamic,0.428
160000,2,0,fir,iterator-strided-static,0.437
160000,4,0,fir,linear,0.125
160000,4,0,fir,copy-strided,0.733
160000,4,0,fir,manual-strided,0.507
160000,4,0,fir,iterator-strided-dynamic,0.401
160000,4,0,fir,iterator-strided-static,0.401
160000,4,2,fir,linear,0.258
160000,4,2,fir,copy-blockstrided,1.016
160000,4,2,fir,manual-blockstrided,0.758
160000,4,2,fir,iterator-blockstrided-dynamic,0.763
160000,4,2,fir,iterator-blockstrided-static,0.518
160000,8,0,fir,linear,0.063
160000,8,0,fir,copy-strided,0.54
160000,8,0,fir,manual-strided,0.535
160000,8,0,fir,iterator-strided-dynamic,0.418
160000,8,0,fir,iterator-strided-static,0.729
160000,8,4,fir,linear,0.246
160000,8,4,fir,copy-blockstrided,1.003
160000,8,4,fir,manual-blockstrided,0.736
160000,8,4,fir,iterator-blockstrided-dynamic,0.729
160000,8,4,fir,iterator-blockstrided-static,0.532
320000,2,0,fir,linear,0.828
320000,2,0,fir,copy-strided,2.602
320000,2,0,fir,manual-strided,1.642
320000,2,0,fir,iterator-strided-dynamic,1.956
320000,2,0,fir,iterator-strided-static,1.647
320000,4,0,fir,linear,0.415
320000,4,0,fir,copy-strided,1.798
320000,4,0,fir,manual-strided,1.604
320000,4,0,fir,iterator-strided-dynamic,1.672
320000,4,0,fir,iterator-strided-static,1.651
320000,4,2,fir,linear,0.851
320000,4,2,fir,copy-blockstrided,2.77
320000,4,2,fir,manual-blockstrided,1.871
320000,4,2,fir,iterator-blockstrided-dynamic,1.822
320000,4,2,fir,iterator-blockstrided-static,1.703
320000,8,0,fir,linear,0.202
320000,8,0,fir,copy-strided,1.449
320000,8,0,fir,manual-strided,1.65
320000,8,0,fir,iterator-strided-dynamic,1.634
320000,8,0,fir,iterator-strided-static,1.668
320000,8,4,fir,linear,0.802
320000,8,4,fir,copy-blockstrided,2.82
320000,8,4,fir,manual-blockstrided,1.873
320000,8,4,fir,iterator-blockstrided-dynamic,1.778
320000,8,4,fir,iterator-blockstrided-static,1.676
480000,2,0,fir,linear,1.589
480000,2,0,fir,copy-strided,4.662
480000,2,0,fir,manual-strided,2.841
480000,2,0,fir,iterator-strided-dynamic,2.718
480000,2,0,fir,iterator-strided-static,2.718
480000,4,0,fir,linear,0.789
480000,4,0,fir,copy-strided,3.238
480000,4,0,fir,manual-strided,2.598
480000,4,0,fir,iterator-strided-dynamic,2.654
480000,4,0,fir,iterator-strided-static,2.58
480000,4,2,fir,linear,1.551
480000,4,2,fir,copy-blockstrided,4.815
480000,4,2,fir,manual-blockstrided,3.121
480000,4,2,fir,iterator-blockstrided-dynamic,2.928
480000,4,2,fir,iterator-blockstrided-static,2.905
480000,8,0,fir,linear,0.387
480000,8,0,fir,copy-strided,2.66
480000,8,0,fir,manual-strided,2.527
480000,8,0,fir,iterator-strided-dynamic,2.656
480000,8,0,fir,iterator-strided-static,2.691
480000,8,4,fir,linear,1.501
480000,8,4,fir,copy-blockstrided,5.11
480000,8,4,fir,manual-blockstrided,2.929
480000,8,4,fir,iterator-blockstrided-dynamic,2.943
480000,8,4,fir,iterator-blockstrided-static,2.761
640000,2,0,fir,linear,2.203
640000,2,0,fir,copy-strided,6.462
640000,2,0,fir,manual-strided,3.435
640000,2,0,fir,iterator-strided-dynamic,3.525
640000,2,0,fir,iterator-strided-static,3.321
640000,4,0,fir,linear,1.123
640000,4,0,fir,copy-strided,4.52
640000,4,0,fir,manual-strided,3.479
640000,4,0,fir,iterator-strided-dynamic,3.209
640000,4,0,fir,iterator-strided-static,3.438
640000,4,2,fir,linear,1.82
640000,4,2,fir,copy-blockstrided,6.514
640000,4,2,fir,manual-blockstrided,3.74
640000,4,2,fir,iterator-blockstrided-dynamic,3.87
640000,4,2,fir,iterator-blockstrided-static,3.429
640000,8,0,fir,linear,0.607
640000,8,0,fir,copy-strided,3.925
640000,8,0,fir,manual-strided,3.494
640000,8,0,fir,iterator-strided-dynamic,3.278
640000,8,0,fir,iterator-strided-static,3.486
640000,8,4,fir,linear,1.818
640000,8,4,fir,copy-blockstrided,6.553
640000,8,4,fir,manual-blockstrided,3.731
640000,8,4,fir,iterator-blockstrided-dynamic,3.843
640000,8,4,fir,iterator-blockstrided-static,3.41
800000,2,0,fir,linear,2.408
800000,2,0,fir,copy-strided,7.986
800000,2,0,fir,manual-strided,4.286
800000,2,0,fir,iterator-strided-dynamic,4.335
800000,2,0,fir,iterator-strided-static,4.282
800000,4,0,fir,linear,1.373
800000,4,0,fir,copy-strided,5.797
800000,4,0,fir,manual-strided,4.274
800000,4,0,fir,iterator-strided-dynamic,4.227
800000,4,0,fir,iterator-strided-static,4.203
800000,4,2,fir,linear,2.421
800000,4,2,fir,copy-blockstrided,8.444
800000,4,2,fir,manual-blockstrided,4.797
800000,4,2,fir,iterator-blockstrided-dynamic,4.788
800000,4,2,fir,iterator-blockstrided-static,4.381
800000,8,0,fir,linear,0.731
800000,8,0,fir,copy-strided,4.839
800000,8,0,fir,manual-strided,4.271
800000,8,0,fir,iterator-strided-dynamic,4.211
800000,8,0,fir,iterator-strided-static,4.244
800000,8,4,fir,linear,2.401
800000,8,4,fir,copy-blockstrided,8.188
800000,8,4,fir,manual-blockstrided,4.692
800000,8,4,fir,iterator-blockstrided-dynamic,4.746
800000,8,4,fir,iterator-blockstrided-static,4.37
960000,2,0,fir,linear,2.854
960000,2,0,fir,copy-strided,9.748
960000,2,0,fir,manual-strided,5.073
960000,2,0,fir,iterator-strided-dynamic,5.128
960000,2,0,fir,iterator-strided-static,5.181
960000,4,0,fir,linear,1.615
960000,4,0,fir,copy-strided,7.244
960000,4,0,fir,manual-strided,5.027
960000,4,0,fir,iterator-strided-dynamic,5.061
960000,4,0,fir,iterator-strided-static,5.038
960000,4,2,fir,linear,2.829
960000,4,2,fir,copy-blockstrided,9.791
960000,4,2,fir,manual-blockstrided,5.703
960000,4,2,fir,iterator-blockstrided-dynamic,5.694
960000,4,2,fir,iterator-blockstrided-static,5.321
960000,8,0,fir,linear,0.871
960000,8,0,fir,copy-strided,5.97
960000,8,0,fir,manual-strided,5.006
960000,8,0,fir,iterator-strided-dynamic,5.101
960000,8,0,fir,iterator-strided-static,5.093
960000,8,4,fir,linear,2.849
960000,8,4,fir,copy-blockstrided,9.837
960000,8,4,fir,manual-blockstrided,5.66
960000,8,4,fir,iterator-blockstrided-dynamic,5.649
960000,8,4,fir,iterator-blockstrided-static,5.292
1120000,2,0,fir,linear,3.248
1120000,2,0,fir,copy-strided,11.274
1120000,2,0,fir,manual-strided,6.049
1120000,2,0,fir,iterator-strided-dynamic,6.025
1120000,2,0,fir,iterator-strided-static,6.011
1120000,4,0,fir,linear,1.826
1120000,4,0,fir,copy-strided,8.543
1120000,4,0,fir,manual-strided,5.879
1120000,4,0,fir,iterator-strided-dynamic,5.91
1120000,4,0,fir,iterator-strided-static,5.947
1120000,4,2,fir,linear,3.449
1120000,4,2,fir,copy-blockstrided,11.453
1120000,4,2,fir,manual-blockstrided,6.635
1120000,4,2,fir,iterator-blockstrided-dynamic,6.619
1120000,4,2,fir,iterator-blockstrided-static,6.168
1120000,8,0,fir,linear,1.003
1120000,8,0,fir,copy-strided,7.007
1120000,8,0,fir,manual-strided,5.953
1120000,8,0,fir,iterator-strided-dynamic,5.899
1120000,8,0,fir,iterator-strided-static,5.922
1120000,8,4,fir,linear,3.449
1120000,8,4,fir,copy-blockstrided,11.54
1120000,8,4,fir,manual-blockstrided,6.636
1120000,8,4,fir,iterator-blockstrided-dynamic,6.628
1120000,8,4,fir,iterator-blockstrided-static,6.155
1280000,2,0,fir,linear,3.834
1280000,2,0,fir,copy-strided,12.877
1280000,2,0,fir,manual-strided,6.837
1280000,2,0,fir,iterator-strided-dynamic,6.389
1280000,2,0,fir,iterator-strided-static,6.793
1280000,4,0,fir,linear,2.37
1280000,4,0,fir,copy-strided,9.686
1280000,4,0,fir,manual-strided,6.646
1280000,4,0,fir,iterator-strided-dynamic,6.632
1280000,4,0,fir,iterator-strided-static,6.647
1280000,4,2,fir,linear,3.761
1280000,4,2,fir,copy-blockstrided,13.124
1280000,4,2,fir,manual-blockstrided,7.551
1280000,4,2,fir,iterator-blockstrided-dynamic,7.539
1280000,4,2,fir,iterator-blockstrided-static,6.945
1280000,8,0,fir,linear,1.228
1280000,8,0,fir,copy-strided,8.123
1280000,8,0,fir,manual-strided,6.647
1280000,8,0,fir,iterator-strided-dynamic,6.656
1280000,8,0,fir,iterator-strided-static,6.697
1280000,8,4,fir,linear,3.765
1280000,8,4,fir,copy-blockstrided,13.208
1280000,8,4,fir,manual-blockstrided,7.578
1280000,8,4,fir,iterator-blockstrided-dynamic,7.547
1280000,8,4,fir,iterator-blockstrided-static,6.937
1440000,2,0,fir,linear,3.708
1440000,2,0,fir,copy-strided,14.05
1440000,2,0,fir,manual-strided,7.008
1440000,2,0,fir,iterator-strided-dynamic,7.001
1440000,2,0,fir,iterator-strided-static,7.011
1440000,4,0,fir,linear,1.944
1440000,4,0,fir,copy-strided,10.558
1440000,4,0,fir,manual-strided,6.839
1440000,4,0,fir,iterator-strided-dynamic,6.833
1440000,4,0,fir,iterator-strided-static,6.841
1440000,4,2,fir,linear,3.723
1440000,4,2,fir,copy-blockstrided,14.257
1440000,4,2,fir,manual-blockstrided,7.895
1440000,4,2,fir,iterator-blockstrided-dynamic,8.113
1440000,4,2,fir,iterator-blockstrided-static,7.302
1440000,8,0,fir,linear,1.064
1440000,8,0,fir,copy-strided,8.802
1440000,8,0,fir,manual-strided,6.921
1440000,8,0,fir,iterator-strided-dynamic,6.89
1440000,8,0,fir,iterator-strided-static,6.893
1440000,8,4,fir,linear,3.7
1440000,8,4,fir,copy-blockstrided,14.307
1440000,8,4,fir,manual-blockstrided,7.838
1440000,8,4,fir,iterator-blockstrided-dynamic,7.805
1440000,8,4,fir,iterator-blockstrided-static,7.284
1600000,2,0,fir,linear,4.169
1600000,2,0,fir,copy-strided,15.679
1600000,2,0,fir,manual-strided,7.912
1600000,2,0,fir,iterator-strided-dynamic,7.859
1600000,2,0,fir,iterator-strided-static,7.861
1600000,4,0,fir,linear,2.204
1600000,4,0,fir,copy-strided,11.888
1600000,4,0,fir,manual-strided,7.662
1600000,4,0,fir,iterator-strided-dynamic,7.662
1600000,4,0,fir,iterator-strided-static,7.677
1600000,4,2,fir,linear,4.204
1600000,4,2,fir,copy-blockstrided,15.942
1600000,4,2,fir,manual-blockstrided,8.814
1600000,4,2,fir,iterator-blockstrided-dynamic,8.868
1600000,4,2,fir,iterator-blockstrided-static,8.213
1600000,8,0,fir,linear,1.184
1600000,8,0,fir,copy-strided,9.906
1600000,8,0,fir,manual-strided,7.769
1600000,8,0,fir,iterator-strided-dynamic,7.794
1600000,8,0,fir,iterator-strided-static,7.777
1600000,8,4,fir,linear,4.205
1600000,8,4,fir,copy-blockstrided,15.98
1600000,8,4,fir,manual-blockstrided,8.855
1600000,8,4,fir,iterator-blockstrided-dynamic,8.791
1600000,8,4,fir,iterator-blockstrided-static,8.225
160000,2,0,fir,linear,0.255
160000,2,0,fir,copy-strided,0.808
160000,2,0,fir,manual-strided,0.523
160000,2,0,fir,iterator-strided-dynamic,0.434
160000,2,0,fir,iterator-strided-static,0.413
160000,4,0,fir,linear,0.142
160000,4,0,fir,copy-strided,0.725
160000,4,0,fir,manual-strided,0.469
160000,4,0,fir,iterator-strided-dynamic,0.457
160000,4,0,fir,iterator-strided-static,0.439
160000,4,2,fir,linear,0.23
160000,4,2,fir,copy-blockstrided,1.012
160000,4,2,fir,manual-blockstrided,0.743
160000,4,2,fir,iterator-blockstrided-dynamic,0.726
160000,4,2,fir,iterator-blockstrided-static,0.477
160000,8,0,fir,linear,0.091
160000,8,0,fir,copy-strided,0.499
160000,8,0,fir,manual-strided,0.497
160000,8,0,fir,iterator-strided-dynamic,0.45
160000,8,0,fir,iterator-strided-static,0.728
160000,8,4,fir,linear,0.246
160000,8,4,fir,copy-blockstrided,1.05
160000,8,4,fir,manual-blockstrided,0.734
160000,8,4,fir,iterator-blockstrided-dynamic,0.725
160000,8,4,fir,iterator-blockstrided-static,0.489
320000,2,0,fir,linear,0.823
320000,2,0,fir,copy-strided,2.619
320000,2,0,fir,manual-strided,1.67
320000,2,0,fir,iterator-strided-dynamic,1.952
320000,2,0,fir,iterator-strided-static,1.609
320000,4,0,fir,linear,0.416
320000,4,0,fir,copy-strided,1.832
320000,4,0,fir,manual-strided,1.538
320000,4,0,fir,iterator-strided-dynamic,1.61
320000,4,0,fir,iterator-strided-static,1.593
320000,4,2,fir,linear,0.839
320000,4,2,fir,copy-blockstrided,2.854
320000,4,2,fir,manual-blockstrided,2.103
320000,4,2,fir,iterator-blockstrided-dynamic,1.852
320000,4,2,fir,iterator-blockstrided-static,1.757
320000,8,0,fir,linear,0.247
320000,8,0,fir,copy-strided,1.451
320000,8,0,fir,manual-strided,1.681
320000,8,0,fir,iterator-strided-dynamic,1.637
320000,8,0,fir,iterator-strided-static,1.576
320000,8,4,fir,linear,0.864
320000,8,4,fir,copy-blockstrided,2.789
320000,8,4,fir,manual-blockstrided,1.857
320000,8,4,fir,iterator-blockstrided-dynamic,1.827
320000,8,4,fir,iterator-blockstrided-static,1.758
480000,2,0,fir,linear,1.475
480000,2,0,fir,copy-strided,4.937
480000,2,0,fir,manual-strided,2.709
480000,2,0,fir,iterator-strided-dynamic,2.698
480000,2,0,fir,iterator-strided-static,2.623
480000,4,0,fir,linear,0.811
480000,4,0,fir,copy-strided,3.111
480000,4,0,fir,manual-strided,2.662
480000,4,0,fir,iterator-strided-dynamic,2.671
480000,4,0,fir,iterator-strided-static,2.663
480000,4,2,fir,linear,1.555
480000,4,2,fir,copy-blockstrided,4.797
480000,4,2,fir,manual-blockstrided,3.142
480000,4,2,fir,iterator-blockstrided-dynamic,2.929
480000,4,2,fir,iterator-blockstrided-static,2.943
480000,8,0,fir,linear,0.405
480000,8,0,fir,copy-strided,2.663
480000,8,0,fir,manual-strided,2.557
480000,8,0,fir,iterator-strided-dynamic,2.626
480000,8,0,fir,iterator-strided-static,2.651
480000,8,4,fir,linear,1.513
480000,8,4,fir,copy-blockstrided,5.081
480000,8,4,fir,manual-blockstrided,2.905
480000,8,4,fir,iterator-blockstrided-dynamic,2.957
480000,8,4,fir,iterator-blockstrided-static,2.755
640000,2,0,fir,linear,2.207
640000,2,0,fir,copy-strided,6.491
640000,2,0,fir,manual-strided,3.431
640000,2,0,fir,iterator-strided-dynamic,3.511
640000,2,0,fir,iterator-strided-static,3.299
640000,4,0,fir,linear,1.118
640000,4,0,fir,copy-strided,4.603
640000,4,0,fir,manual-strided,3.481
640000,4,0,fir,iterator-strided-dynamic,3.271
640000,4,0,fir,iterator-strided-static,3.466
640000,4,2,fir,linear,1.804
640000,4,2,fir,copy-blockstrided,6.533
640000,4,2,fir,manual-blockstrided,3.787
640000,4,2,fir,iterator-blockstrided-dynamic,3.868
640000,4,2,fir,iterator-blockstrided-static,3.494
640000,8,0,fir,linear,0.602
640000,8,0,fir,copy-strided,3.934
640000,8,0,fir,manual-strided,3.507
640000,8,0,fir,iterator-strided-dynamic,3.27
640000,8,0,fir,iterator-strided-static,3.433
640000,8,4,fir,linear,1.784
640000,8,4,fir,copy-blockstrided,6.503
640000,8,4,fir,manual-blockstrided,3.828
640000,8,4,fir,iterator-blockstrided-dynamic,3.801
640000,8,4,fir,iterator-blockstrided-static,3.432
800000,2,0,fir,linear,2.384
800000,2,0,fir,copy-strided,8.005
800000,2,0,fir,manual-strided,4.233
800000,2,0,fir,iterator-strided-dynamic,4.305
800000,2,0,fir,iterator-strided-static,4.294
800000,4,0,fir,linear,1.389
800000,4,0,fir,copy-strided,5.848
800000,4,0,fir,manual-strided,4.286
800000,4,0,fir,iterator-strided-dynamic,4.256
800000,4,0,fir,iterator-strided-static,4.224
800000,4,2,fir,linear,2.416
800000,4,2,fir,copy-blockstrided,8.485
800000,4,2,fir,manual-blockstrided,4.792
800000,4,2,fir,iterator-blockstrided-dynamic,4.78
800000,4,2,fir,iterator-blockstrided-static,4.381
800000,8,0,fir,linear,0.751
800000,8,0,fir,copy-strided,4.797
800000,8,0,fir,manual-strided,4.295
800000,8,0,fir,iterator-strided-dynamic,4.207
800000,8,0,fir,iterator-strided-static,4.274
800000,8,4,fir,linear,2.412
800000,8,4,fir,copy-blockstrided,8.23
800000,8,4,fir,manual-blockstrided,4.638
800000,8,4,fir,iterator-blockstrided-dynamic,4.72
800000,8,4,fir,iterator-blockstrided-static,4.356
960000,2,0,fir,linear,2.851
960000,2,0,fir,copy-strided,9.687
960000,2,0,fir,manual-strided,5.067
960000,2,0,fir,iterator-strided-dynamic,5.16
960000,2,0,fir,iterator-strided-static,5.139
960000,4,0,fir,linear,1.634
960000,4,0,fir,copy-strided,7.24
960000,4,0,fir,manual-strided,4.996
960000,4,0,fir,iterator-strided-dynamic,5.016
960000,4,0,fir,iterator-strided-static,5.031
960000,4,2,fir,linear,2.839
960000,4,2,fir,copy-blockstrided,9.842
960000,4,2,fir,manual-blockstrided,5.659
960000,4,2,fir,iterator-blockstrided-dynamic,5.647
960000,4,2,fir,iterator-blockstrided-static,5.284
960000,8,0,fir,linear,0.896
960000,8,0,fir,copy-strided,5.987
960000,8,0,fir,manual-strided,4.992
960000,8,0,fir,iterator-strided-dynamic,5.064
960000,8,0,fir,iterator-strided-static,5.074
960000,8,4,fir,linear,2.838
960000,8,4,fir,copy-blockstrided,9.819
960000,8,4,fir,manual-blockstrided,5.614
960000,8,4,fir,iterator-blockstrided-dynamic,5.619
960000,8,4,fir,iterator-blockstrided-static,5.26
1120000,2,0,fir,linear,3.247
1120000,2,0,fir,copy-strided,11.297
1120000,2,0,fir,manual-strided,6.033
1120000,2,0,fir,iterator-strided-dynamic,6.007
1120000,2,0,fir,iterator-strided-static,5.986
1120000,4,0,fir,linear,1.813
1120000,4,0,fir,copy-strided,8.546
1120000,4,0,fir,manual-strided,5.879
1120000,4,0,fir,iterator-strided-dynamic,5.922
1120000,4,0,fir,iterator-strided-static,5.883
1120000,4,2,fir,linear,3.485
1120000,4,2,fir,copy-blockstrided,11.441
1120000,4,2,fir,manual-blockstrided,6.653
1120000,4,2,fir,iterator-blockstrided-dynamic,6.627
1120000,4,2,fir,iterator-blockstrided-static,6.25
1120000,8,0,fir,linear,1.018
1120000,8,0,fir,copy-strided,6.979
1120000,8,0,fir,manual-strided,5.943
1120000,8,0,fir,iterator-strided-dynamic,5.931
1120000,8,0,fir,iterator-strided-static,5.91
1120000,8,4,fir,linear,3.104
1120000,8,4,fir,copy-blockstrided,11.521
1120000,8,4,fir,manual-blockstrided,6.661
1120000,8,4,fir,iterator-blockstrided-dynamic,11.382
1120000,8,4,fir,iterator-blockstrided-static,6.186
1280000,2,0,fir,linear,3.802
1280000,2,0,fir,copy-strided,12.858
1280000,2,0,fir,manual-strided,6.735
1280000,2,0,fir,iterator-strided-dynamic,6.785
1280000,2,0,fir,iterator-strided-static,6.804
1280000,4,0,fir,linear,2.34
1280000,4,0,fir,copy-strided,9.697
1280000,4,0,fir,manual-strided,6.652
1280000,4,0,fir,iterator-strided-dynamic,6.638
1280000,4,0,fir,iterator-strided-static,6.668
1280000,4,2,fir,linear,3.785
1280000,4,2,fir,copy-blockstrided,13.099
1280000,4,2,fir,manual-blockstrided,7.532
1280000,4,2,fir,iterator-blockstrided-dynamic,7.552
1280000,4,2,fir,iterator-blockstrided-static,6.94
1280000,8,0,fir,linear,1.212
1280000,8,0,fir,copy-strided,8.147
1280000,8,0,fir,manual-strided,6.723
1280000,8,0,fir,iterator-strided-dynamic,6.722
1280000,8,0,fir,iterator-strided-static,6.744
1280000,8,4,fir,linear,3.749
1280000,8,4,fir,copy-blockstrided,13.225
1280000,8,4,fir,manual-blockstrided,7.574
1280000,8,4,fir,iterator-blockstrided-dynamic,7.582
1280000,8,4,fir,iterator-blockstrided-static,6.956
1440000,2,0,fir,linear,3.75
1440000,2,0,fir,copy-strided,14.026
1440000,2,0,fir,manual-strided,7.003
1440000,2,0,fir,iterator-strided-dynamic,6.992
1440000,2,0,fir,iterator-strided-static,7.004
1440000,4,0,fir,linear,1.936
1440000,4,0,fir,copy-strided,10.562
1440000,4,0,fir,manual-strided,6.839
1440000,4,0,fir,iterator-strided-dynamic,6.84
1440000,4,0,fir,iterator-strided-static,6.831
1440000,4,2,fir,linear,3.721
1440000,4,2,fir,copy-blockstrided,14.251
1440000,4,2,fir,manual-blockstrided,7.911
1440000,4,2,fir,iterator-blockstrided-dynamic,7.912
1440000,4,2,fir,iterator-blockstrided-static,7.325
1440000,8,0,fir,linear,1.108
1440000,8,0,fir,copy-strided,8.844
1440000,8,0,fir,manual-strided,6.934
1440000,8,0,fir,iterator-strided-dynamic,6.938
1440000,8,0,fir,iterator-strided-static,6.886
1440000,8,4,fir,linear,3.704
1440000,8,4,fir,copy-blockstrided,14.316
1440000,8,4,fir,manual-blockstrided,7.833
1440000,8,4,fir,iterator-blockstrided-dynamic,7.823
1440000,8,4,fir,iterator-blockstrided-static,7.297
1600000,2,0,fir,linear,4.159
1600000,2,0,fir,copy-strided,15.674
1600000,2,0,fir,manual-strided,7.867
1600000,2,0,fir,iterator-strided-dynamic,7.892
1600000,2,0,fir,iterator-strided-static,7.848
1600000,4,0,fir,linear,2.207
1600000,4,0,fir,copy-strided,11.896
1600000,4,0,fir,manual-strided,7.703
1600000,4,0,fir,iterator-strided-dynamic,7.659
1600000,4,0,fir,iterator-strided-static,7.686
1600000,4,2,fir,linear,4.221
1600000,4,2,fir,copy-blockstrided,15.931
1600000,4,2,fir,manual-blockstrided,8.873
1600000,4,2,fir,iterator-blockstrided-dynamic,8.826
1600000,4,2,fir,iterator-blockstrided-static,8.242
1600000,8,0,fir,linear,1.185
1600000,8,0,fir,copy-strided,9.913
1600000,8,0,fir,manual-strided,7.764
1600000,8,0,fir,iterator-strided-dynamic,7.936
1600000,8,0,fir,iterator-strided-static,7.7
1600000,8,4,fir,linear,4.196
1600000,8,4,fir,copy-blockstrided,15.979
1600000,8,4,fir,manual-blockstrided,8.864
1600000,8,4,fir,iterator-blockstrided-dynamic,8.838
1600000,8,4,fir,iterator-blockstrided-static,8.22
160000,2,0,fir,linear,0.266
160000,2,0,fir,copy-strided,0.773
160000,2,0,fir,manual-strided,0.514
160000,2,0,fir,iterator-strided-dynamic,0.423
160000,2,0,fir,iterator-strided-static,0.469
160000,4,0,fir,linear,0.123
160000,4,0,fir,copy-strided,0.724
160000,4,0,fir,manual-strided,0.469
160000,4,0,fir,iterator-strided-dynamic,0.453
160000,4,0,fir,iterator-strided-static,0.404
160000,4,2,fir,linear,0.237
160000,4,2,fir,copy-blockstrided,1.004
160000,4,2,fir,manual-blockstrided,0.751
160000,4,2,fir,iterator-blockstrided-dynamic,0.752
160000,4,2,fir,iterator-blockstrided-static,0.496
160000,8,0,fir,linear,0.063
160000,8,0,fir,copy-strided,0.505
160000,8,0,fir,manual-strided,0.519
160000,8,0,fir,iterator-strided-dynamic,0.438
160000,8,0,fir,iterator-strided-static,0.709
160000,8,4,fir,linear,0.238
160000,8,4,fir,copy-blockstrided,1.003
160000,8,4,fir,manual-blockstrided,0.705
160000,8,4,fir,iterator-blockstrided-dynamic,0.704
160000,8,4,fir,iterator-blockstrided-static,0.488
320000,2,0,fir,linear,1.081
320000,2,0,fir,copy-strided,2.577
320000,2,0,fir,manual-strided,1.723
320000,2,0,fir,iterator-strided-dynamic,1.974
320000,2,0,fir,iterator-strided-static,1.631
320000,4,0,fir,linear,0.424
320000,4,0,fir,copy-strided,1.771
320000,4,0,fir,manual-strided,1.526
320000,4,0,fir,iterator-strided-dynamic,1.625
320000,4,0,fir,iterator-strided-static,1.586
320000,4,2,fir,linear,0.847
320000,4,2,fir,copy-blockstrided,2.849
320000,4,2,fir,manual-blockstrided,2.105
320000,4,2,fir,iterator-blockstrided-dynamic,1.831
320000,4,2,fir,iterator-blockstrided-static,1.703
320000,8,0,fir,linear,0.222
320000,8,0,fir,copy-strided,1.431
320000,8,0,fir,manual-strided,1.649
320000,8,0,fir,iterator-strided-dynamic,1.643
320000,8,0,fir,iterator-strided-static,1.596
320000,8,4,fir,linear,0.882
320000,8,4,fir,copy-blockstrided,2.838
320000,8,4,fir,manual-blockstrided,1.759
320000,8,4,fir,iterator-blockstrided-dynamic,1.829
320000,8,4,fir,iterator-blockstrided-static,1.759
480000,2,0,fir,linear,1.482
480000,2,0,fir,copy-strided,4.958
480000,2,0,fir,manual-strided,2.702
480000,2,0,fir,iterator-strided-dynamic,2.707
480000,2,0,fir,iterator-strided-static,2.635
480000,4,0,fir,linear,0.816
480000,4,0,fir,copy-strided,3.132
480000,4,0,fir,manual-strided,2.636
480000,4,0,fir,iterator-strided-dynamic,2.664
480000,4,0,fir,iterator-strided-static,2.642
480000,4,2,fir,linear,1.548
480000,4,2,fir,copy-blockstrided,4.809
480000,4,2,fir,manual-blockstrided,3.112
480000,4,2,fir,iterator-blockstrided-dynamic,2.945
480000,4,2,fir,iterator-blockstrided-static,2.917
480000,8,0,fir,linear,0.389
480000,8,0,fir,copy-strided,2.665
480000,8,0,fir,manual-strided,2.564
480000,8,0,fir,iterator-strided-dynamic,2.659
480000,8,0,fir,iterator-strided-static,2.663
480000,8,4,fir,linear,1.557
480000,8,4,fir,copy-blockstrided,5.087
480000,8,4,fir,manual-blockstrided,2.903
480000,8,4,fir,iterator-blockstrided-dynamic,2.978
480000,8,4,fir,iterator-blockstrided-static,2.751
640000,2,0,fir,linear,2.208
640000,2,0,fir,copy-strided,6.514
640000,2,0,fir,manual-strided,3.434
640000,2,0,fir,iterator-strided-dynamic,3.511
640000,2,0,fir,iterator-strided-static,3.285
640000,4,0,fir,linear,1.126
640000,4,0,fir,copy-strided,4.569
640000,4,0,fir,manual-strided,3.462
640000,4,0,fir,iterator-strided-dynamic,3.226
640000,4,0,fir,iterator-strided-static,3.468
640000,4,2,fir,linear,1.788
640000,4,2,fir,copy-blockstrided,6.535
640000,4,2,fir,manual-blockstrided,3.833
640000,4,2,fir,iterator-blockstrided-dynamic,3.847
640000,4,2,fir,iterator-blockstrided-static,3.507
640000,8,0,fir,linear,0.594
640000,8,0,fir,copy-strided,3.931
640000,8,0,fir,manual-strided,3.463
640000,8,0,fir,iterator-strided-dynamic,3.219
640000,8,0,fir,iterator-strided-static,3.493
640000,8,4,fir,linear,1.789
640000,8,4,fir,copy-blockstrided,6.496
640000,8,4,fir,manual-blockstrided,3.791
640000,8,4,fir,iterator-blockstrided-dynamic,3.789
640000,8,4,fir,iterator-blockstrided-static,3.43
800000,2,0,fir,linear,2.392
800000,2,0,fir,copy-strided,8.005
800000,2,0,fir,manual-strided,4.244
800000,2,0,fir,iterator-strided-dynamic,4.303
800000,2,0,fir,iterator-strided-static,4.241
800000,4,0,fir,linear,1.396
800000,4,0,fir,copy-strided,5.896
800000,4,0,fir,manual-strided,4.289
800000,4,0,fir,iterator-strided-dynamic,4.234
800000,4,0,fir,iterator-strided-static,4.142
800000,4,2,fir,linear,2.367
800000,4,2,fir,copy-blockstrided,8.521
800000,4,2,fir,manual-blockstrided,4.76
800000,4,2,fir,iterator-blockstrided-dynamic,4.782
800000,4,2,fir,iterator-blockstrided-static,4.432
800000,8,0,fir,linear,0.754
800000,8,0,fir,copy-strided,4.83
800000,8,0,fir,manual-strided,4.276
800000,8,0,fir,iterator-strided-dynamic,4.259
800000,8,0,fir,iterator-strided-static,4.25
800000,8,4,fir,linear,2.402
800000,8,4,fir,copy-blockstrided,8.239
800000,8,4,fir,manual-blockstrided,4.613
800000,8,4,fir,iterator-blockstrided-dynamic,4.74
800000,8,4,fir,iterator-blockstrided-static,4.433
960000,2,0,fir,linear,2.817
960000,2,0,fir,copy-strided,9.702
960000,2,0,fir,manual-strided,5.051
960000,2,0,fir,iterator-strided-dynamic,5.13
960000,2,0,fir,iterator-strided-static,5.142
960000,4,0,fir,linear,1.637
960000,4,0,fir,copy-strided,7.276
960000,4,0,fir,manual-strided,4.989
960000,4,0,fir,iterator-strided-dynamic,5.042
960000,4,0,fir,iterator-strided-static,5.023
960000,4,2,fir,linear,2.886
960000,4,2,fir,copy-blockstrided,9.783
960000,4,2,fir,manual-blockstrided,5.645
960000,4,2,fir,iterator-blockstrided-dynamic,5.639
960000,4,2,fir,iterator-blockstrided-static,5.312
960000,8,0,fir,linear,0.899
960000,8,0,fir,copy-strided,5.979
960000,8,0,fir,manual-strided,5.057
960000,8,0,fir,iterator-strided-dynamic,5.085
960000,8,0,fir,iterator-strided-static,5.064
960000,8,4,fir,linear,2.845
960000,8,4,fir,copy-blockstrided,9.825
960000,8,4,fir,manual-blockstrided,5.982
960000,8,4,fir,iterator-blockstrided-dynamic,5.764
960000,8,4,fir,iterator-blockstrided-static,5.471
1120000,2,0,fir,linear,3.245
1120000,2,0,fir,copy-strided,11.312
1120000,2,0,fir,manual-strided,6.008
1120000,2,0,fir,iterator-strided-dynamic,6.002
1120000,2,0,fir,iterator-strided-static,5.98
1120000,4,0,fir,linear,1.808
1120000,4,0,fir,copy-strided,8.556
1120000,4,0,fir,manual-strided,5.958
1120000,4,0,fir,iterator-strided-dynamic,5.925
1120000,4,0,fir,iterator-strided-static,5.9
1120000,4,2,fir,linear,3.502
1120000,4,2,fir,copy-blockstrided,11.48
1120000,4,2,fir,manual-blockstrided,6.625
1120000,4,2,fir,iterator-blockstrided-dynamic,6.629
1120000,4,2,fir,iterator-blockstrided-static,6.16
1120000,8,0,fir,linear,1.014
1120000,8,0,fir,copy-strided,6.99
1120000,8,0,fir,manual-strided,5.931
1120000,8,0,fir,iterator-strided-dynamic,5.919
1120000,8,0,fir,iterator-strided-static,5.443
1120000,8,4,fir,linear,3.442
1120000,8,4,fir,copy-blockstrided,11.527
1120000,8,4,fir,manual-blockstrided,6.63
1120000,8,4,fir,iterator-blockstrided-dynamic,6.626
1120000,8,4,fir,iterator-blockstrided-static,6.175
1280000,2,0,fir,linear,3.817
1280000,2,0,fir,copy-strided,12.88
1280000,2,0,fir,manual-strided,6.795
1280000,2,0,fir,iterator-strided-dynamic,6.769
1280000,2,0,fir,iterator-strided-static,6.796
1280000,4,0,fir,linear,2.359
1280000,4,0,fir,copy-strided,9.693
1280000,4,0,fir,manual-strided,6.666
1280000,4,0,fir,iterator-strided-dynamic,6.64
1280000,4,0,fir,iterator-strided-static,6.625
1280000,4,2,fir,linear,3.771
1280000,4,2,fir,copy-blockstrided,13.064
1280000,4,2,fir,manual-blockstrided,7.543
1280000,4,2,fir,iterator-blockstrided-dynamic,7.712
1280000,4,2,fir,iterator-blockstrided-static,7.084
1280000,8,0,fir,linear,1.194
1280000,8,0,fir,copy-strided,8.179
1280000,8,0,fir,manual-strided,6.727
1280000,8,0,fir,iterator-strided-dynamic,6.745
1280000,8,0,fir,iterator-strided-static,6.719
1280000,8,4,fir,linear,3.759
1280000,8,4,fir,copy-blockstrided,13.17
1280000,8,4,fir,manual-blockstrided,7.592
1280000,8,4,fir,iterator-blockstrided-dynamic,7.569
1280000,8,4,fir,iterator-blockstrided-static,6.969
1440000,2,0,fir,linear,3.711
1440000,2,0,fir,copy-strided,14.037
1440000,2,0,fir,manual-strided,7.006
1440000,2,0,fir,iterator-strided-dynamic,7.008
1440000,2,0,fir,iterator-strided-static,7.003
1440000,4,0,fir,linear,1.947
1440000,4,0,fir,copy-strided,10.522
1440000,4,0,fir,manual-strided,6.836
1440000,4,0,fir,iterator-strided-dynamic,6.842
1440000,4,0,fir,iterator-strided-static,6.833
1440000,4,2,fir,linear,3.715
1440000,4,2,fir,copy-blockstrided,14.265
1440000,4,2,fir,manual-blockstrided,7.871
1440000,4,2,fir,iterator-blockstrided-dynamic,7.907
1440000,4,2,fir,iterator-blockstrided-static,7.319
1440000,8,0,fir,linear,1.068
1440000,8,0,fir,copy-strided,8.773
1440000,8,0,fir,manual-strided,6.954
1440000,8,0,fir,iterator-strided-dynamic,6.927
1440000,8,0,fir,iterator-strided-static,6.921
1440000,8,4,fir,linear,3.716
1440000,8,4,fir,copy-blockstrided,14.336
1440000,8,4,fir,manual-blockstrided,7.838
1440000,8,4,fir,iterator-blockstrided-dynamic,7.815
1440000,8,4,fir,iterator-blockstrided-static,7.288
1600000,2,0,fir,linear,4.164
1600000,2,0,fir,copy-strided,15.711
1600000,2,0,fir,manual-strided,7.859
1600000,2,0,fir,iterator-strided-dynamic,7.888
1600000,2,0,fir,iterator-strided-static,7.912
1600000,4,0,fir,linear,2.244
1600000,4,0,fir,copy-strided,11.879
1600000,4,0,fir,manual-strided,7.699
1600000,4,0,fir,iterator-strided-dynamic,7.666
1600000,4,0,fir,iterator-strided-static,7.667
1600000,4,2,fir,linear,4.209
1600000,4,2,fir,copy-blockstrided,15.99
1600000,4,2,fir,manual-blockstrided,8.91
1600000,4,2,fir,iterator-blockstrided-dynamic,8.841
1600000,4,2,fir,iterator-blockstrided-static,8.25
1600000,8,0,fir,linear,1.197
1600000,8,0,fir,copy-strided,9.907
1600000,8,0,fir,manual-strided,7.71
1600000,8,0,fir,iterator-strided-dynamic,7.771
1600000,8,0,fir,iterator-strided-static,7.883
1600000,8,4,fir,linear,4.19
1600000,8,4,fir,copy-blockstrided,15.985
1600000,8,4,fir,manual-blockstrided,8.818
1600000,8,4,fir,iterator-blockstrided-dynamic,8.821
1600000,8,4,fir,iterator-blockstrided-static,8.247
160000,2,0,fir,linear,0.257
160000,2,0,fir,copy-strided,0.761
160000,2,0,fir,manual-strided,0.477
160000,2,0,fir,iterator-strided-dynamic,0.453
160000,2,0,fir,iterator-strided-static,0.425
160000,4,0,fir,linear,0.123
160000,4,0,fir,copy-strided,0.777
160000,4,0,fir,manual-strided,0.503
160000,4,0,fir,iterator-strided-dynamic,0.41
160000,4,0,fir,iterator-strided-static,0.441
160000,4,2,fir,linear,0.238
160000,4,2,fir,copy-blockstrided,1.013
160000,4,2,fir,manual-blockstrided,0.755
160000,4,2,fir,iterator-blockstrided-dynamic,0.768
160000,4,2,fir,iterator-blockstrided-static,0.509
160000,8,0,fir,linear,0.062
160000,8,0,fir,copy-strided,0.57
160000,8,0,fir,manual-strided,0.488
160000,8,0,fir,iterator-strided-dynamic,0.416
160000,8,0,fir,iterator-strided-static,0.72
160000,8,4,fir,linear,0.264
160000,8,4,fir,copy-blockstrided,0.99
160000,8,4,fir,manual-blockstrided,0.763
160000,8,4,fir,iterator-blockstrided-dynamic,0.732
160000,8,4,fir,iterator-blockstrided-static,0.528
320000,2,0,fir,linear,0.835
320000,2,0,fir,copy-strided,2.571
320000,2,0,fir,manual-strided,1.67
320000,2,0,fir,iterator-strided-dynamic,1.953
320000,2,0,fir,iterator-strided-static,1.603
320000,4,0,fir,linear,0.411
320000,4,0,fir,copy-strided,1.718
320000,4,0,fir,manual-strided,1.576
320000,4,0,fir,iterator-strided-dynamic,1.681
320000,4,0,fir,iterator-strided-static,1.652
320000,4,2,fir,linear,0.852
320000,4,2,fir,copy-blockstrided,2.787
320000,4,2,fir,manual-blockstrided,1.866
320000,4,2,fir,iterator-blockstrided-dynamic,1.809
320000,4,2,fir,iterator-blockstrided-static,1.708
320000,8,0,fir,linear,0.211
320000,8,0,fir,copy-strided,1.468
320000,8,0,fir,manual-strided,1.723
320000,8,0,fir,iterator-strided-dynamic,1.673
320000,8,0,fir,iterator-strided-static,1.694
320000,8,4,fir,linear,0.829
320000,8,4,fir,copy-blockstrided,2.803
320000,8,4,fir,manual-blockstrided,1.838
320000,8,4,fir,iterator-blockstrided-dynamic,1.796
320000,8,4,fir,iterator-blockstrided-static,1.686
480000,2,0,fir,linear,1.546
480000,2,0,fir,copy-strided,4.715
480000,2,0,fir,manual-strided,2.844
480000,2,0,fir,iterator-strided-dynamic,2.672
480000,2,0,fir,iterator-strided-static,2.693
480000,4,0,fir,linear,0.798
480000,4,0,fir,copy-strided,3.224
480000,4,0,fir,manual-strided,2.604
480000,4,0,fir,iterator-strided-dynamic,2.682
480000,4,0,fir,iterator-strided-static,2.599
480000,4,2,fir,linear,1.538
480000,4,2,fir,copy-blockstrided,4.785
480000,4,2,fir,manual-blockstrided,3.144
480000,4,2,fir,iterator-blockstrided-dynamic,2.935
480000,4,2,fir,iterator-blockstrided-static,2.891
480000,8,0,fir,linear,0.398
480000,8,0,fir,copy-strided,2.665
480000,8,0,fir,manual-strided,2.546
480000,8,0,fir,iterator-strided-dynamic,2.621
480000,8,0,fir,iterator-strided-static,2.681
480000,8,4,fir,linear,1.512
480000,8,4,fir,copy-blockstrided,5.101
480000,8,4,fir,manual-blockstrided,2.903
480000,8,4,fir,iterator-blockstrided-dynamic,2.954
480000,8,4,fir,iterator-blockstrided-static,2.761
640000,2,0,fir,linear,2.235
640000,2,0,fir,copy-strided,6.47
640000,2,0,fir,manual-strided,3.437
640000,2,0,fir,iterator-strided-dynamic,3.502
640000,2,0,fir,iterator-strided-static,3.313
640000,4,0,fir,linear,1.127
640000,4,0,fir,copy-strided,4.557
640000,4,0,fir,manual-strided,3.476
640000,4,0,fir,iterator-strided-dynamic,3.246
640000,4,0,fir,iterator-strided-static,3.471
640000,4,2,fir,linear,1.835
640000,4,2,fir,copy-blockstrided,6.548
640000,4,2,fir,manual-blockstrided,3.753
640000,4,2,fir,iterator-blockstrided-dynamic,3.856
640000,4,2,fir,iterator-blockstrided-static,3.421
640000,8,0,fir,linear,0.6
640000,8,0,fir,copy-strided,3.933
640000,8,0,fir,manual-strided,3.396
640000,8,0,fir,iterator-strided-dynamic,3.275
640000,8,0,fir,iterator-strided-static,3.516
640000,8,4,fir,linear,1.826
640000,8,4,fir,copy-blockstrided,6.544
640000,8,4,fir,manual-blockstrided,3.744
640000,8,4,fir,iterator-blockstrided-dynamic,3.819
640000,8,4,fir,iterator-blockstrided-static,3.411
800000,2,0,fir,linear,2.417
800000,2,0,fir,copy-strided,8.102
800000,2,0,fir,manual-strided,4.253
800000,2,0,fir,iterator-strided-dynamic,4.322
800000,2,0,fir,iterator-strided-static,4.235
800000,4,0,fir,linear,1.362
800000,4,0,fir,copy-strided,5.94
800000,4,0,fir,manual-strided,4.26
800000,4,0,fir,iterator-strided-dynamic,4.205
800000,4,0,fir,iterator-strided-static,4.152
800000,4,2,fir,linear,2.433
800000,4,2,fir,copy-blockstrided,8.467
800000,4,2,fir,manual-blockstrided,4.777
800000,4,2,fir,iterator-blockstrided-dynamic,4.771
800000,4,2,fir,iterator-blockstrided-static,4.464
800000,8,0,fir,linear,0.741
800000,8,0,fir,copy-strided,4.922
800000,8,0,fir,manual-strided,4.308
800000,8,0,fir,iterator-strided-dynamic,4.208
800000,8,0,fir,iterator-strided-static,4.31
800000,8,4,fir,linear,2.375
800000,8,4,fir,copy-blockstrided,8.218
800000,8,4,fir,manual-blockstrided,4.667
800000,8,4,fir,iterator-blockstrided-dynamic,4.724
800000,8,4,fir,iterator-blockstrided-static,4.424
960000,2,0,fir,linear,2.845
960000,2,0,fir,copy-strided,9.698
960000,2,0,fir,manual-strided,5.054
960000,2,0,fir,iterator-strided-dynamic,5.168
960000,2,0,fir,iterator-strided-static,5.149
960000,4,0,fir,linear,1.589
960000,4,0,fir,copy-strided,7.31
960000,4,0,fir,manual-strided,4.98
960000,4,0,fir,iterator-strided-dynamic,5.029
960000,4,0,fir,iterator-strided-static,5.016
960000,4,2,fir,linear,2.836
960000,4,2,fir,copy-blockstrided,9.799
960000,4,2,fir,manual-blockstrided,5.627
960000,4,2,fir,iterator-blockstrided-dynamic,5.667
960000,4,2,fir,iterator-blockstrided-static,5.33
960000,8,0,fir,linear,0.899
960000,8,0,fir,copy-strided,5.942
960000,8,0,fir,manual-strided,5.046
960000,8,0,fir,iterator-strided-dynamic,5.09
960000,8,0,fir,iterator-strided-static,5.07
960000,8,4,fir,linear,2.837
960000,8,4,fir,copy-blockstrided,9.837
960000,8,4,fir,manual-blockstrided,5.559
960000,8,4,fir,iterator-blockstrided-dynamic,5.634
960000,8,4,fir,iterator-blockstrided-static,5.284
1120000,2,0,fir,linear,3.277
1120000,2,0,fir,copy-strided,11.306
1120000,2,0,fir,manual-strided,6.031
1120000,2,0,fir,iterator-strided-dynamic,5.998
1120000,2,0,fir,iterator-strided-static,5.98
1120000,4,0,fir,linear,1.802
1120000,4,0,fir,copy-strided,8.569
1120000,4,0,fir,manual-strided,5.891
1120000,4,0,fir,iterator-strided-dynamic,5.889
1120000,4,0,fir,iterator-strided-static,5.881
1120000,4,2,fir,linear,3.462
1120000,4,2,fir,copy-blockstrided,11.453
1120000,4,2,fir,manual-blockstrided,6.617
1120000,4,2,fir,iterator-blockstrided-dynamic,11.151
1120000,4,2,fir,iterator-blockstrided-static,6.187
1120000,8,0,fir,linear,1.014
1120000,8,0,fir,copy-strided,7
1120000,8,0,fir,manual-strided,5.99
1120000,8,0,fir,iterator-strided-dynamic,5.929
1120000,8,0,fir,iterator-strided-static,5.909
1120000,8,4,fir,linear,3.51
1120000,8,4,fir,copy-blockstrided,11.542
1120000,8,4,fir,manual-blockstrided,6.653
1120000,8,4,fir,iterator-blockstrided-dynamic,6.601
1120000,8,4,fir,iterator-blockstrided-static,6.173
1280000,2,0,fir,linear,3.818
1280000,2,0,fir,copy-strided,12.885
1280000,2,0,fir,manual-strided,6.801
1280000,2,0,fir,iterator-strided-dynamic,6.79
1280000,2,0,fir,iterator-strided-static,6.786
1280000,4,0,fir,linear,2.345
1280000,4,0,fir,copy-strided,9.677
1280000,4,0,fir,manual-strided,6.635
1280000,4,0,fir,iterator-strided-dynamic,6.616
1280000,4,0,fir,iterator-strided-static,6.588
1280000,4,2,fir,linear,3.761
1280000,4,2,fir,copy-blockstrided,13.171
1280000,4,2,fir,manual-blockstrided,7.511
1280000,4,2,fir,iterator-blockstrided-dynamic,7.502
1280000,4,2,fir,iterator-blockstrided-static,6.946
1280000,8,0,fir,linear,1.169
1280000,8,0,fir,copy-strided,8.162
1280000,8,0,fir,manual-strided,6.767
1280000,8,0,fir,iterator-strided-dynamic,6.761
1280000,8,0,fir,iterator-strided-static,6.682
1280000,8,4,fir,linear,3.774
1280000,8,4,fir,copy-blockstrided,13.177
1280000,8,4,fir,manual-blockstrided,7.624
1280000,8,4,fir,iterator-blockstrided-dynamic,7.496
1280000,8,4,fir,iterator-blockstrided-static,6.941
1440000,2,0,fir,linear,3.71
1440000,2,0,fir,copy-strided,14.054
1440000,2,0,fir,manual-strided,7.022
1440000,2,0,fir,iterator-strided-dynamic,6.998
1440000,2,0,fir,iterator-strided-static,7.01
1440000,4,0,fir,linear,1.95
1440000,4,0,fir,copy-strided,10.534
1440000,4,0,fir,manual-strided,6.835
1440000,4,0,fir,iterator-strided-dynamic,6.837
1440000,4,0,fir,iterator-strided-static,6.843
1440000,4,2,fir,linear,3.722
1440000,4,2,fir,copy-blockstrided,14.251
1440000,4,2,fir,manual-blockstrided,7.884
1440000,4,2,fir,iterator-blockstrided-dynamic,7.869
1440000,4,2,fir,iterator-blockstrided-static,7.43
1440000,8,0,fir,linear,1.094
1440000,8,0,fir,copy-strided,8.803
1440000,8,0,fir,manual-strided,6.946
1440000,8,0,fir,iterator-strided-dynamic,6.94
1440000,8,0,fir,iterator-strided-static,6.933
1440000,8,4,fir,linear,3.749
1440000,8,4,fir,copy-blockstrided,14.336
1440000,8,4,fir,manual-blockstrided,7.831
1440000,8,4,fir,iterator-blockstrided-dynamic,7.798
1440000,8,4,fir,iterator-blockstrided-static,7.286
1600000,2,0,fir,linear,4.168
1600000,2,0,fir,copy-strided,15.663
1600000,2,0,fir,manual-strided,7.921
1600000,2,0,fir,iterator-strided-dynamic,7.881
1600000,2,0,fir,iterator-strided-static,7.864
1600000,4,0,fir,linear,2.21
1600000,4,0,fir,copy-strided,11.879
1600000,4,0,fir,manual-strided,7.715
1600000,4,0,fir,iterator-strided-dynamic,7.709
1600000,4,0,fir,iterator-strided-static,7.65
1600000,4,2,fir,linear,4.208
1600000,4,2,fir,copy-blockstrided,15.941
1600000,4,2,fir,manual-blockstrided,8.883
1600000,4,2,fir,iterator-blockstrided-dynamic,8.908
1600000,4,2,fir,iterator-blockstrided-static,8.23
1600000,8,0,fir,linear,1.195
1600000,8,0,fir,copy-strided,9.934
1600000,8,0,fir,manual-strided,7.746
1600000,8,0,fir,iterator-strided-dynamic,7.735
1600000,8,0,fir,iterator-strided-static,7.79
1600000,8,4,fir,linear,4.188
1600000,8,4,fir,copy-blockstrided,15.992
1600000,8,4,fir,manual-blockstrided,8.821
1600000,8,4,fir,iterator-blockstrided-dynamic,8.807
1600000,8,4,fir,iterator-blockstrided-static,8.191
160000,2,0,fir,linear,0.29
160000,2,0,fir,copy-strided,0.788
160000,2,0,fir,manual-strided,0.516
160000,2,0,fir,iterator-strided-dynamic,0.415
160000,2,0,fir,iterator-strided-static,0.448
160000,4,0,fir,linear,0.12
160000,4,0,fir,copy-strided,0.748
160000,4,0,fir,manual-strided,0.478
160000,4,0,fir,iterator-strided-dynamic,0.448
160000,4,0,fir,iterator-strided-static,0.395
160000,4,2,fir,linear,0.232
160000,4,2,fir,copy-blockstrided,1.001
160000,4,2,fir,manual-blockstrided,0.752
160000,4,2,fir,iterator-blockstrided-dynamic,0.758
160000,4,2,fir,iterator-blockstrided-static,0.518
160000,8,0,fir,linear,0.063
160000,8,0,fir,copy-strided,0.502
160000,8,0,fir,manual-strided,0.519
160000,8,0,fir,iterator-strided-dynamic,0.454
160000,8,0,fir,iterator-strided-static,0.74
160000,8,4,fir,linear,0.236
160000,8,4,fir,copy-blockstrided,0.991
160000,8,4,fir,manual-blockstrided,0.71
160000,8,4,fir,iterator-blockstrided-dynamic,0.719
160000,8,4,fir,iterator-blockstrided-static,0.502
320000,2,0,fir,linear,0.787
320000,2,0,fir,copy-strided,2.532
320000,2,0,fir,manual-strided,1.618
320000,2,0,fir,iterator-strided-dynamic,1.951
320000,2,0,fir,iterator-strided-static,1.647
320000,4,0,fir,linear,0.447
320000,4,0,fir,copy-strided,1.792
320000,4,0,fir,manual-strided,1.624
320000,4,0,fir,iterator-strided-dynamic,1.693
320000,4,0,fir,iterator-strided-static,1.655
320000,4,2,fir,linear,0.814
320000,4,2,fir,copy-blockstrided,2.862
320000,4,2,fir,manual-blockstrided,1.878
320000,4,2,fir,iterator-blockstrided-dynamic,1.811
320000,4,2,fir,iterator-blockstrided-static,1.677
320000,8,0,fir,linear,0.198
320000,8,0,fir,copy-strided,1.428
320000,8,0,fir,manual-strided,1.639
320000,8,0,fir,iterator-strided-dynamic,1.628
320000,8,0,fir,iterator-strided-static,1.666
320000,8,4,fir,linear,0.831
320000,8,4,fir,copy-blockstrided,2.817
320000,8,4,fir,manual-blockstrided,1.858
320000,8,4,fir,iterator-blockstrided-dynamic,1.78
320000,8,4,fir,iterator-blockstrided-static,1.713
480000,2,0,fir,linear,1.579
480000,2,0,fir,copy-strided,4.663
480000,2,0,fir,manual-strided,2.83
480000,2,0,fir,iterator-strided-dynamic,2.7
480000,2,0,fir,iterator-strided-static,2.731
480000,4,0,fir,linear,0.798
480000,4,0,fir,copy-strided,3.186
480000,4,0,fir,manual-strided,2.633
480000,4,0,fir,iterator-strided-dynamic,2.647
480000,4,0,fir,iterator-strided-static,2.577
480000,4,2,fir,linear,1.537
480000,4,2,fir,copy-blockstrided,4.791
480000,4,2,fir,manual-blockstrided,3.133
480000,4,2,fir,iterator-blockstrided-dynamic,2.932
480000,4,2,fir,iterator-blockstrided-static,2.905
480000,8,0,fir,linear,0.41
480000,8,0,fir,copy-strided,2.654
480000,8,0,fir,manual-strided,2.534
480000,8,0,fir,iterator-strided-dynamic,2.617
480000,8,0,fir,iterator-strided-static,2.697
480000,8,4,fir,linear,1.509
480000,8,4,fir,copy-blockstrided,5.097
480000,8,4,fir,manual-blockstrided,2.896
480000,8,4,fir,iterator-blockstrided-dynamic,2.98
480000,8,4,fir,iterator-blockstrided-static,2.743
640000,2,0,fir,linear,2.233
640000,2,0,fir,copy-strided,6.462
640000,2,0,fir,manual-strided,3.435
640000,2,0,fir,iterator-strided-dynamic,3.501
640000,2,0,fir,iterator-strided-static,3.324
640000,4,0,fir,linear,1.128
640000,4,0,fir,copy-strided,4.544
640000,4,0,fir,manual-strided,3.448
640000,4,0,fir,iterator-strided-dynamic,3.246
640000,4,0,fir,iterator-strided-static,3.451
640000,4,2,fir,linear,1.833
640000,4,2,fir,copy-blockstrided,6.524
640000,4,2,fir,manual-blockstrided,3.783
640000,4,2,fir,iterator-blockstrided-dynamic,3.872
640000,4,2,fir,iterator-blockstrided-static,3.484
640000,8,0,fir,linear,0.6
640000,8,0,fir,copy-strided,3.914
640000,8,0,fir,manual-strided,3.489
640000,8,0,fir,iterator-strided-dynamic,3.299
640000,8,0,fir,iterator-strided-static,3.488
640000,8,4,fir,linear,1.813
640000,8,4,fir,copy-blockstrided,6.581
640000,8,4,fir,manual-blockstrided,3.735
640000,8,4,fir,iterator-blockstrided-dynamic,3.83
640000,8,4,fir,iterator-blockstrided-static,3.428
800000,2,0,fir,linear,2.415
800000,2,0,fir,copy-strided,8.04
800000,2,0,fir,manual-strided,4.25
800000,2,0,fir,iterator-strided-dynamic,4.316
800000,2,0,fir,iterator-strided-static,4.229
800000,4,0,fir,linear,1.339
800000,4,0,fir,copy-strided,5.8
800000,4,0,fir,manual-strided,4.258
800000,4,0,fir,iterator-strided-dynamic,4.244
800000,4,0,fir,iterator-strided-static,4.149
800000,4,2,fir,linear,2.421
800000,4,2,fir,copy-blockstrided,8.46
800000,4,2,fir,manual-blockstrided,4.771
800000,4,2,fir,iterator-blockstrided-dynamic,4.773
800000,4,2,fir,iterator-blockstrided-static,4.386
800000,8,0,fir,linear,0.726
800000,8,0,fir,copy-strided,4.843
800000,8,0,fir,manual-strided,4.276
800000,8,0,fir,iterator-strided-dynamic,4.209
800000,8,0,fir,iterator-strided-static,4.252
800000,8,4,fir,linear,2.397
800000,8,4,fir,copy-blockstrided,8.196
800000,8,4,fir,manual-blockstrided,4.617
800000,8,4,fir,iterator-blockstrided-dynamic,4.719
800000,8,4,fir,iterator-blockstrided-static,4.374
960000,2,0,fir,linear,2.845
960000,2,0,fir,copy-strided,9.678
960000,2,0,fir,manual-strided,5.105
960000,2,0,fir,iterator-strided-dynamic,5.147
960000,2,0,fir,iterator-strided-static,5.137
960000,4,0,fir,linear,1.61
960000,4,0,fir,copy-strided,7.276
960000,4,0,fir,manual-strided,4.991
960000,4,0,fir,iterator-strided-dynamic,5.029
960000,4,0,fir,iterator-strided-static,5.062
960000,4,2,fir,linear,2.824
960000,4,2,fir,copy-blockstrided,9.799
960000,4,2,fir,manual-blockstrided,5.657
960000,4,2,fir,iterator-blockstrided-dynamic,5.746
960000,4,2,fir,iterator-blockstrided-static,5.389
960000,8,0,fir,linear,0.873
960000,8,0,fir,copy-strided,6.022
960000,8,0,fir,manual-strided,5.02
960000,8,0,fir,iterator-strided-dynamic,5.073
960000,8,0,fir,iterator-strided-static,5.091
960000,8,4,fir,linear,3.064
960000,8,4,fir,copy-blockstrided,9.816
960000,8,4,fir,manual-blockstrided,5.659
960000,8,4,fir,iterator-blockstrided-dynamic,5.611
960000,8,4,fir,iterator-blockstrided-static,5.315
1120000,2,0,fir,linear,3.267
1120000,2,0,fir,copy-strided,11.28
1120000,2,0,fir,manual-strided,6.026
1120000,2,0,fir,iterator-strided-dynamic,6.007
1120000,2,0,fir,iterator-strided-static,5.988
1120000,4,0,fir,linear,1.815
1120000,4,0,fir,copy-strided,8.589
1120000,4,0,fir,manual-strided,5.908
1120000,4,0,fir,iterator-strided-dynamic,5.903
1120000,4,0,fir,iterator-strided-static,5.391
1120000,4,2,fir,linear,3.468
1120000,4,2,fir,copy-blockstrided,11.456
1120000,4,2,fir,manual-blockstrided,6.618
1120000,4,2,fir,iterator-blockstrided-dynamic,6.61
1120000,4,2,fir,iterator-blockstrided-static,6.206
1120000,8,0,fir,linear,1.009
1120000,8,0,fir,copy-strided,7.01
1120000,8,0,fir,manual-strided,5.946
1120000,8,0,fir,iterator-strided-dynamic,5.917
1120000,8,0,fir,iterator-strided-static,5.96
1120000,8,4,fir,linear,3.518
1120000,8,4,fir,copy-blockstrided,11.555
1120000,8,4,fir,manual-blockstrided,6.628
1120000,8,4,fir,iterator-blockstrided-dynamic,6.59
1120000,8,4,fir,iterator-blockstrided-static,6.187
1280000,2,0,fir,linear,3.802
1280000,2,0,fir,copy-strided,12.734
1280000,2,0,fir,manual-strided,6.76
1280000,2,0,fir,iterator-strided-dynamic,6.843
1280000,2,0,fir,iterator-strided-static,6.789
1280000,4,0,fir,linear,2.336
1280000,4,0,fir,copy-strided,9.715
1280000,4,0,fir,manual-strided,6.601
1280000,4,0,fir,iterator-strided-dynamic,6.678
1280000,4,0,fir,iterator-strided-static,6.672
1280000,4,2,fir,linear,3.803
1280000,4,2,fir,copy-blockstrided,13.163
1280000,4,2,fir,manual-blockstrided,7.591
1280000,4,2,fir,iterator-blockstrided-dynamic,7.581
1280000,4,2,fir,iterator-blockstrided-static,6.975
1280000,8,0,fir,linear,1.248
1280000,8,0,fir,copy-strided,8.152
1280000,8,0,fir,manual-strided,6.686
1280000,8,0,fir,iterator-strided-dynamic,6.692
1280000,8,0,fir,iterator-strided-static,6.703
1280000,8,4,fir,linear,3.769
1280000,8,4,fir,copy-blockstrided,13.154
1280000,8,4,fir,manual-blockstrided,7.545
1280000,8,4,fir,iterator-blockstrided-dynamic,7.504
1280000,8,4,fir,iterator-blockstrided-static,6.953
1440000,2,0,fir,linear,3.712
1440000,2,0,fir,copy-strided,14.022
1440000,2,0,fir,manual-strided,7.034
1440000,2,0,fir,iterator-strided-dynamic,7.038
1440000,2,0,fir,iterator-strided-static,7.051
1440000,4,0,fir,linear,1.986
1440000,4,0,fir,copy-strided,10.627
1440000,4,0,fir,manual-strided,6.853
1440000,4,0,fir,iterator-strided-dynamic,6.83
1440000,4,0,fir,iterator-strided-static,6.835
1440000,4,2,fir,linear,3.725
1440000,4,2,fir,copy-blockstrided,14.281
1440000,4,2,fir,manual-blockstrided,7.873
1440000,4,2,fir,iterator-blockstrided-dynamic,7.862
1440000,4,2,fir,iterator-blockstrided-static,7.276
1440000,8,0,fir,linear,1.066
1440000,8,0,fir,copy-strided,8.737
1440000,8,0,fir,manual-strided,6.911
1440000,8,0,fir,iterator-strided-dynamic,6.902
1440000,8,0,fir,iterator-strided-static,6.903
1440000,8,4,fir,linear,3.769
1440000,8,4,fir,copy-blockstrided,14.31
1440000,8,4,fir,manual-blockstrided,7.821
1440000,8,4,fir,iterator-blockstrided-dynamic,7.814
1440000,8,4,fir,iterator-blockstrided-static,7.275
1600000,2,0,fir,linear,4.173
1600000,2,0,fir,copy-strided,15.726
1600000,2,0,fir,manual-strided,7.897
1600000,2,0,fir,iterator-strided-dynamic,7.882
1600000,2,0,fir,iterator-strided-static,7.907
1600000,4,0,fir,linear,2.2
1600000,4,0,fir,copy-strided,11.909
1600000,4,0,fir,manual-strided,7.685
1600000,4,0,fir,iterator-strided-dynamic,7.724
1600000,4,0,fir,iterator-strided-static,7.712
1600000,4,2,fir,linear,4.195
1600000,4,2,fir,copy-blockstrided,15.948
1600000,4,2,fir,manual-blockstrided,8.822
1600000,4,2,fir,iterator-blockstrided-dynamic,8.85
1600000,4,2,fir,iterator-blockstrided-static,8.231
1600000,8,0,fir,linear,1.205
1600000,8,0,fir,copy-strided,10.006
1600000,8,0,fir,manual-strided,7.74
1600000,8,0,fir,iterator-strided-dynamic,7.729
1600000,8,0,fir,iterator-strided-static,7.747
1600000,8,4,fir,linear,4.253
1600000,8,4,fir,copy-blockstrided,16.005
1600000,8,4,fir,manual-blockstrided,8.784
1600000,8,4,fir,iterator-blockstrided-dynamic,8.818
1600000,8,4,fir,iterator-blockstrided-static,8.253
160000,2,0,fir,linear,0.276
160000,2,0,fir,copy-strided,0.735
160000,2,0,fir,manual-strided,0.485
160000,2,0,fir,iterator-strided-dynamic,0.429
160000,2,0,fir,iterator-strided-static,0.452
160000,4,0,fir,linear,0.121
160000,4,0,fir,copy-strided,0.702
160000,4,0,fir,manual-strided,0.512
160000,4,0,fir,iterator-strided-dynamic,0.414
160000,4,0,fir,iterator-strided-static,0.402
160000,4,2,fir,linear,0.256
160000,4,2,fir,copy-blockstrided,0.997
160000,4,2,fir,manual-blockstrided,0.758
160000,4,2,fir,iterator-blockstrided-dynamic,0.76
160000,4,2,fir,iterator-blockstrided-static,0.519
160000,8,0,fir,linear,0.065
160000,8,0,fir,copy-strided,0.553
160000,8,0,fir,manual-strided,0.521
160000,8,0,fir,iterator-strided-dynamic,0.408
160000,8,0,fir,iterator-strided-static,0.721
160000,8,4,fir,linear,0.242
160000,8,4,fir,copy-blockstrided,0.999
160000,8,4,fir,manual-blockstrided,0.736
160000,8,4,fir,iterator-blockstrided-dynamic,0.728
160000,8,4,fir,iterator-blockstrided-static,0.527
320000,2,0,fir,linear,0.805
320000,2,0,fir,copy-strided,2.584
320000,2,0,fir,manual-strided,1.622
320000,2,0,fir,iterator-strided-dynamic,1.96
320000,2,0,fir,iterator-strided-static,1.663
320000,4,0,fir,linear,0.405
320000,4,0,fir,copy-strided,1.721
320000,4,0,fir,manual-strided,1.563
320000,4,0,fir,iterator-strided-dynamic,1.666
320000,4,0,fir,iterator-strided-static,1.62
320000,4,2,fir,linear,0.837
320000,4,2,fir,copy-blockstrided,2.827
320000,4,2,fir,manual-blockstrided,2.092
320000,4,2,fir,iterator-blockstrided-dynamic,1.855
320000,4,2,fir,iterator-blockstrided-static,1.686
320000,8,0,fir,linear,0.201
320000,8,0,fir,copy-strided,1.505
320000,8,0,fir,manual-strided,1.678
320000,8,0,fir,iterator-strided-dynamic,1.629
320000,8,0,fir,iterator-strided-static,1.588
320000,8,4,fir,linear,0.829
320000,8,4,fir,copy-blockstrided,2.824
320000,8,4,fir,manual-blockstrided,1.79
320000,8,4,fir,iterator-blockstrided-dynamic,1.829
320000,8,4,fir,iterator-blockstrided-static,1.721
480000,2,0,fir,linear,1.477
480000,2,0,fir,copy-strided,4.952
480000,2,0,fir,manual-strided,2.672
480000,2,0,fir,iterator-strided-dynamic,2.669
480000,2,0,fir,iterator-strided-static,2.651
480000,4,0,fir,linear,0.81
480000,4,0,fir,copy-strided,3.131
480000,4,0,fir,manual-strided,2.639
480000,4,0,fir,iterator-strided-dynamic,2.655
480000,4,0,fir,iterator-strided-static,2.596
480000,4,2,fir,linear,1.57
480000,4,2,fir,copy-blockstrided,4.773
480000,4,2,fir,manual-blockstrided,3.135
480000,4,2,fir,iterator-blockstrided-dynamic,2.933
480000,4,2,fir,iterator-blockstrided-static,2.894
480000,8,0,fir,linear,0.401
480000,8,0,fir,copy-strided,3.335
480000,8,0,fir,manual-strided,2.466
480000,8,0,fir,iterator-strided-dynamic,2.635
480000,8,0,fir,iterator-strided-static,2.539
480000,8,4,fir,linear,1.531
480000,8,4,fir,copy-blockstrided,5.111
480000,8,4,fir,manual-blockstrided,2.9
480000,8,4,fir,iterator-blockstrided-dynamic,2.957
480000,8,4,fir,iterator-blockstrided-static,2.749
640000,2,0,fir,linear,2.207
640000,2,0,fir,copy-strided,6.493
640000,2,0,fir,manual-strided,3.425
640000,2,0,fir,iterator-strided-dynamic,3.509
640000,2,0,fir,iterator-strided-static,3.292
640000,4,0,fir,linear,1.116
640000,4,0,fir,copy-strided,4.492
640000,4,0,fir,manual-strided,3.448
640000,4,0,fir,iterator-strided-dynamic,3.25
640000,4,0,fir,iterator-strided-static,3.466
640000,4,2,fir,linear,1.821
640000,4,2,fir,copy-blockstrided,6.559
640000,4,2,fir,manual-blockstrided,3.782
640000,4,2,fir,iterator-blockstrided-dynamic,3.838
640000,4,2,fir,iterator-blockstrided-static,3.428
640000,8,0,fir,linear,0.598
640000,8,0,fir,copy-strided,3.945
640000,8,0,fir,manual-strided,3.495
640000,8,0,fir,iterator-strided-dynamic,3.267
640000,8,0,fir,iterator-strided-static,3.515
640000,8,4,fir,linear,1.832
640000,8,4,fir,copy-blockstrided,6.561
640000,8,4,fir,manual-blockstrided,3.731
640000,8,4,fir,iterator-blockstrided-dynamic,3.864
640000,8,4,fir,iterator-blockstrided-static,3.42
800000,2,0,fir,linear,2.407
800000,2,0,fir,copy-strided,8.006
800000,2,0,fir,manual-strided,4.252
800000,2,0,fir,iterator-strided-dynamic,4.352
800000,2,0,fir,iterator-strided-static,4.23
800000,4,0,fir,linear,1.35
800000,4,0,fir,copy-strided,5.805
800000,4,0,fir,manual-strided,4.265
800000,4,0,fir,iterator-strided-dynamic,4.247
800000,4,0,fir,iterator-strided-static,4.172
800000,4,2,fir,linear,2.426
800000,4,2,fir,copy-blockstrided,8.474
800000,4,2,fir,manual-blockstrided,4.765
800000,4,2,fir,iterator-blockstrided-dynamic,4.802
800000,4,2,fir,iterator-blockstrided-static,4.404
800000,8,0,fir,linear,0.72
800000,8,0,fir,copy-strided,4.852
800000,8,0,fir,manual-strided,4.274
800000,8,0,fir,iterator-strided-dynamic,4.256
800000,8,0,fir,iterator-strided-static,4.259
800000,8,4,fir,linear,2.374
800000,8,4,fir,copy-blockstrided,8.204
800000,8,4,fir,manual-blockstrided,4.644
800000,8,4,fir,iterator-blockstrided-dynamic,4.732
800000,8,4,fir,iterator-blockstrided-static,4.385
960000,2,0,fir,linear,2.843
960000,2,0,fir,copy-strided,9.742
960000,2,0,fir,manual-strided,5.137
960000,2,0,fir,iterator-strided-dynamic,5.154
960000,2,0,fir,iterator-strided-static,5.146
960000,4,0,fir,linear,1.597
960000,4,0,fir,copy-strided,7.225
960000,4,0,fir,manual-strided,4.969
960000,4,0,fir,iterator-strided-dynamic,5.025
960000,4,0,fir,iterator-strided-static,5.059
960000,4,2,fir,linear,2.83
960000,4,2,fir,copy-blockstrided,9.77
960000,4,2,fir,manual-blockstrided,5.635
960000,4,2,fir,iterator-blockstrided-dynamic,5.676
960000,4,2,fir,iterator-blockstrided-static,5.286
960000,8,0,fir,linear,0.887
960000,8,0,fir,copy-strided,5.979
960000,8,0,fir,manual-strided,5.023
960000,8,0,fir,iterator-strided-dynamic,5.069
960000,8,0,fir,iterator-strided-static,5.05
960000,8,4,fir,linear,2.82
960000,8,4,fir,copy-blockstrided,9.816
960000,8,4,fir,manual-blockstrided,5.59
960000,8,4,fir,iterator-blockstrided-dynamic,5.59
960000,8,4,fir,iterator-blockstrided-static,5.295
1120000,2,0,fir,linear,3.296
1120000,2,0,fir,copy-strided,11.265
1120000,2,0,fir,manual-strided,6.004
1120000,2,0,fir,iterator-strided-dynamic,10.66
1120000,2,0,fir,iterator-strided-static,6.008
1120000,4,0,fir,linear,1.791
1120000,4,0,fir,copy-strided,8.59
1120000,4,0,fir,manual-strided,5.937
1120000,4,0,fir,iterator-strided-dynamic,5.882
1120000,4,0,fir,iterator-strided-static,5.882
1120000,4,2,fir,linear,3.472
1120000,4,2,fir,copy-blockstrided,11.425
1120000,4,2,fir,manual-blockstrided,6.627
1120000,4,2,fir,iterator-blockstrided-dynamic,6.668
1120000,4,2,fir,iterator-blockstrided-static,6.182
1120000,8,0,fir,linear,1.029
1120000,8,0,fir,copy-strided,6.99
1120000,8,0,fir,manual-strided,5.923
1120000,8,0,fir,iterator-strided-dynamic,5.894
1120000,8,0,fir,iterator-strided-static,5.948
1120000,8,4,fir,linear,3.501
1120000,8,4,fir,copy-blockstrided,11.476
1120000,8,4,fir,manual-blockstrided,6.597
1120000,8,4,fir,iterator-blockstrided-dynamic,6.566
1120000,8,4,fir,iterator-blockstrided-static,6.173
1280000,2,0,fir,linear,3.814
1280000,2,0,fir,copy-strided,12.838
1280000,2,0,fir,manual-strided,6.776
1280000,2,0,fir,iterator-strided-dynamic,6.774
1280000,2,0,fir,iterator-strided-static,6.768
1280000,4,0,fir,linear,2.306
1280000,4,0,fir,copy-strided,9.732
1280000,4,0,fir,manual-strided,6.7
1280000,4,0,fir,iterator-strided-dynamic,6.679
1280000,4,0,fir,iterator-strided-static,6.882
1280000,4,2,fir,linear,3.778
1280000,4,2,fir,copy-blockstrided,13.163
1280000,4,2,fir,manual-blockstrided,7.693
1280000,4,2,fir,iterator-blockstrided-dynamic,7.603
1280000,4,2,fir,iterator-blockstrided-static,6.965
1280000,8,0,fir,linear,1.226
1280000,8,0,fir,copy-strided,8.141
1280000,8,0,fir,manual-strided,6.798
1280000,8,0,fir,iterator-strided-dynamic,6.68
1280000,8,0,fir,iterator-strided-static,6.694
1280000,8,4,fir,linear,3.769
1280000,8,4,fir,copy-blockstrided,13.139
1280000,8,4,fir,manual-blockstrided,7.538
1280000,8,4,fir,iterator-blockstrided-dynamic,7.516
1280000,8,4,fir,iterator-blockstrided-static,6.944
1440000,2,0,fir,linear,3.718
1440000,2,0,fir,copy-strided,14.003
1440000,2,0,fir,manual-strided,7.05
1440000,2,0,fir,iterator-strided-dynamic,7.031
1440000,2,0,fir,iterator-strided-static,7.052
1440000,4,0,fir,linear,1.95
1440000,4,0,fir,copy-strided,10.622
1440000,4,0,fir,manual-strided,6.874
1440000,4,0,fir,iterator-strided-dynamic,6.852
1440000,4,0,fir,iterator-strided-static,6.828
1440000,4,2,fir,linear,3.717
1440000,4,2,fir,copy-blockstrided,14.273
1440000,4,2,fir,manual-blockstrided,7.857
1440000,4,2,fir,iterator-blockstrided-dynamic,7.881
1440000,4,2,fir,iterator-blockstrided-static,7.273
1440000,8,0,fir,linear,1.069
1440000,8,0,fir,copy-strided,8.728
1440000,8,0,fir,manual-strided,6.899
1440000,8,0,fir,iterator-strided-dynamic,6.902
1440000,8,0,fir,iterator-strided-static,6.897
1440000,8,4,fir,linear,3.711
1440000,8,4,fir,copy-blockstrided,14.327
1440000,8,4,fir,manual-blockstrided,7.927
1440000,8,4,fir,iterator-blockstrided-dynamic,7.829
1440000,8,4,fir,iterator-blockstrided-static,7.292
1600000,2,0,fir,linear,4.168
1600000,2,0,fir,copy-strided,15.666
1600000,2,0,fir,manual-strided,7.927
1600000,2,0,fir,iterator-strided-dynamic,7.905
1600000,2,0,fir,iterator-strided-static,7.84
1600000,4,0,fir,linear,2.206
1600000,4,0,fir,copy-strided,11.88
1600000,4,0,fir,manual-strided,7.701
1600000,4,0,fir,iterator-strided-dynamic,7.702
1600000,4,0,fir,iterator-strided-static,7.73
1600000,4,2,fir,linear,4.2
1600000,4,2,fir,copy-blockstrided,15.927
1600000,4,2,fir,manual-blockstrided,8.845
1600000,4,2,fir,iterator-blockstrided-dynamic,8.88
1600000,4,2,fir,iterator-blockstrided-static,8.209
1600000,8,0,fir,linear,1.195
1600000,8,0,fir,copy-strided,9.907
1600000,8,0,fir,manual-strided,7.727
1600000,8,0,fir,iterator-strided-dynamic,7.772
1600000,8,0,fir,iterator-strided-static,7.749
1600000,8,4,fir,linear,4.247
1600000,8,4,fir,copy-blockstrided,16.005
1600000,8,4,fir,manual-blockstrided,8.812
1600000,8,4,fir,iterator-blockstrided-dynamic,8.8
1600000,8,4,fir,iterator-blockstrided-static,8.249
160000,2,0,fir,linear,0.258
160000,2,0,fir,copy-strided,0.782
160000,2,0,fir,manual-strided,0.49
160000,2,0,fir,iterator-strided-dynamic,0.444
160000,2,0,fir,iterator-strided-static,0.421
160000,4,0,fir,linear,0.13
160000,4,0,fir,copy-strided,0.728
160000,4,0,fir,manual-strided,0.526
160000,4,0,fir,iterator-strided-dynamic,0.417
160000,4,0,fir,iterator-strided-static,0.424
160000,4,2,fir,linear,0.261
160000,4,2,fir,copy-blockstrided,0.998
160000,4,2,fir,manual-blockstrided,0.754
160000,4,2,fir,iterator-blockstrided-dynamic,0.757
160000,4,2,fir,iterator-blockstrided-static,0.511
160000,8,0,fir,linear,0.063
160000,8,0,fir,copy-strided,0.578
160000,8,0,fir,manual-strided,0.523
160000,8,0,fir,iterator-strided-dynamic,0.405
160000,8,0,fir,iterator-strided-static,0.738
160000,8,4,fir,linear,0.239
160000,8,4,fir,copy-blockstrided,1.003
160000,8,4,fir,manual-blockstrided,0.74
160000,8,4,fir,iterator-blockstrided-dynamic,0.728
160000,8,4,fir,iterator-blockstrided-static,0.527
320000,2,0,fir,linear,0.826
320000,2,0,fir,copy-strided,2.577
320000,2,0,fir,manual-strided,1.671
320000,2,0,fir,iterator-strided-dynamic,1.959
320000,2,0,fir,iterator-strided-static,1.649
320000,4,0,fir,linear,0.41
320000,4,0,fir,copy-strided,1.758
320000,4,0,fir,manual-strided,1.564
320000,4,0,fir,iterator-strided-dynamic,1.663
320000,4,0,fir,iterator-strided-static,1.619
320000,4,2,fir,linear,0.84
320000,4,2,fir,copy-blockstrided,2.823
320000,4,2,fir,manual-blockstrided,2.104
320000,4,2,fir,iterator-blockstrided-dynamic,1.863
320000,4,2,fir,iterator-blockstrided-static,1.682
320000,8,0,fir,linear,0.202
320000,8,0,fir,copy-strided,1.456
320000,8,0,fir,manual-strided,1.673
320000,8,0,fir,iterator-strided-dynamic,1.64
320000,8,0,fir,iterator-strided-static,1.589
320000,8,4,fir,linear,0.828
320000,8,4,fir,copy-blockstrided,2.81
320000,8,4,fir,manual-blockstrided,1.799
320000,8,4,fir,iterator-blockstrided-dynamic,1.833
320000,8,4,fir,iterator-blockstrided-static,1.71
480000,2,0,fir,linear,1.478
480000,2,0,fir,copy-strided,4.963
480000,2,0,fir,manual-strided,2.655
480000,2,0,fir,iterator-strided-dynamic,2.665
480000,2,0,fir,iterator-strided-static,2.649
480000,4,0,fir,linear,0.806
480000,4,0,fir,copy-strided,3.136
480000,4,0,fir,manual-strided,2.645
480000,4,0,fir,iterator-strided-dynamic,2.658
480000,4,0,fir,iterator-strided-static,2.598
480000,4,2,fir,linear,1.543
480000,4,2,fir,copy-blockstrided,4.787
480000,4,2,fir,manual-blockstrided,3.129
480000,4,2,fir,iterator-blockstrided-dynamic,2.942
480000,4,2,fir,iterator-blockstrided-static,2.986
480000,8,0,fir,linear,0.411
480000,8,0,fir,copy-strided,2.663
480000,8,0,fir,manual-strided,2.529
480000,8,0,fir,iterator-strided-dynamic,2.628
480000,8,0,fir,iterator-strided-static,2.678
480000,8,4,fir,linear,1.514
480000,8,4,fir,copy-blockstrided,5.11
480000,8,4,fir,manual-blockstrided,2.893
480000,8,4,fir,iterator-blockstrided-dynamic,2.963
480000,8,4,fir,iterator-blockstrided-static,2.752
640000,2,0,fir,linear,2.238
640000,2,0,fir,copy-strided,6.458
640000,2,0,fir,manual-strided,3.437
640000,2,0,fir,iterator-strided-dynamic,3.526
640000,2,0,fir,iterator-strided-static,3.33
640000,4,0,fir,linear,1.112
640000,4,0,fir,copy-strided,4.524
640000,4,0,fir,manual-strided,3.487
640000,4,0,fir,iterator-strided-dynamic,3.231
640000,4,0,fir,iterator-strided-static,3.5
640000,4,2,fir,linear,1.822
640000,4,2,fir,copy-blockstrided,6.558
640000,4,2,fir,manual-blockstrided,3.775
640000,4,2,fir,iterator-blockstrided-dynamic,3.889
640000,4,2,fir,iterator-blockstrided-static,3.426
640000,8,0,fir,linear,0.596
640000,8,0,fir,copy-strided,3.917
640000,8,0,fir,manual-strided,3.509
640000,8,0,fir,iterator-strided-dynamic,3.292
640000,8,0,fir,iterator-strided-static,3.49
640000,8,4,fir,linear,1.823
640000,8,4,fir,copy-blockstrided,6.597
640000,8,4,fir,manual-blockstrided,3.74
640000,8,4,fir,iterator-blockstrided-dynamic,3.835
640000,8,4,fir,iterator-blockstrided-static,3.424
800000,2,0,fir,linear,2.492
800000,2,0,fir,copy-strided,8.003
800000,2,0,fir,manual-strided,4.24
800000,2,0,fir,iterator-strided-dynamic,4.303
800000,2,0,fir,iterator-strided-static,4.233
800000,4,0,fir,linear,1.363
800000,4,0,fir,copy-strided,5.823
800000,4,0,fir,manual-strided,4.25
800000,4,0,fir,iterator-strided-dynamic,4.216
800000,4,0,fir,iterator-strided-static,4.156
800000,4,2,fir,linear,2.473
800000,4,2,fir,copy-blockstrided,8.432
800000,4,2,fir,manual-blockstrided,4.768
800000,4,2,fir,iterator-blockstrided-dynamic,4.79
800000,4,2,fir,iterator-blockstrided-static,4.414
800000,8,0,fir,linear,0.724
800000,8,0,fir,copy-strided,4.839
800000,8,0,fir,manual-strided,4.27
800000,8,0,fir,iterator-strided-dynamic,4.192
800000,8,0,fir,iterator-strided-static,4.249
800000,8,4,fir,linear,2.384
800000,8,4,fir,copy-blockstrided,8.195
800000,8,4,fir,manual-blockstrided,4.632
800000,8,4,fir,iterator-blockstrided-dynamic,4.765
800000,8,4,fir,iterator-blockstrided-static,4.388
960000,2,0,fir,linear,2.857
960000,2,0,fir,copy-strided,9.735
960000,2,0,fir,manual-strided,5.124
960000,2,0,fir,iterator-strided-dynamic,5.172
960000,2,0,fir,iterator-strided-static,5.153
960000,4,0,fir,linear,1.639
960000,4,0,fir,copy-strided,7.252
960000,4,0,fir,manual-strided,4.966
960000,4,0,fir,iterator-strided-dynamic,5.037
960000,4,0,fir,iterator-strided-static,5.052
960000,4,2,fir,linear,2.851
960000,4,2,fir,copy-blockstrided,9.748
960000,4,2,fir,manual-blockstrided,5.628
960000,4,2,fir,iterator-blockstrided-dynamic,5.718
960000,4,2,fir,iterator-blockstrided-static,5.296
960000,8,0,fir,linear,0.869
960000,8,0,fir,copy-strided,5.968
960000,8,0,fir,manual-strided,5.02
960000,8,0,fir,iterator-strided-dynamic,5.052
960000,8,0,fir,iterator-strided-static,5.065
960000,8,4,fir,linear,2.847
960000,8,4,fir,copy-blockstrided,9.78
960000,8,4,fir,manual-blockstrided,5.597
960000,8,4,fir,iterator-blockstrided-dynamic,10.437
960000,8,4,fir,iterator-blockstrided-static,5.464
1120000,2,0,fir,linear,3.253
1120000,2,0,fir,copy-strided,11.327
1120000,2,0,fir,manual-strided,6.017
1120000,2,0,fir,iterator-strided-dynamic,5.984
1120000,2,0,fir,iterator-strided-static,5.978
1120000,4,0,fir,linear,1.789
1120000,4,0,fir,copy-strided,8.613
1120000,4,0,fir,manual-strided,5.901
1120000,4,0,fir,iterator-strided-dynamic,5.909
1120000,4,0,fir,iterator-strided-static,5.871
1120000,4,2,fir,linear,3.476
1120000,4,2,fir,copy-blockstrided,11.457
1120000,4,2,fir,manual-blockstrided,6.621
1120000,4,2,fir,iterator-blockstrided-dynamic,6.641
1120000,4,2,fir,iterator-blockstrided-static,6.233
1120000,8,0,fir,linear,1.006
1120000,8,0,fir,copy-strided,7.014
1120000,8,0,fir,manual-strided,5.942
1120000,8,0,fir,iterator-strided-dynamic,5.889
1120000,8,0,fir,iterator-strided-static,5.939
1120000,8,4,fir,linear,3.475
1120000,8,4,fir,copy-blockstrided,11.498
1120000,8,4,fir,manual-blockstrided,6.614
1120000,8,4,fir,iterator-blockstrided-dynamic,6.59
1120000,8,4,fir,iterator-blockstrided-static,6.164
1280000,2,0,fir,linear,3.812
1280000,2,0,fir,copy-strided,12.878
1280000,2,0,fir,manual-strided,6.78
1280000,2,0,fir,iterator-strided-dynamic,6.751
1280000,2,0,fir,iterator-strided-static,6.745
1280000,4,0,fir,linear,2.318
1280000,4,0,fir,copy-strided,9.763
1280000,4,0,fir,manual-strided,6.676
1280000,4,0,fir,iterator-strided-dynamic,6.708
1280000,4,0,fir,iterator-strided-static,6.706
1280000,4,2,fir,linear,3.779
1280000,4,2,fir,copy-blockstrided,13.141
1280000,4,2,fir,manual-blockstrided,7.604
1280000,4,2,fir,iterator-blockstrided-dynamic,7.618
1280000,4,2,fir,iterator-blockstrided-static,6.977
1280000,8,0,fir,linear,1.23
1280000,8,0,fir,copy-strided,8.119
1280000,8,0,fir,manual-strided,6.694
1280000,8,0,fir,iterator-strided-dynamic,6.696
1280000,8,0,fir,iterator-strided-static,6.706
1280000,8,4,fir,linear,3.778
1280000,8,4,fir,copy-blockstrided,13.123
1280000,8,4,fir,manual-blockstrided,7.52
1280000,8,4,fir,iterator-blockstrided-dynamic,7.531
1280000,8,4,fir,iterator-blockstrided-static,6.945
1440000,2,0,fir,linear,3.699
1440000,2,0,fir,copy-strided,14.047
1440000,2,0,fir,manual-strided,6.997
1440000,2,0,fir,iterator-strided-dynamic,7.064
1440000,2,0,fir,iterator-strided-static,7.052
1440000,4,0,fir,linear,1.948
1440000,4,0,fir,copy-strided,10.59
1440000,4,0,fir,manual-strided,6.876
1440000,4,0,fir,iterator-strided-dynamic,6.879
1440000,4,0,fir,iterator-strided-static,6.875
1440000,4,2,fir,linear,3.699
1440000,4,2,fir,copy-blockstrided,14.319
1440000,4,2,fir,manual-blockstrided,7.868
1440000,4,2,fir,iterator-blockstrided-dynamic,7.887
1440000,4,2,fir,iterator-blockstrided-static,7.299
1440000,8,0,fir,linear,1.071
1440000,8,0,fir,copy-strided,8.757
1440000,8,0,fir,manual-strided,6.918
1440000,8,0,fir,iterator-strided-dynamic,6.896
1440000,8,0,fir,iterator-strided-static,6.909
1440000,8,4,fir,linear,3.727
1440000,8,4,fir,copy-blockstrided,14.284
1440000,8,4,fir,manual-blockstrided,7.878
1440000,8,4,fir,iterator-blockstrided-dynamic,7.857
1440000,8,4,fir,iterator-blockstrided-static,7.355
1600000,2,0,fir,linear,4.178
1600000,2,0,fir,copy-strided,15.677
1600000,2,0,fir,manual-strided,7.875
1600000,2,0,fir,iterator-strided-dynamic,7.897
1600000,2,0,fir,iterator-strided-static,7.899
1600000,4,0,fir,linear,2.201
1600000,4,0,fir,copy-strided,11.871
1600000,4,0,fir,manual-strided,7.679
1600000,4,0,fir,iterator-strided-dynamic,7.681
1600000,4,0,fir,iterator-strided-static,7.713
1600000,4,2,fir,linear,4.246
1600000,4,2,fir,copy-blockstrided,15.99
1600000,4,2,fir,manual-blockstrided,8.839
1600000,4,2,fir,iterator-blockstrided-dynamic,8.856
1600000,4,2,fir,iterator-blockstrided-static,8.293
1600000,8,0,fir,linear,1.178
1600000,8,0,fir,copy-strided,9.973
1600000,8,0,fir,manual-strided,7.737
1600000,8,0,fir,iterator-strided-dynamic,7.741
1600000,8,0,fir,iterator-strided-static,7.747
1600000,8,4,fir,linear,4.19
1600000,8,4,fir,copy-blockstrided,16.025
1600000,8,4,fir,manual-blockstrided,8.796
1600000,8,4,fir,iterator-blockstrided-dynamic,8.775
1600000,8,4,fir,iterator-blockstrided-static,8.268
