160000,2,0,fir,linear,0.435
160000,2,0,fir,copy-strided,1.332
160000,2,0,fir,manual-strided,0.688
160000,2,0,fir,iterator-strided-dynamic,0.46
160000,2,0,fir,iterator-strided-static,0.648
160000,4,0,fir,linear,0.15
160000,4,0,fir,copy-strided,0.655
160000,4,0,fir,manual-strided,0.486
160000,4,0,fir,iterator-strided-dynamic,0.44
160000,4,0,fir,iterator-strided-static,0.458
160000,4,2,fir,linear,0.231
160000,4,2,fir,copy-blockstrided,1.019
160000,4,2,fir,manual-blockstrided,0.767
160000,4,2,fir,iterator-blockstrided-dynamic,0.745
160000,4,2,fir,iterator-blockstrided-static,0.45
160000,8,0,fir,linear,0.075
160000,8,0,fir,copy-strided,0.505
160000,8,0,fir,manual-strided,0.502
160000,8,0,fir,iterator-strided-dynamic,0.488
160000,8,0,fir,iterator-strided-static,0.449
160000,8,4,fir,linear,0.235
160000,8,4,fir,copy-blockstrided,1.012
160000,8,4,fir,manual-blockstrided,0.709
160000,8,4,fir,iterator-blockstrided-dynamic,0.705
160000,8,4,fir,iterator-blockstrided-static,0.468
320000,2,0,fir,linear,0.833
320000,2,0,fir,copy-strided,3.013
320000,2,0,fir,manual-strided,1.973
320000,2,0,fir,iterator-strided-dynamic,1.707
320000,2,0,fir,iterator-strided-static,1.723
320000,4,0,fir,linear,0.402
320000,4,0,fir,copy-strided,1.74
320000,4,0,fir,manual-strided,1.629
320000,4,0,fir,iterator-strided-dynamic,1.653
320000,4,0,fir,iterator-strided-static,1.604
320000,4,2,fir,linear,0.879
320000,4,2,fir,copy-blockstrided,2.834
320000,4,2,fir,manual-blockstrided,1.787
320000,4,2,fir,iterator-blockstrided-dynamic,1.873
320000,4,2,fir,iterator-blockstrided-static,1.755
320000,8,0,fir,linear,0.187
320000,8,0,fir,copy-strided,1.488
320000,8,0,fir,manual-strided,1.702
320000,8,0,fir,iterator-strided-dynamic,1.584
320000,8,0,fir,iterator-strided-static,1.665
320000,8,4,fir,linear,0.882
320000,8,4,fir,copy-blockstrided,2.839
320000,8,4,fir,manual-blockstrided,1.767
320000,8,4,fir,iterator-blockstrided-dynamic,1.809
320000,8,4,fir,iterator-blockstrided-static,1.729
480000,2,0,fir,linear,1.498
480000,2,0,fir,copy-strided,5.284
480000,2,0,fir,manual-strided,3.048
480000,2,0,fir,iterator-strided-dynamic,2.681
480000,2,0,fir,iterator-strided-static,2.653
480000,4,0,fir,linear,0.805
480000,4,0,fir,copy-strided,3.174
480000,4,0,fir,manual-strided,2.635
480000,4,0,fir,iterator-strided-dynamic,2.671
480000,4,0,fir,iterator-strided-static,2.563
480000,4,2,fir,linear,1.489
480000,4,2,fir,copy-blockstrided,4.722
480000,4,2,fir,manual-blockstrided,2.925
480000,4,2,fir,iterator-blockstrided-dynamic,2.956
480000,4,2,fir,iterator-blockstrided-static,2.673
480000,8,0,fir,linear,0.383
480000,8,0,fir,copy-strided,2.611
480000,8,0,fir,manual-strided,2.637
480000,8,0,fir,iterator-strided-dynamic,2.673
480000,8,0,fir,iterator-strided-static,2.603
480000,8,4,fir,linear,1.516
480000,8,4,fir,copy-blockstrided,4.707
480000,8,4,fir,manual-blockstrided,2.915
480000,8,4,fir,iterator-blockstrided-dynamic,2.926
480000,8,4,fir,iterator-blockstrided-static,2.695
640000,2,0,fir,linear,2.179
640000,2,0,fir,copy-strided,6.876
640000,2,0,fir,manual-strided,3.833
640000,2,0,fir,iterator-strided-dynamic,3.532
640000,2,0,fir,iterator-strided-static,3.293
640000,4,0,fir,linear,1.119
640000,4,0,fir,copy-strided,4.818
640000,4,0,fir,manual-strided,3.47
640000,4,0,fir,iterator-strided-dynamic,3.247
640000,4,0,fir,iterator-strided-static,3.443
640000,4,2,fir,linear,1.77
640000,4,2,fir,copy-blockstrided,6.594
640000,4,2,fir,manual-blockstrided,3.814
640000,4,2,fir,iterator-blockstrided-dynamic,3.907
640000,4,2,fir,iterator-blockstrided-static,3.409
640000,8,0,fir,linear,0.594
640000,8,0,fir,copy-strided,3.94
640000,8,0,fir,manual-strided,3.517
640000,8,0,fir,iterator-strided-dynamic,3.242
640000,8,0,fir,iterator-strided-static,3.494
640000,8,4,fir,linear,1.799
640000,8,4,fir,copy-blockstrided,6.566
640000,8,4,fir,manual-blockstrided,3.79
640000,8,4,fir,iterator-blockstrided-dynamic,3.869
640000,8,4,fir,iterator-blockstrided-static,3.401
800000,2,0,fir,linear,2.352
800000,2,0,fir,copy-strided,8.492
800000,2,0,fir,manual-strided,4.641
800000,2,0,fir,iterator-strided-dynamic,4.283
800000,2,0,fir,iterator-strided-static,4.281
800000,4,0,fir,linear,1.341
800000,4,0,fir,copy-strided,5.81
800000,4,0,fir,manual-strided,4.252
800000,4,0,fir,iterator-strided-dynamic,4.23
800000,4,0,fir,iterator-strided-static,4.186
800000,4,2,fir,linear,2.344
800000,4,2,fir,copy-blockstrided,8.336
800000,4,2,fir,manual-blockstrided,4.797
800000,4,2,fir,iterator-blockstrided-dynamic,4.769
800000,4,2,fir,iterator-blockstrided-static,4.344
800000,8,0,fir,linear,0.719
800000,8,0,fir,copy-strided,4.844
800000,8,0,fir,manual-strided,4.261
800000,8,0,fir,iterator-strided-dynamic,4.279
800000,8,0,fir,iterator-strided-static,4.251
800000,8,4,fir,linear,2.357
800000,8,4,fir,copy-blockstrided,8.191
800000,8,4,fir,manual-blockstrided,4.681
800000,8,4,fir,iterator-blockstrided-dynamic,4.791
800000,8,4,fir,iterator-blockstrided-static,4.343
960000,2,0,fir,linear,2.85
960000,2,0,fir,copy-strided,10.176
960000,2,0,fir,manual-strided,5.443
960000,2,0,fir,iterator-strided-dynamic,5.093
960000,2,0,fir,iterator-strided-static,5.171
960000,4,0,fir,linear,1.603
960000,4,0,fir,copy-strided,7.288
960000,4,0,fir,manual-strided,4.935
960000,4,0,fir,iterator-strided-dynamic,5.055
960000,4,0,fir,iterator-strided-static,5.009
960000,4,2,fir,linear,2.771
960000,4,2,fir,copy-blockstrided,9.956
960000,4,2,fir,manual-blockstrided,5.758
960000,4,2,fir,iterator-blockstrided-dynamic,5.72
960000,4,2,fir,iterator-blockstrided-static,5.257
960000,8,0,fir,linear,0.884
960000,8,0,fir,copy-strided,5.956
960000,8,0,fir,manual-strided,4.987
960000,8,0,fir,iterator-strided-dynamic,5.102
960000,8,0,fir,iterator-strided-static,5.051
960000,8,4,fir,linear,2.821
960000,8,4,fir,copy-blockstrided,9.903
960000,8,4,fir,manual-blockstrided,5.598
960000,8,4,fir,iterator-blockstrided-dynamic,5.701
960000,8,4,fir,iterator-blockstrided-static,5.257
1120000,2,0,fir,linear,3.23
1120000,2,0,fir,copy-strided,11.7
1120000,2,0,fir,manual-strided,6.363
1120000,2,0,fir,iterator-strided-dynamic,6.043
1120000,2,0,fir,iterator-strided-static,6.018
1120000,4,0,fir,linear,1.821
1120000,4,0,fir,copy-strided,8.586
1120000,4,0,fir,manual-strided,5.9
1120000,4,0,fir,iterator-strided-dynamic,5.895
1120000,4,0,fir,iterator-strided-static,5.949
1120000,4,2,fir,linear,3.261
1120000,4,2,fir,copy-blockstrided,11.565
1120000,4,2,fir,manual-blockstrided,6.652
1120000,4,2,fir,iterator-blockstrided-dynamic,6.626
1120000,4,2,fir,iterator-blockstrided-static,6.102
1120000,8,0,fir,linear,1.005
1120000,8,0,fir,copy-strided,6.988
1120000,8,0,fir,manual-strided,5.943
1120000,8,0,fir,iterator-strided-dynamic,5.919
1120000,8,0,fir,iterator-strided-static,5.89
1120000,8,4,fir,linear,3.244
1120000,8,4,fir,copy-blockstrided,11.629
1120000,8,4,fir,manual-blockstrided,6.666
1120000,8,4,fir,iterator-blockstrided-dynamic,6.647
1120000,8,4,fir,iterator-blockstrided-static,6.095
1280000,2,0,fir,linear,3.728
1280000,2,0,fir,copy-strided,13.305
1280000,2,0,fir,manual-strided,7.12
1280000,2,0,fir,iterator-strided-dynamic,6.732
1280000,2,0,fir,iterator-strided-static,6.695
1280000,4,0,fir,linear,2.288
1280000,4,0,fir,copy-strided,9.78
1280000,4,0,fir,manual-strided,6.655
1280000,4,0,fir,iterator-strided-dynamic,6.653
1280000,4,0,fir,iterator-strided-static,6.623
1280000,4,2,fir,linear,3.821
1280000,4,2,fir,copy-blockstrided,13.2
1280000,4,2,fir,manual-blockstrided,7.563
1280000,4,2,fir,iterator-blockstrided-dynamic,7.555
1280000,4,2,fir,iterator-blockstrided-static,6.94
1280000,8,0,fir,linear,1.199
1280000,8,0,fir,copy-strided,8.158
1280000,8,0,fir,manual-strided,6.672
1280000,8,0,fir,iterator-strided-dynamic,6.63
1280000,8,0,fir,iterator-strided-static,6.623
1280000,8,4,fir,linear,3.84
1280000,8,4,fir,copy-blockstrided,13.268
1280000,8,4,fir,manual-blockstrided,7.519
1280000,8,4,fir,iterator-blockstrided-dynamic,7.55
1280000,8,4,fir,iterator-blockstrided-static,6.907
1440000,2,0,fir,linear,3.696
1440000,2,0,fir,copy-strided,14.906
1440000,2,0,fir,manual-strided,7.828
1440000,2,0,fir,iterator-strided-dynamic,7.446
1440000,2,0,fir,iterator-strided-static,7.471
1440000,4,0,fir,linear,1.947
1440000,4,0,fir,copy-strided,10.942
1440000,4,0,fir,manual-strided,7.341
1440000,4,0,fir,iterator-strided-dynamic,7.279
1440000,4,0,fir,iterator-strided-static,7.325
1440000,4,2,fir,linear,4.102
1440000,4,2,fir,copy-blockstrided,14.86
1440000,4,2,fir,manual-blockstrided,7.971
1440000,4,2,fir,iterator-blockstrided-dynamic,8.39
1440000,4,2,fir,iterator-blockstrided-static,7.268
1440000,8,0,fir,linear,1.062
1440000,8,0,fir,copy-strided,9.14
1440000,8,0,fir,manual-strided,7.441
1440000,8,0,fir,iterator-strided-dynamic,7.422
1440000,8,0,fir,iterator-strided-static,6.954
1440000,8,4,fir,linear,4.138
1440000,8,4,fir,copy-blockstrided,14.814
1440000,8,4,fir,manual-blockstrided,7.908
1440000,8,4,fir,iterator-blockstrided-dynamic,8.315
1440000,8,4,fir,iterator-blockstrided-static,7.182
1600000,2,0,fir,linear,4.152
1600000,2,0,fir,copy-strided,16.117
1600000,2,0,fir,manual-strided,8.214
1600000,2,0,fir,iterator-strided-dynamic,7.78
1600000,2,0,fir,iterator-strided-static,7.775
1600000,4,0,fir,linear,2.211
1600000,4,0,fir,copy-strided,11.93
1600000,4,0,fir,manual-strided,7.61
1600000,4,0,fir,iterator-strided-dynamic,7.662
1600000,4,0,fir,iterator-strided-static,7.638
1600000,4,2,fir,linear,4.143
1600000,4,2,fir,copy-blockstrided,16.084
1600000,4,2,fir,manual-blockstrided,8.904
1600000,4,2,fir,iterator-blockstrided-dynamic,8.872
1600000,4,2,fir,iterator-blockstrided-static,8.149
1600000,8,0,fir,linear,1.205
1600000,8,0,fir,copy-strided,9.942
1600000,8,0,fir,manual-strided,7.683
1600000,8,0,fir,iterator-strided-dynamic,7.69
1600000,8,0,fir,iterator-strided-static,7.761
1600000,8,4,fir,linear,4.112
1600000,8,4,fir,copy-blockstrided,16.054
1600000,8,4,fir,manual-blockstrided,8.941
1600000,8,4,fir,iterator-blockstrided-dynamic,8.826
1600000,8,4,fir,iterator-blockstrided-static,8.107
160000,2,0,fir,linear,0.25
160000,2,0,fir,copy-strided,0.754
160000,2,0,fir,manual-strided,0.52
160000,2,0,fir,iterator-strided-dynamic,0.469
160000,2,0,fir,iterator-strided-static,0.429
160000,4,0,fir,linear,0.148
160000,4,0,fir,copy-strided,0.588
160000,4,0,fir,manual-strided,0.502
160000,4,0,fir,iterator-strided-dynamic,0.454
160000,4,0,fir,iterator-strided-static,0.406
160000,4,2,fir,linear,0.265
160000,4,2,fir,copy-blockstrided,1.233
160000,4,2,fir,manual-blockstrided,0.771
160000,4,2,fir,iterator-blockstrided-dynamic,0.913
160000,4,2,fir,iterator-blockstrided-static,0.475
160000,8,0,fir,linear,0.065
160000,8,0,fir,copy-strided,0.547
160000,8,0,fir,manual-strided,0.532
160000,8,0,fir,iterator-strided-dynamic,0.432
160000,8,0,fir,iterator-strided-static,0.439
160000,8,4,fir,linear,0.4
160000,8,4,fir,copy-blockstrided,1.017
160000,8,4,fir,manual-blockstrided,0.757
160000,8,4,fir,iterator-blockstrided-dynamic,0.728
160000,8,4,fir,iterator-blockstrided-static,0.452
320000,2,0,fir,linear,0.867
320000,2,0,fir,copy-strided,2.535
320000,2,0,fir,manual-strided,1.697
320000,2,0,fir,iterator-strided-dynamic,1.716
320000,2,0,fir,iterator-strided-static,1.637
320000,4,0,fir,linear,0.475
320000,4,0,fir,copy-strided,1.818
320000,4,0,fir,manual-strided,1.549
320000,4,0,fir,iterator-strided-dynamic,1.642
320000,4,0,fir,iterator-strided-static,1.623
320000,4,2,fir,linear,0.854
320000,4,2,fir,copy-blockstrided,2.824
320000,4,2,fir,manual-blockstrided,1.866
320000,4,2,fir,iterator-blockstrided-dynamic,2.164
320000,4,2,fir,iterator-blockstrided-static,1.667
320000,8,0,fir,linear,0.205
320000,8,0,fir,copy-strided,1.512
320000,8,0,fir,manual-strided,1.607
320000,8,0,fir,iterator-strided-dynamic,1.671
320000,8,0,fir,iterator-strided-static,1.678
320000,8,4,fir,linear,0.842
320000,8,4,fir,copy-blockstrided,2.868
320000,8,4,fir,manual-blockstrided,1.858
320000,8,4,fir,iterator-blockstrided-dynamic,1.83
320000,8,4,fir,iterator-blockstrided-static,1.684
480000,2,0,fir,linear,1.552
480000,2,0,fir,copy-strided,4.718
480000,2,0,fir,manual-strided,2.9
480000,2,0,fir,iterator-strided-dynamic,2.697
480000,2,0,fir,iterator-strided-static,2.723
480000,4,0,fir,linear,0.788
480000,4,0,fir,copy-strided,3.259
480000,4,0,fir,manual-strided,2.49
480000,4,0,fir,iterator-strided-dynamic,2.601
480000,4,0,fir,iterator-strided-static,2.643
480000,4,2,fir,linear,1.481
480000,4,2,fir,copy-blockstrided,4.858
480000,4,2,fir,manual-blockstrided,2.915
480000,4,2,fir,iterator-blockstrided-dynamic,2.97
480000,4,2,fir,iterator-blockstrided-static,2.713
480000,8,0,fir,linear,0.379
480000,8,0,fir,copy-strided,2.613
480000,8,0,fir,manual-strided,2.642
480000,8,0,fir,iterator-strided-dynamic,2.7
480000,8,0,fir,iterator-strided-static,2.613
480000,8,4,fir,linear,1.524
480000,8,4,fir,copy-blockstrided,4.705
480000,8,4,fir,manual-blockstrided,2.884
480000,8,4,fir,iterator-blockstrided-dynamic,2.937
480000,8,4,fir,iterator-blockstrided-static,2.712
640000,2,0,fir,linear,2.2
640000,2,0,fir,copy-strided,6.552
640000,2,0,fir,manual-strided,3.456
640000,2,0,fir,iterator-strided-dynamic,3.511
640000,2,0,fir,iterator-strided-static,3.302
640000,4,0,fir,linear,1.123
640000,4,0,fir,copy-strided,4.839
640000,4,0,fir,manual-strided,3.524
640000,4,0,fir,iterator-strided-dynamic,3.261
640000,4,0,fir,iterator-strided-static,3.482
640000,4,2,fir,linear,1.766
640000,4,2,fir,copy-blockstrided,6.66
640000,4,2,fir,manual-blockstrided,3.806
640000,4,2,fir,iterator-blockstrided-dynamic,3.927
640000,4,2,fir,iterator-blockstrided-static,3.391
640000,8,0,fir,linear,0.599
640000,8,0,fir,copy-strided,3.951
640000,8,0,fir,manual-strided,3.525
640000,8,0,fir,iterator-strided-dynamic,3.233
640000,8,0,fir,iterator-strided-static,3.481
640000,8,4,fir,linear,1.8
640000,8,4,fir,copy-blockstrided,6.604
640000,8,4,fir,manual-blockstrided,3.78
640000,8,4,fir,iterator-blockstrided-dynamic,3.862
640000,8,4,fir,iterator-blockstrided-static,3.401
800000,2,0,fir,linear,2.405
800000,2,0,fir,copy-strided,8.013
800000,2,0,fir,manual-strided,4.301
800000,2,0,fir,iterator-strided-dynamic,4.3
800000,2,0,fir,iterator-strided-static,4.243
800000,4,0,fir,linear,1.37
800000,4,0,fir,copy-strided,5.874
800000,4,0,fir,manual-strided,4.293
800000,4,0,fir,iterator-strided-dynamic,4.164
800000,4,0,fir,iterator-strided-static,4.181
800000,4,2,fir,linear,2.423
800000,4,2,fir,copy-blockstrided,8.229
800000,4,2,fir,manual-blockstrided,4.757
800000,4,2,fir,iterator-blockstrided-dynamic,4.815
800000,4,2,fir,iterator-blockstrided-static,4.351
800000,8,0,fir,linear,0.723
800000,8,0,fir,copy-strided,4.852
800000,8,0,fir,manual-strided,4.279
800000,8,0,fir,iterator-strided-dynamic,4.206
800000,8,0,fir,iterator-strided-static,4.259
800000,8,4,fir,linear,2.394
800000,8,4,fir,copy-blockstrided,8.239
800000,8,4,fir,manual-blockstrided,4.679
800000,8,4,fir,iterator-blockstrided-dynamic,4.77
800000,8,4,fir,iterator-blockstrided-static,4.396
960000,2,0,fir,linear,2.87
960000,2,0,fir,copy-strided,9.784
960000,2,0,fir,manual-strided,5.056
960000,2,0,fir,iterator-strided-dynamic,5.132
960000,2,0,fir,iterator-strided-static,5.187
960000,4,0,fir,linear,1.622
960000,4,0,fir,copy-strided,7.312
960000,4,0,fir,manual-strided,4.933
960000,4,0,fir,iterator-strided-dynamic,5.043
960000,4,0,fir,iterator-strided-static,5.013
960000,4,2,fir,linear,2.782
960000,4,2,fir,copy-blockstrided,9.927
960000,4,2,fir,manual-blockstrided,5.676
960000,4,2,fir,iterator-blockstrided-dynamic,5.731
960000,4,2,fir,iterator-blockstrided-static,5.269
960000,8,0,fir,linear,0.891
960000,8,0,fir,copy-strided,6.002
960000,8,0,fir,manual-strided,5.173
960000,8,0,fir,iterator-strided-dynamic,5.043
960000,8,0,fir,iterator-strided-static,5.047
960000,8,4,fir,linear,2.85
960000,8,4,fir,copy-blockstrided,9.917
960000,8,4,fir,manual-blockstrided,5.607
960000,8,4,fir,iterator-blockstrided-dynamic,5.668
960000,8,4,fir,iterator-blockstrided-static,5.252
1120000,2,0,fir,linear,3.226
1120000,2,0,fir,copy-strided,11.36
1120000,2,0,fir,manual-strided,5.988
1120000,2,0,fir,iterator-strided-dynamic,5.958
1120000,2,0,fir,iterator-strided-static,6.017
1120000,4,0,fir,linear,1.843
1120000,4,0,fir,copy-strided,8.632
1120000,4,0,fir,manual-strided,5.881
1120000,4,0,fir,iterator-strided-dynamic,5.894
1120000,4,0,fir,iterator-strided-static,5.769
1120000,4,2,fir,linear,3.231
1120000,4,2,fir,copy-blockstrided,11.61
1120000,4,2,fir,manual-blockstrided,6.716
1120000,4,2,fir,iterator-blockstrided-dynamic,6.638
1120000,4,2,fir,iterator-blockstrided-static,6.114
1120000,8,0,fir,linear,0.995
1120000,8,0,fir,copy-strided,7.022
1120000,8,0,fir,manual-strided,6.001
1120000,8,0,fir,iterator-strided-dynamic,5.949
1120000,8,0,fir,iterator-strided-static,5.872
1120000,8,4,fir,linear,3.244
1120000,8,4,fir,copy-blockstrided,11.571
1120000,8,4,fir,manual-blockstrided,6.624
1120000,8,4,fir,iterator-blockstrided-dynamic,6.628
1120000,8,4,fir,iterator-blockstrided-static,6.12
1280000,2,0,fir,linear,3.761
1280000,2,0,fir,copy-strided,12.919
1280000,2,0,fir,manual-strided,6.752
1280000,2,0,fir,iterator-strided-dynamic,6.746
1280000,2,0,fir,iterator-strided-static,6.732
1280000,4,0,fir,linear,2.31
1280000,4,0,fir,copy-strided,9.707
1280000,4,0,fir,manual-strided,6.617
1280000,4,0,fir,iterator-strided-dynamic,6.581
1280000,4,0,fir,iterator-strided-static,6.553
1280000,4,2,fir,linear,3.833
1280000,4,2,fir,copy-blockstrided,13.214
1280000,4,2,fir,manual-blockstrided,7.586
1280000,4,2,fir,iterator-blockstrided-dynamic,7.56
1280000,4,2,fir,iterator-blockstrided-static,6.962
1280000,8,0,fir,linear,1.233
1280000,8,0,fir,copy-strided,8.178
1280000,8,0,fir,manual-strided,6.647
1280000,8,0,fir,iterator-strided-dynamic,6.647
1280000,8,0,fir,iterator-strided-static,6.634
1280000,8,4,fir,linear,3.823
1280000,8,4,fir,copy-blockstrided,13.154
1280000,8,4,fir,manual-blockstrided,7.553
1280000,8,4,fir,iterator-blockstrided-dynamic,7.532
1280000,8,4,fir,iterator-blockstrided-static,6.881
1440000,2,0,fir,linear,3.711
1440000,2,0,fir,copy-strided,14.495
1440000,2,0,fir,manual-strided,7.468
1440000,2,0,fir,iterator-strided-dynamic,7.444
1440000,2,0,fir,iterator-strided-static,7.47
1440000,4,0,fir,linear,1.941
1440000,4,0,fir,copy-strided,10.928
1440000,4,0,fir,manual-strided,7.317
1440000,4,0,fir,iterator-strided-dynamic,7.365
1440000,4,0,fir,iterator-strided-static,8.644
1440000,4,2,fir,linear,4.206
1440000,4,2,fir,copy-blockstrided,14.806
1440000,4,2,fir,manual-blockstrided,7.931
1440000,4,2,fir,iterator-blockstrided-dynamic,8.31
1440000,4,2,fir,iterator-blockstrided-static,7.208
1440000,8,0,fir,linear,1.074
1440000,8,0,fir,copy-strided,9.072
1440000,8,0,fir,manual-strided,7.385
1440000,8,0,fir,iterator-strided-dynamic,7.325
1440000,8,0,fir,iterator-strided-static,6.903
1440000,8,4,fir,linear,4.066
1440000,8,4,fir,copy-blockstrided,14.765
1440000,8,4,fir,manual-blockstrided,7.897
1440000,8,4,fir,iterator-blockstrided-dynamic,8.319
1440000,8,4,fir,iterator-blockstrided-static,7.19
1600000,2,0,fir,linear,4.156
1600000,2,0,fir,copy-strided,15.74
1600000,2,0,fir,manual-strided,7.836
1600000,2,0,fir,iterator-strided-dynamic,7.778
1600000,2,0,fir,iterator-strided-static,7.768
1600000,4,0,fir,linear,2.213
1600000,4,0,fir,copy-strided,11.916
1600000,4,0,fir,manual-strided,7.644
1600000,4,0,fir,iterator-strided-dynamic,7.637
1600000,4,0,fir,iterator-strided-static,7.574
1600000,4,2,fir,linear,4.103
1600000,4,2,fir,copy-blockstrided,16.067
1600000,4,2,fir,manual-blockstrided,8.909
1600000,4,2,fir,iterator-blockstrided-dynamic,8.896
1600000,4,2,fir,iterator-blockstrided-static,8.092
1600000,8,0,fir,linear,1.206
1600000,8,0,fir,copy-strided,9.882
1600000,8,0,fir,manual-strided,7.721
1600000,8,0,fir,iterator-strided-dynamic,7.684
1600000,8,0,fir,iterator-strided-static,7.795
1600000,8,4,fir,linear,4.115
1600000,8,4,fir,copy-blockstrided,16.059
1600000,8,4,fir,manual-blockstrided,8.901
1600000,8,4,fir,iterator-blockstrided-dynamic,8.81
1600000,8,4,fir,iterator-blockstrided-static,8.103
160000,2,0,fir,linear,0.284
160000,2,0,fir,copy-strided,0.792
160000,2,0,fir,manual-strided,0.522
160000,2,0,fir,iterator-strided-dynamic,0.429
160000,2,0,fir,iterator-strided-static,0.427
160000,4,0,fir,linear,0.116
160000,4,0,fir,copy-strided,0.607
160000,4,0,fir,manual-strided,0.544
160000,4,0,fir,iterator-strided-dynamic,0.422
160000,4,0,fir,iterator-strided-static,0.407
160000,4,2,fir,linear,0.229
160000,4,2,fir,copy-blockstrided,1.054
160000,4,2,fir,manual-blockstrided,0.757
160000,4,2,fir,iterator-blockstrided-dynamic,0.946
160000,4,2,fir,iterator-blockstrided-static,0.441
160000,8,0,fir,linear,0.064
160000,8,0,fir,copy-strided,0.503
160000,8,0,fir,manual-strided,0.53
160000,8,0,fir,iterator-strided-dynamic,0.468
160000,8,0,fir,iterator-strided-static,0.425
160000,8,4,fir,linear,0.427
160000,8,4,fir,copy-blockstrided,0.989
160000,8,4,fir,manual-blockstrided,0.746
160000,8,4,fir,iterator-blockstrided-dynamic,0.736
160000,8,4,fir,iterator-blockstrided-static,0.494
320000,2,0,fir,linear,0.87
320000,2,0,fir,copy-strided,2.605
320000,2,0,fir,manual-strided,1.696
320000,2,0,fir,iterator-strided-dynamic,1.693
320000,2,0,fir,iterator-strided-static,1.626
320000,4,0,fir,linear,0.456
320000,4,0,fir,copy-strided,1.833
320000,4,0,fir,manual-strided,1.534
320000,4,0,fir,iterator-strided-dynamic,1.623
320000,4,0,fir,iterator-strided-static,1.609
320000,4,2,fir,linear,0.856
320000,4,2,fir,copy-blockstrided,2.765
320000,4,2,fir,manual-blockstrided,1.867
320000,4,2,fir,iterator-blockstrided-dynamic,2.145
320000,4,2,fir,iterator-blockstrided-static,1.721
320000,8,0,fir,linear,0.218
320000,8,0,fir,copy-strided,1.468
320000,8,0,fir,manual-strided,1.553
320000,8,0,fir,iterator-strided-dynamic,1.686
320000,8,0,fir,iterator-strided-static,1.634
320000,8,4,fir,linear,0.807
320000,8,4,fir,copy-blockstrided,2.788
320000,8,4,fir,manual-blockstrided,1.875
320000,8,4,fir,iterator-blockstrided-dynamic,1.844
320000,8,4,fir,iterator-blockstrided-static,1.747
480000,2,0,fir,linear,1.533
480000,2,0,fir,copy-strided,4.68
480000,2,0,fir,manual-strided,2.871
480000,2,0,fir,iterator-strided-dynamic,2.714
480000,2,0,fir,iterator-strided-static,2.7
480000,4,0,fir,linear,0.761
480000,4,0,fir,copy-strided,3.296
480000,4,0,fir,manual-strided,2.545
480000,4,0,fir,iterator-strided-dynamic,2.633
480000,4,0,fir,iterator-strided-static,2.674
480000,4,2,fir,linear,1.485
480000,4,2,fir,copy-blockstrided,4.851
480000,4,2,fir,manual-blockstrided,2.893
480000,4,2,fir,iterator-blockstrided-dynamic,2.946
480000,4,2,fir,iterator-blockstrided-static,2.712
480000,8,0,fir,linear,0.402
480000,8,0,fir,copy-strided,2.562
480000,8,0,fir,manual-strided,2.595
480000,8,0,fir,iterator-strided-dynamic,2.639
480000,8,0,fir,iterator-strided-static,2.628
480000,8,4,fir,linear,1.482
480000,8,4,fir,copy-blockstrided,4.686
480000,8,4,fir,manual-blockstrided,2.904
480000,8,4,fir,iterator-blockstrided-dynamic,2.919
480000,8,4,fir,iterator-blockstrided-static,2.683
640000,2,0,fir,linear,2.204
640000,2,0,fir,copy-strided,6.559
640000,2,0,fir,manual-strided,3.481
640000,2,0,fir,iterator-strided-dynamic,3.543
640000,2,0,fir,iterator-strided-static,3.287
640000,4,0,fir,linear,1.107
640000,4,0,fir,copy-strided,4.831
640000,4,0,fir,manual-strided,3.449
640000,4,0,fir,iterator-strided-dynamic,3.246
640000,4,0,fir,iterator-strided-static,3.47
640000,4,2,fir,linear,1.799
640000,4,2,fir,copy-blockstrided,6.614
640000,4,2,fir,manual-blockstrided,3.78
640000,4,2,fir,iterator-blockstrided-dynamic,3.881
640000,4,2,fir,iterator-blockstrided-static,3.427
640000,8,0,fir,linear,0.584
640000,8,0,fir,copy-strided,3.948
640000,8,0,fir,manual-strided,3.501
640000,8,0,fir,iterator-strided-dynamic,3.22
640000,8,0,fir,iterator-strided-static,3.518
640000,8,4,fir,linear,1.799
640000,8,4,fir,copy-blockstrided,6.645
640000,8,4,fir,manual-blockstrided,3.781
640000,8,4,fir,iterator-blockstrided-dynamic,3.908
640000,8,4,fir,iterator-blockstrided-static,3.374
800000,2,0,fir,linear,2.416
800000,2,0,fir,copy-strided,8.04
800000,2,0,fir,manual-strided,4.242
800000,2,0,fir,iterator-strided-dynamic,4.319
800000,2,0,fir,iterator-strided-static,4.254
800000,4,0,fir,linear,1.397
800000,4,0,fir,copy-strided,5.88
800000,4,0,fir,manual-strided,4.274
800000,4,0,fir,iterator-strided-dynamic,4.146
800000,4,0,fir,iterator-strided-static,4.164
800000,4,2,fir,linear,2.449
800000,4,2,fir,copy-blockstrided,8.159
800000,4,2,fir,manual-blockstrided,4.509
800000,4,2,fir,iterator-blockstrided-dynamic,4.802
800000,4,2,fir,iterator-blockstrided-static,4.324
800000,8,0,fir,linear,0.746
800000,8,0,fir,copy-strided,4.847
800000,8,0,fir,manual-strided,4.292
800000,8,0,fir,iterator-strided-dynamic,4.205
800000,8,0,fir,iterator-strided-static,4.294
800000,8,4,fir,linear,2.411
800000,8,4,fir,copy-blockstrided,8.18
800000,8,4,fir,manual-blockstrided,4.807
800000,8,4,fir,iterator-blockstrided-dynamic,4.804
800000,8,4,fir,iterator-blockstrided-static,4.318
960000,2,0,fir,linear,2.868
960000,2,0,fir,copy-strided,9.778
960000,2,0,fir,manual-strided,5.089
960000,2,0,fir,iterator-strided-dynamic,5.104
960000,2,0,fir,iterator-strided-static,5.162
960000,4,0,fir,linear,1.594
960000,4,0,fir,copy-strided,7.258
960000,4,0,fir,manual-strided,5.008
960000,4,0,fir,iterator-strided-dynamic,5.054
960000,4,0,fir,iterator-strided-static,5.004
960000,4,2,fir,linear,2.862
960000,4,2,fir,copy-blockstrided,9.931
960000,4,2,fir,manual-blockstrided,5.667
960000,4,2,fir,iterator-blockstrided-dynamic,5.685
960000,4,2,fir,iterator-blockstrided-static,5.283
960000,8,0,fir,linear,0.894
960000,8,0,fir,copy-strided,10.654
960000,8,0,fir,manual-strided,4.953
960000,8,0,fir,iterator-strided-dynamic,5.083
960000,8,0,fir,iterator-strided-static,5.075
960000,8,4,fir,linear,2.816
960000,8,4,fir,copy-blockstrided,9.903
960000,8,4,fir,manual-blockstrided,5.651
960000,8,4,fir,iterator-blockstrided-dynamic,5.688
960000,8,4,fir,iterator-blockstrided-static,5.236
1120000,2,0,fir,linear,3.228
1120000,2,0,fir,copy-strided,11.402
1120000,2,0,fir,manual-strided,6.019
1120000,2,0,fir,iterator-strided-dynamic,6.012
1120000,2,0,fir,iterator-strided-static,5.99
1120000,4,0,fir,linear,1.791
1120000,4,0,fir,copy-strided,8.608
1120000,4,0,fir,manual-strided,5.955
1120000,4,0,fir,iterator-strided-dynamic,5.9
1120000,4,0,fir,iterator-strided-static,5.877
1120000,4,2,fir,linear,3.203
1120000,4,2,fir,copy-blockstrided,11.598
1120000,4,2,fir,manual-blockstrided,6.718
1120000,4,2,fir,iterator-blockstrided-dynamic,6.666
1120000,4,2,fir,iterator-blockstrided-static,6.139
1120000,8,0,fir,linear,1.022
1120000,8,0,fir,copy-strided,6.999
1120000,8,0,fir,manual-strided,5.976
1120000,8,0,fir,iterator-strided-dynamic,5.923
1120000,8,0,fir,iterator-strided-static,5.914
1120000,8,4,fir,linear,3.238
1120000,8,4,fir,copy-blockstrided,11.525
1120000,8,4,fir,manual-blockstrided,6.631
1120000,8,4,fir,iterator-blockstrided-dynamic,6.588
1120000,8,4,fir,iterator-blockstrided-static,6.199
1280000,2,0,fir,linear,3.852
1280000,2,0,fir,copy-strided,12.957
1280000,2,0,fir,manual-strided,6.768
1280000,2,0,fir,iterator-strided-dynamic,6.776
1280000,2,0,fir,iterator-strided-static,6.743
1280000,4,0,fir,linear,2.335
1280000,4,0,fir,copy-strided,9.752
1280000,4,0,fir,manual-strided,6.602
1280000,4,0,fir,iterator-strided-dynamic,6.605
1280000,4,0,fir,iterator-strided-static,6.592
1280000,4,2,fir,linear,3.791
1280000,4,2,fir,copy-blockstrided,13.238
1280000,4,2,fir,manual-blockstrided,7.536
1280000,4,2,fir,iterator-blockstrided-dynamic,7.528
1280000,4,2,fir,iterator-blockstrided-static,6.888
1280000,8,0,fir,linear,1.162
1280000,8,0,fir,copy-strided,8.226
1280000,8,0,fir,manual-strided,6.732
1280000,8,0,fir,iterator-strided-dynamic,6.665
1280000,8,0,fir,iterator-strided-static,6.659
1280000,8,4,fir,linear,3.827
1280000,8,4,fir,copy-blockstrided,13.177
1280000,8,4,fir,manual-blockstrided,7.553
1280000,8,4,fir,iterator-blockstrided-dynamic,7.502
1280000,8,4,fir,iterator-blockstrided-static,6.892
1440000,2,0,fir,linear,3.743
1440000,2,0,fir,copy-strided,14.234
1440000,2,0,fir,manual-strided,7.527
1440000,2,0,fir,iterator-strided-dynamic,7.501
1440000,2,0,fir,iterator-strided-static,7.495
1440000,4,0,fir,linear,1.942
1440000,4,0,fir,copy-strided,11.037
1440000,4,0,fir,manual-strided,7.381
1440000,4,0,fir,iterator-strided-dynamic,7.36
1440000,4,0,fir,iterator-strided-static,7.331
1440000,4,2,fir,linear,4.144
1440000,4,2,fir,copy-blockstrided,14.837
1440000,4,2,fir,manual-blockstrided,7.914
1440000,4,2,fir,iterator-blockstrided-dynamic,8.359
1440000,4,2,fir,iterator-blockstrided-static,7.228
1440000,8,0,fir,linear,1.052
1440000,8,0,fir,copy-strided,9.078
1440000,8,0,fir,manual-strided,7.407
1440000,8,0,fir,iterator-strided-dynamic,7.342
1440000,8,0,fir,iterator-strided-static,6.91
1440000,8,4,fir,linear,4.126
1440000,8,4,fir,copy-blockstrided,14.731
1440000,8,4,fir,manual-blockstrided,7.903
1440000,8,4,fir,iterator-blockstrided-dynamic,8.405
1440000,8,4,fir,iterator-blockstrided-static,7.218
1600000,2,0,fir,linear,4.197
1600000,2,0,fir,copy-strided,15.73
1600000,2,0,fir,manual-strided,7.786
1600000,2,0,fir,iterator-strided-dynamic,7.84
1600000,2,0,fir,iterator-strided-static,7.778
1600000,4,0,fir,linear,2.205
1600000,4,0,fir,copy-strided,11.942
1600000,4,0,fir,manual-strided,7.594
1600000,4,0,fir,iterator-strided-dynamic,7.603
1600000,4,0,fir,iterator-strided-static,7.581
1600000,4,2,fir,linear,4.094
1600000,4,2,fir,copy-blockstrided,16.019
1600000,4,2,fir,manual-blockstrided,8.956
1600000,4,2,fir,iterator-blockstrided-dynamic,8.834
1600000,4,2,fir,iterator-blockstrided-static,8.141
1600000,8,0,fir,linear,1.208
1600000,8,0,fir,copy-strided,9.908
1600000,8,0,fir,manual-strided,7.679
1600000,8,0,fir,iterator-strided-dynamic,7.741
1600000,8,0,fir,iterator-strided-static,7.803
1600000,8,4,fir,linear,4.149
1600000,8,4,fir,copy-blockstrided,16.066
1600000,8,4,fir,manual-blockstrided,8.917
1600000,8,4,fir,iterator-blockstrided-dynamic,8.809
1600000,8,4,fir,iterator-blockstrided-static,8.093
160000,2,0,fir,linear,0.249
160000,2,0,fir,copy-strided,0.794
160000,2,0,fir,manual-strided,0.515
160000,2,0,fir,iterator-strided-dynamic,0.444
160000,2,0,fir,iterator-strided-static,0.463
160000,4,0,fir,linear,0.124
160000,4,0,fir,copy-strided,0.616
160000,4,0,fir,manual-strided,0.528
160000,4,0,fir,iterator-strided-dynamic,0.431
160000,4,0,fir,iterator-strided-static,0.448
160000,4,2,fir,linear,0.232
160000,4,2,fir,copy-blockstrided,1.028
160000,4,2,fir,manual-blockstrided,0.754
160000,4,2,fir,iterator-blockstrided-dynamic,0.928
160000,4,2,fir,iterator-blockstrided-static,0.446
160000,8,0,fir,linear,0.073
160000,8,0,fir,copy-strided,0.508
160000,8,0,fir,manual-strided,0.591
160000,8,0,fir,iterator-strided-dynamic,0.458
160000,8,0,fir,iterator-strided-static,0.408
160000,8,4,fir,linear,0.422
160000,8,4,fir,copy-blockstrided,0.997
160000,8,4,fir,manual-blockstrided,0.745
160000,8,4,fir,iterator-blockstrided-dynamic,0.737
160000,8,4,fir,iterator-blockstrided-static,0.483
320000,2,0,fir,linear,0.869
320000,2,0,fir,copy-strided,2.589
320000,2,0,fir,manual-strided,1.676
320000,2,0,fir,iterator-strided-dynamic,1.699
320000,2,0,fir,iterator-strided-static,1.583
320000,4,0,fir,linear,0.408
320000,4,0,fir,copy-strided,1.772
320000,4,0,fir,manual-strided,1.524
320000,4,0,fir,iterator-strided-dynamic,1.63
320000,4,0,fir,iterator-strided-static,1.645
320000,4,2,fir,linear,0.855
320000,4,2,fir,copy-blockstrided,2.816
320000,4,2,fir,manual-blockstrided,1.895
320000,4,2,fir,iterator-blockstrided-dynamic,2.118
320000,4,2,fir,iterator-blockstrided-static,1.712
320000,8,0,fir,linear,0.197
320000,8,0,fir,copy-strided,1.487
320000,8,0,fir,manual-strided,1.571
320000,8,0,fir,iterator-strided-dynamic,1.674
320000,8,0,fir,iterator-strided-static,1.664
320000,8,4,fir,linear,0.877
320000,8,4,fir,copy-blockstrided,2.759
320000,8,4,fir,manual-blockstrided,1.864
320000,8,4,fir,iterator-blockstrided-dynamic,2.1
320000,8,4,fir,iterator-blockstrided-static,1.69
480000,2,0,fir,linear,1.547
480000,2,0,fir,copy-strided,4.485
480000,2,0,fir,manual-strided,2.672
480000,2,0,fir,iterator-strided-dynamic,2.682
480000,2,0,fir,iterator-strided-static,2.628
480000,4,0,fir,linear,0.805
480000,4,0,fir,copy-strided,3.157
480000,4,0,fir,manual-strided,2.596
480000,4,0,fir,iterator-strided-dynamic,2.643
480000,4,0,fir,iterator-strided-static,2.591
480000,4,2,fir,linear,1.521
480000,4,2,fir,copy-blockstrided,4.706
480000,4,2,fir,manual-blockstrided,2.934
480000,4,2,fir,iterator-blockstrided-dynamic,2.952
480000,4,2,fir,iterator-blockstrided-static,2.736
480000,8,0,fir,linear,0.41
480000,8,0,fir,copy-strided,2.601
480000,8,0,fir,manual-strided,2.664
480000,8,0,fir,iterator-strided-dynamic,2.688
480000,8,0,fir,iterator-strided-static,2.63
480000,8,4,fir,linear,1.521
480000,8,4,fir,copy-blockstrided,4.677
480000,8,4,fir,manual-blockstrided,2.895
480000,8,4,fir,iterator-blockstrided-dynamic,2.911
480000,8,4,fir,iterator-blockstrided-static,2.692
640000,2,0,fir,linear,2.232
640000,2,0,fir,copy-strided,6.507
640000,2,0,fir,manual-strided,3.414
640000,2,0,fir,iterator-strided-dynamic,3.502
640000,2,0,fir,iterator-strided-static,3.317
640000,4,0,fir,linear,1.148
640000,4,0,fir,copy-strided,4.897
640000,4,0,fir,manual-strided,3.485
640000,4,0,fir,iterator-strided-dynamic,3.23
640000,4,0,fir,iterator-strided-static,3.452
640000,4,2,fir,linear,1.786
640000,4,2,fir,copy-blockstrided,6.644
640000,4,2,fir,manual-blockstrided,3.773
640000,4,2,fir,iterator-blockstrided-dynamic,3.882
640000,4,2,fir,iterator-blockstrided-static,3.391
640000,8,0,fir,linear,0.565
640000,8,0,fir,copy-strided,4.002
640000,8,0,fir,manual-strided,3.455
640000,8,0,fir,iterator-strided-dynamic,3.262
640000,8,0,fir,iterator-strided-static,3.448
640000,8,4,fir,linear,1.777
640000,8,4,fir,copy-blockstrided,6.615
640000,8,4,fir,manual-blockstrided,3.809
640000,8,4,fir,iterator-blockstrided-dynamic,3.868
640000,8,4,fir,iterator-blockstrided-static,3.341
800000,2,0,fir,linear,2.403
800000,2,0,fir,copy-strided,8.084
800000,2,0,fir,manual-strided,4.273
800000,2,0,fir,iterator-strided-dynamic,4.305
800000,2,0,fir,iterator-strided-static,4.245
800000,4,0,fir,linear,1.341
800000,4,0,fir,copy-strided,5.849
800000,4,0,fir,manual-strided,4.253
800000,4,0,fir,iterator-strided-dynamic,4.155
800000,4,0,fir,iterator-strided-static,4.216
800000,4,2,fir,linear,2.425
800000,4,2,fir,copy-blockstrided,8.199
800000,4,2,fir,manual-blockstrided,4.692
800000,4,2,fir,iterator-blockstrided-dynamic,4.745
800000,4,2,fir,iterator-blockstrided-static,4.362
800000,8,0,fir,linear,0.712
800000,8,0,fir,copy-strided,4.818
800000,8,0,fir,manual-strided,4.235
800000,8,0,fir,iterator-strided-dynamic,4.183
800000,8,0,fir,iterator-strided-static,4.242
800000,8,4,fir,linear,2.411
800000,8,4,fir,copy-blockstrided,8.177
800000,8,4,fir,manual-blockstrided,4.676
800000,8,4,fir,iterator-blockstrided-dynamic,4.759
800000,8,4,fir,iterator-blockstrided-static,4.323
960000,2,0,fir,linear,2.843
960000,2,0,fir,copy-strided,9.826
960000,2,0,fir,manual-strided,5.069
960000,2,0,fir,iterator-strided-dynamic,5.109
960000,2,0,fir,iterator-strided-static,5.126
960000,4,0,fir,linear,1.593
960000,4,0,fir,copy-strided,7.279
960000,4,0,fir,manual-strided,4.929
960000,4,0,fir,iterator-strided-dynamic,5.046
960000,4,0,fir,iterator-strided-static,5.014
960000,4,2,fir,linear,2.822
960000,4,2,fir,copy-blockstrided,9.933
960000,4,2,fir,manual-blockstrided,5.691
960000,4,2,fir,iterator-blockstrided-dynamic,5.705
960000,4,2,fir,iterator-blockstrided-static,5.249
960000,8,0,fir,linear,0.886
960000,8,0,fir,copy-strided,6.046
960000,8,0,fir,manual-strided,4.971
960000,8,0,fir,iterator-strided-dynamic,5.108
960000,8,0,fir,iterator-strided-static,5.087
960000,8,4,fir,linear,2.796
960000,8,4,fir,copy-blockstrided,9.912
960000,8,4,fir,manual-blockstrided,5.686
960000,8,4,fir,iterator-blockstrided-dynamic,5.67
960000,8,4,fir,iterator-blockstrided-static,5.213
1120000,2,0,fir,linear,3.228
1120000,2,0,fir,copy-strided,11.359
1120000,2,0,fir,manual-strided,6.002
1120000,2,0,fir,iterator-strided-dynamic,5.973
1120000,2,0,fir,iterator-strided-static,5.979
1120000,4,0,fir,linear,1.789
1120000,4,0,fir,copy-strided,8.607
1120000,4,0,fir,manual-strided,5.898
1120000,4,0,fir,iterator-strided-dynamic,5.91
1120000,4,0,fir,iterator-strided-static,5.867
1120000,4,2,fir,linear,3.218
1120000,4,2,fir,copy-blockstrided,11.609
1120000,4,2,fir,manual-blockstrided,6.631
1120000,4,2,fir,iterator-blockstrided-dynamic,6.679
1120000,4,2,fir,iterator-blockstrided-static,6.344
1120000,8,0,fir,linear,0.991
1120000,8,0,fir,copy-strided,7.06
1120000,8,0,fir,manual-strided,5.921
1120000,8,0,fir,iterator-strided-dynamic,5.957
1120000,8,0,fir,iterator-strided-static,5.94
1120000,8,4,fir,linear,3.267
1120000,8,4,fir,copy-blockstrided,11.643
1120000,8,4,fir,manual-blockstrided,6.638
1120000,8,4,fir,iterator-blockstrided-dynamic,6.603
1120000,8,4,fir,iterator-blockstrided-static,6.067
1280000,2,0,fir,linear,3.888
1280000,2,0,fir,copy-strided,13.07
1280000,2,0,fir,manual-strided,6.763
1280000,2,0,fir,iterator-strided-dynamic,6.755
1280000,2,0,fir,iterator-strided-static,6.785
1280000,4,0,fir,linear,2.338
1280000,4,0,fir,copy-strided,9.741
1280000,4,0,fir,manual-strided,6.624
1280000,4,0,fir,iterator-strided-dynamic,6.609
1280000,4,0,fir,iterator-strided-static,6.598
1280000,4,2,fir,linear,3.798
1280000,4,2,fir,copy-blockstrided,13.223
1280000,4,2,fir,manual-blockstrided,7.56
1280000,4,2,fir,iterator-blockstrided-dynamic,7.596
1280000,4,2,fir,iterator-blockstrided-static,6.847
1280000,8,0,fir,linear,1.204
1280000,8,0,fir,copy-strided,8.203
1280000,8,0,fir,manual-strided,6.68
1280000,8,0,fir,iterator-strided-dynamic,7.644
1280000,8,0,fir,iterator-strided-static,6.133
1280000,8,4,fir,linear,3.651
1280000,8,4,fir,copy-blockstrided,12.998
1280000,8,4,fir,manual-blockstrided,7.409
1280000,8,4,fir,iterator-blockstrided-dynamic,8.255
1280000,8,4,fir,iterator-blockstrided-static,7.861
1440000,2,0,fir,linear,4.147
1440000,2,0,fir,copy-strided,14.429
1440000,2,0,fir,manual-strided,7.392
1440000,2,0,fir,iterator-strided-dynamic,7.405
1440000,2,0,fir,iterator-strided-static,7.453
1440000,4,0,fir,linear,1.936
1440000,4,0,fir,copy-strided,10.972
1440000,4,0,fir,manual-strided,7.313
1440000,4,0,fir,iterator-strided-dynamic,7.285
1440000,4,0,fir,iterator-strided-static,7.258
1440000,4,2,fir,linear,4.12
1440000,4,2,fir,copy-blockstrided,14.759
1440000,4,2,fir,manual-blockstrided,7.96
1440000,4,2,fir,iterator-blockstrided-dynamic,8.376
1440000,4,2,fir,iterator-blockstrided-static,7.214
1440000,8,0,fir,linear,1.067
1440000,8,0,fir,copy-strided,9.172
1440000,8,0,fir,manual-strided,7.358
1440000,8,0,fir,iterator-strided-dynamic,7.306
1440000,8,0,fir,iterator-strided-static,6.946
1440000,8,4,fir,linear,4.058
1440000,8,4,fir,copy-blockstrided,14.718
1440000,8,4,fir,manual-blockstrided,7.888
1440000,8,4,fir,iterator-blockstrided-dynamic,8.344
1440000,8,4,fir,iterator-blockstrided-static,7.188
1600000,2,0,fir,linear,4.153
1600000,2,0,fir,copy-strided,15.73
1600000,2,0,fir,manual-strided,7.772
1600000,2,0,fir,iterator-strided-dynamic,7.781
1600000,2,0,fir,iterator-strided-static,7.82
1600000,4,0,fir,linear,2.203
1600000,4,0,fir,copy-strided,11.934
1600000,4,0,fir,manual-strided,7.665
1600000,4,0,fir,iterator-strided-dynamic,7.651
1600000,4,0,fir,iterator-strided-static,7.624
1600000,4,2,fir,linear,4.102
1600000,4,2,fir,copy-blockstrided,16.102
1600000,4,2,fir,manual-blockstrided,8.897
1600000,4,2,fir,iterator-blockstrided-dynamic,8.895
1600000,4,2,fir,iterator-blockstrided-static,8.167
1600000,8,0,fir,linear,1.203
1600000,8,0,fir,copy-strided,9.906
1600000,8,0,fir,manual-strided,7.673
1600000,8,0,fir,iterator-strided-dynamic,7.681
1600000,8,0,fir,iterator-strided-static,7.808
1600000,8,4,fir,linear,4.097
1600000,8,4,fir,copy-blockstrided,16.047
1600000,8,4,fir,manual-blockstrided,8.921
1600000,8,4,fir,iterator-blockstrided-dynamic,8.845
1600000,8,4,fir,iterator-blockstrided-static,8.041
160000,2,0,fir,linear,0.281
160000,2,0,fir,copy-strided,0.832
160000,2,0,fir,manual-strided,0.486
160000,2,0,fir,iterator-strided-dynamic,0.479
160000,2,0,fir,iterator-strided-static,0.444
160000,4,0,fir,linear,0.12
160000,4,0,fir,copy-strided,0.62
160000,4,0,fir,manual-strided,0.493
160000,4,0,fir,iterator-strided-dynamic,0.445
160000,4,0,fir,iterator-strided-static,0.454
160000,4,2,fir,linear,0.233
160000,4,2,fir,copy-blockstrided,1.033
160000,4,2,fir,manual-blockstrided,0.759
160000,4,2,fir,iterator-blockstrided-dynamic,0.929
160000,4,2,fir,iterator-blockstrided-static,0.486
160000,8,0,fir,linear,0.067
160000,8,0,fir,copy-strided,0.544
160000,8,0,fir,manual-strided,0.558
160000,8,0,fir,iterator-strided-dynamic,0.423
160000,8,0,fir,iterator-strided-static,0.449
160000,8,4,fir,linear,0.443
160000,8,4,fir,copy-blockstrided,1.001
160000,8,4,fir,manual-blockstrided,0.748
160000,8,4,fir,iterator-blockstrided-dynamic,0.743
160000,8,4,fir,iterator-blockstrided-static,0.444
320000,2,0,fir,linear,0.851
320000,2,0,fir,copy-strided,2.539
320000,2,0,fir,manual-strided,1.653
320000,2,0,fir,iterator-strided-dynamic,1.666
320000,2,0,fir,iterator-strided-static,1.586
320000,4,0,fir,linear,0.425
320000,4,0,fir,copy-strided,1.813
320000,4,0,fir,manual-strided,1.561
320000,4,0,fir,iterator-strided-dynamic,1.669
320000,4,0,fir,iterator-strided-static,1.656
320000,4,2,fir,linear,0.91
320000,4,2,fir,copy-blockstrided,2.792
320000,4,2,fir,manual-blockstrided,1.874
320000,4,2,fir,iterator-blockstrided-dynamic,2.141
320000,4,2,fir,iterator-blockstrided-static,1.737
320000,8,0,fir,linear,0.203
320000,8,0,fir,copy-strided,1.509
320000,8,0,fir,manual-strided,1.589
320000,8,0,fir,iterator-strided-dynamic,1.7
320000,8,0,fir,iterator-strided-static,1.678
320000,8,4,fir,linear,0.841
320000,8,4,fir,copy-blockstrided,2.872
320000,8,4,fir,manual-blockstrided,1.843
320000,8,4,fir,iterator-blockstrided-dynamic,1.775
320000,8,4,fir,iterator-blockstrided-static,1.676
480000,2,0,fir,linear,1.529
480000,2,0,fir,copy-strided,4.685
480000,2,0,fir,manual-strided,2.845
480000,2,0,fir,iterator-strided-dynamic,2.688
480000,2,0,fir,iterator-strided-static,2.682
480000,4,0,fir,linear,0.787
480000,4,0,fir,copy-strided,3.218
480000,4,0,fir,manual-strided,2.502
480000,4,0,fir,iterator-strided-dynamic,2.596
480000,4,0,fir,iterator-strided-static,2.657
480000,4,2,fir,linear,1.491
480000,4,2,fir,copy-blockstrided,4.856
480000,4,2,fir,manual-blockstrided,2.924
480000,4,2,fir,iterator-blockstrided-dynamic,2.948
480000,4,2,fir,iterator-blockstrided-static,2.71
480000,8,0,fir,linear,0.386
480000,8,0,fir,copy-strided,2.61
480000,8,0,fir,manual-strided,2.639
480000,8,0,fir,iterator-strided-dynamic,2.66
480000,8,0,fir,iterator-strided-static,2.625
480000,8,4,fir,linear,1.507
480000,8,4,fir,copy-blockstrided,4.694
480000,8,4,fir,manual-blockstrided,2.894
480000,8,4,fir,iterator-blockstrided-dynamic,2.939
480000,8,4,fir,iterator-blockstrided-static,2.71
640000,2,0,fir,linear,2.212
640000,2,0,fir,copy-strided,6.509
640000,2,0,fir,manual-strided,3.429
640000,2,0,fir,iterator-strided-dynamic,3.522
640000,2,0,fir,iterator-strided-static,3.292
640000,4,0,fir,linear,1.144
640000,4,0,fir,copy-strided,4.847
640000,4,0,fir,manual-strided,3.467
640000,4,0,fir,iterator-strided-dynamic,3.22
640000,4,0,fir,iterator-strided-static,3.425
640000,4,2,fir,linear,1.798
640000,4,2,fir,copy-blockstrided,6.641
640000,4,2,fir,manual-blockstrided,3.786
640000,4,2,fir,iterator-blockstrided-dynamic,3.926
640000,4,2,fir,iterator-blockstrided-static,3.386
640000,8,0,fir,linear,0.562
640000,8,0,fir,copy-strided,4.018
640000,8,0,fir,manual-strided,3.49
640000,8,0,fir,iterator-strided-dynamic,3.261
640000,8,0,fir,iterator-strided-static,3.441
640000,8,4,fir,linear,1.794
640000,8,4,fir,copy-blockstrided,6.565
640000,8,4,fir,manual-blockstrided,3.811
640000,8,4,fir,iterator-blockstrided-dynamic,3.884
640000,8,4,fir,iterator-blockstrided-static,3.349
800000,2,0,fir,linear,2.404
800000,2,0,fir,copy-strided,8.069
800000,2,0,fir,manual-strided,4.258
800000,2,0,fir,iterator-strided-dynamic,4.298
800000,2,0,fir,iterator-strided-static,4.242
800000,4,0,fir,linear,1.351
800000,4,0,fir,copy-strided,5.837
800000,4,0,fir,manual-strided,4.265
800000,4,0,fir,iterator-strided-dynamic,4.153
800000,4,0,fir,iterator-strided-static,4.11
800000,4,2,fir,linear,2.375
800000,4,2,fir,copy-blockstrided,8.186
800000,4,2,fir,manual-blockstrided,4.752
800000,4,2,fir,iterator-blockstrided-dynamic,4.799
800000,4,2,fir,iterator-blockstrided-static,4.35
800000,8,0,fir,linear,0.738
800000,8,0,fir,copy-strided,4.817
800000,8,0,fir,manual-strided,4.254
800000,8,0,fir,iterator-strided-dynamic,4.217
800000,8,0,fir,iterator-strided-static,4.264
800000,8,4,fir,linear,2.385
800000,8,4,fir,copy-blockstrided,8.168
800000,8,4,fir,manual-blockstrided,4.716
800000,8,4,fir,iterator-blockstrided-dynamic,4.77
800000,8,4,fir,iterator-blockstrided-static,4.312
960000,2,0,fir,linear,2.871
960000,2,0,fir,copy-strided,9.761
960000,2,0,fir,manual-strided,5.09
960000,2,0,fir,iterator-strided-dynamic,5.132
960000,2,0,fir,iterator-strided-static,5.141
960000,4,0,fir,linear,1.578
960000,4,0,fir,copy-strided,7.283
960000,4,0,fir,manual-strided,4.921
960000,4,0,fir,iterator-strided-dynamic,5.043
960000,4,0,fir,iterator-strided-static,4.992
960000,4,2,fir,linear,2.843
960000,4,2,fir,copy-blockstrided,9.914
960000,4,2,fir,manual-blockstrided,5.675
960000,4,2,fir,iterator-blockstrided-dynamic,5.69
960000,4,2,fir,iterator-blockstrided-static,5.373
960000,8,0,fir,linear,0.899
960000,8,0,fir,copy-strided,6.021
960000,8,0,fir,manual-strided,5.023
960000,8,0,fir,iterator-strided-dynamic,5.075
960000,8,0,fir,iterator-strided-static,5.071
960000,8,4,fir,linear,2.823
960000,8,4,fir,copy-blockstrided,9.911
960000,8,4,fir,manual-blockstrided,5.612
960000,8,4,fir,iterator-blockstrided-dynamic,5.653
960000,8,4,fir,iterator-blockstrided-static,5.261
1120000,2,0,fir,linear,3.24
1120000,2,0,fir,copy-strided,11.339
1120000,2,0,fir,manual-strided,5.989
1120000,2,0,fir,iterator-strided-dynamic,6.007
1120000,2,0,fir,iterator-strided-static,5.973
1120000,4,0,fir,linear,1.793
1120000,4,0,fir,copy-strided,8.607
1120000,4,0,fir,manual-strided,5.887
1120000,4,0,fir,iterator-strided-dynamic,5.883
1120000,4,0,fir,iterator-strided-static,5.877
1120000,4,2,fir,linear,3.277
1120000,4,2,fir,copy-blockstrided,11.62
1120000,4,2,fir,manual-blockstrided,6.681
1120000,4,2,fir,iterator-blockstrided-dynamic,6.616
1120000,4,2,fir,iterator-blockstrided-static,6.108
1120000,8,0,fir,linear,1.016
1120000,8,0,fir,copy-strided,7.009
1120000,8,0,fir,manual-strided,5.955
1120000,8,0,fir,iterator-strided-dynamic,5.913
1120000,8,0,fir,iterator-strided-static,5.889
1120000,8,4,fir,linear,3.215
1120000,8,4,fir,copy-blockstrided,11.559
1120000,8,4,fir,manual-blockstrided,6.727
1120000,8,4,fir,iterator-blockstrided-dynamic,6.682
1120000,8,4,fir,iterator-blockstrided-static,6.086
1280000,2,0,fir,linear,3.778
1280000,2,0,fir,copy-strided,12.956
1280000,2,0,fir,manual-strided,6.755
1280000,2,0,fir,iterator-strided-dynamic,6.739
1280000,2,0,fir,iterator-strided-static,6.724
1280000,4,0,fir,linear,2.324
1280000,4,0,fir,copy-strided,9.72
1280000,4,0,fir,manual-strided,6.607
1280000,4,0,fir,iterator-strided-dynamic,6.58
1280000,4,0,fir,iterator-strided-static,6.61
1280000,4,2,fir,linear,3.842
1280000,4,2,fir,copy-blockstrided,13.251
1280000,4,2,fir,manual-blockstrided,7.607
1280000,4,2,fir,iterator-blockstrided-dynamic,7.6
1280000,4,2,fir,iterator-blockstrided-static,6.978
1280000,8,0,fir,linear,1.222
1280000,8,0,fir,copy-strided,8.16
1280000,8,0,fir,manual-strided,6.67
1280000,8,0,fir,iterator-strided-dynamic,6.664
1280000,8,0,fir,iterator-strided-static,6.623
1280000,8,4,fir,linear,3.829
1280000,8,4,fir,copy-blockstrided,13.195
1280000,8,4,fir,manual-blockstrided,7.555
1280000,8,4,fir,iterator-blockstrided-dynamic,7.51
1280000,8,4,fir,iterator-blockstrided-static,6.919
1440000,2,0,fir,linear,3.707
1440000,2,0,fir,copy-strided,14.548
1440000,2,0,fir,manual-strided,7.466
1440000,2,0,fir,iterator-strided-dynamic,7.649
1440000,2,0,fir,iterator-strided-static,7.596
1440000,4,0,fir,linear,1.941
1440000,4,0,fir,copy-strided,10.955
1440000,4,0,fir,manual-strided,7.344
1440000,4,0,fir,iterator-strided-dynamic,7.278
1440000,4,0,fir,iterator-strided-static,7.305
1440000,4,2,fir,linear,4.166
1440000,4,2,fir,copy-blockstrided,14.783
1440000,4,2,fir,manual-blockstrided,7.978
1440000,4,2,fir,iterator-blockstrided-dynamic,8.395
1440000,4,2,fir,iterator-blockstrided-static,7.207
1440000,8,0,fir,linear,1.066
1440000,8,0,fir,copy-strided,9.141
1440000,8,0,fir,manual-strided,7.366
1440000,8,0,fir,iterator-strided-dynamic,7.32
1440000,8,0,fir,iterator-strided-static,6.909
1440000,8,4,fir,linear,4.079
1440000,8,4,fir,copy-blockstrided,14.728
1440000,8,4,fir,manual-blockstrided,7.893
1440000,8,4,fir,iterator-blockstrided-dynamic,8.311
1440000,8,4,fir,iterator-blockstrided-static,7.198
1600000,2,0,fir,linear,4.148
1600000,2,0,fir,copy-strided,15.749
1600000,2,0,fir,manual-strided,7.781
1600000,2,0,fir,iterator-strided-dynamic,7.778
1600000,2,0,fir,iterator-strided-static,7.832
1600000,4,0,fir,linear,2.211
1600000,4,0,fir,copy-strided,11.931
1600000,4,0,fir,manual-strided,7.661
1600000,4,0,fir,iterator-strided-dynamic,7.638
1600000,4,0,fir,iterator-strided-static,7.617
1600000,4,2,fir,linear,4.101
1600000,4,2,fir,copy-blockstrided,16.083
1600000,4,2,fir,manual-blockstrided,8.984
1600000,4,2,fir,iterator-blockstrided-dynamic,8.906
1600000,4,2,fir,iterator-blockstrided-static,8.173
1600000,8,0,fir,linear,1.19
1600000,8,0,fir,copy-strided,9.949
1600000,8,0,fir,manual-strided,7.675
1600000,8,0,fir,iterator-strided-dynamic,7.658
1600000,8,0,fir,iterator-strided-static,7.777
1600000,8,4,fir,linear,4.108
1600000,8,4,fir,copy-blockstrided,16.041
1600000,8,4,fir,manual-blockstrided,8.866
1600000,8,4,fir,iterator-blockstrided-dynamic,8.794
1600000,8,4,fir,iterator-blockstrided-static,8.094
160000,2,0,fir,linear,0.276
160000,2,0,fir,copy-strided,0.803
160000,2,0,fir,manual-strided,0.488
160000,2,0,fir,iterator-strided-dynamic,0.471
160000,2,0,fir,iterator-strided-static,0.43
160000,4,0,fir,linear,0.134
160000,4,0,fir,copy-strided,0.798
160000,4,0,fir,manual-strided,0.476
160000,4,0,fir,iterator-strided-dynamic,0.449
160000,4,0,fir,iterator-strided-static,0.438
160000,4,2,fir,linear,0.241
160000,4,2,fir,copy-blockstrided,1.033
160000,4,2,fir,manual-blockstrided,0.761
160000,4,2,fir,iterator-blockstrided-dynamic,0.915
160000,4,2,fir,iterator-blockstrided-static,0.484
160000,8,0,fir,linear,0.065
160000,8,0,fir,copy-strided,0.552
160000,8,0,fir,manual-strided,0.565
160000,8,0,fir,iterator-strided-dynamic,0.422
160000,8,0,fir,iterator-strided-static,0.437
160000,8,4,fir,linear,0.444
160000,8,4,fir,copy-blockstrided,1.005
160000,8,4,fir,manual-blockstrided,0.761
160000,8,4,fir,iterator-blockstrided-dynamic,0.748
160000,8,4,fir,iterator-blockstrided-static,0.441
320000,2,0,fir,linear,0.876
320000,2,0,fir,copy-strided,2.531
320000,2,0,fir,manual-strided,1.637
320000,2,0,fir,iterator-strided-dynamic,1.673
320000,2,0,fir,iterator-strided-static,1.597
320000,4,0,fir,linear,0.427
320000,4,0,fir,copy-strided,1.806
320000,4,0,fir,manual-strided,1.542
320000,4,0,fir,iterator-strided-dynamic,1.64
320000,4,0,fir,iterator-strided-static,1.632
320000,4,2,fir,linear,0.874
320000,4,2,fir,copy-blockstrided,2.815
320000,4,2,fir,manual-blockstrided,1.86
320000,4,2,fir,iterator-blockstrided-dynamic,2.121
320000,4,2,fir,iterator-blockstrided-static,1.726
320000,8,0,fir,linear,0.199
320000,8,0,fir,copy-strided,1.535
320000,8,0,fir,manual-strided,1.623
320000,8,0,fir,iterator-strided-dynamic,1.683
320000,8,0,fir,iterator-strided-static,1.691
320000,8,4,fir,linear,0.849
320000,8,4,fir,copy-blockstrided,2.862
320000,8,4,fir,manual-blockstrided,1.873
320000,8,4,fir,iterator-blockstrided-dynamic,1.777
320000,8,4,fir,iterator-blockstrided-static,1.676
480000,2,0,fir,linear,1.533
480000,2,0,fir,copy-strided,4.649
480000,2,0,fir,manual-strided,2.877
480000,2,0,fir,iterator-strided-dynamic,2.686
480000,2,0,fir,iterator-strided-static,2.682
480000,4,0,fir,linear,0.79
480000,4,0,fir,copy-strided,3.215
480000,4,0,fir,manual-strided,2.511
480000,4,0,fir,iterator-strided-dynamic,2.597
480000,4,0,fir,iterator-strided-static,2.643
480000,4,2,fir,linear,1.491
480000,4,2,fir,copy-blockstrided,4.836
480000,4,2,fir,manual-blockstrided,2.902
480000,4,2,fir,iterator-blockstrided-dynamic,2.957
480000,4,2,fir,iterator-blockstrided-static,2.704
480000,8,0,fir,linear,0.385
480000,8,0,fir,copy-strided,2.617
480000,8,0,fir,manual-strided,2.626
480000,8,0,fir,iterator-strided-dynamic,2.658
480000,8,0,fir,iterator-strided-static,2.625
480000,8,4,fir,linear,1.514
480000,8,4,fir,copy-blockstrided,4.709
480000,8,4,fir,manual-blockstrided,2.902
480000,8,4,fir,iterator-blockstrided-dynamic,2.913
480000,8,4,fir,iterator-blockstrided-static,2.705
640000,2,0,fir,linear,2.218
640000,2,0,fir,copy-strided,6.542
640000,2,0,fir,manual-strided,3.432
640000,2,0,fir,iterator-strided-dynamic,3.521
640000,2,0,fir,iterator-strided-static,3.27
640000,4,0,fir,linear,1.129
640000,4,0,fir,copy-strided,4.835
640000,4,0,fir,manual-strided,3.477
640000,4,0,fir,iterator-strided-dynamic,3.219
640000,4,0,fir,iterator-strided-static,3.441
640000,4,2,fir,linear,1.775
640000,4,2,fir,copy-blockstrided,6.624
640000,4,2,fir,manual-blockstrided,3.809
640000,4,2,fir,iterator-blockstrided-dynamic,3.892
640000,4,2,fir,iterator-blockstrided-static,3.422
640000,8,0,fir,linear,0.581
640000,8,0,fir,copy-strided,3.946
640000,8,0,fir,manual-strided,3.507
640000,8,0,fir,iterator-strided-dynamic,3.26
640000,8,0,fir,iterator-strided-static,3.467
640000,8,4,fir,linear,1.794
640000,8,4,fir,copy-blockstrided,6.569
640000,8,4,fir,manual-blockstrided,3.797
640000,8,4,fir,iterator-blockstrided-dynamic,3.879
640000,8,4,fir,iterator-blockstrided-static,3.359
800000,2,0,fir,linear,2.373
800000,2,0,fir,copy-strided,8.048
800000,2,0,fir,manual-strided,4.258
800000,2,0,fir,iterator-strided-dynamic,4.303
800000,2,0,fir,iterator-strided-static,4.26
800000,4,0,fir,linear,1.364
800000,4,0,fir,copy-strided,5.876
800000,4,0,fir,manual-strided,4.267
800000,4,0,fir,iterator-strided-dynamic,4.153
800000,4,0,fir,iterator-strided-static,4.234
800000,4,2,fir,linear,2.411
800000,4,2,fir,copy-blockstrided,8.194
800000,4,2,fir,manual-blockstrided,4.701
800000,4,2,fir,iterator-blockstrided-dynamic,4.788
800000,4,2,fir,iterator-blockstrided-static,4.339
800000,8,0,fir,linear,0.748
800000,8,0,fir,copy-strided,4.833
800000,8,0,fir,manual-strided,4.262
800000,8,0,fir,iterator-strided-dynamic,4.196
800000,8,0,fir,iterator-strided-static,4.274
800000,8,4,fir,linear,2.381
800000,8,4,fir,copy-blockstrided,8.175
800000,8,4,fir,manual-blockstrided,4.725
800000,8,4,fir,iterator-blockstrided-dynamic,4.785
800000,8,4,fir,iterator-blockstrided-static,4.3
960000,2,0,fir,linear,2.867
960000,2,0,fir,copy-strided,9.764
960000,2,0,fir,manual-strided,5.089
960000,2,0,fir,iterator-strided-dynamic,5.104
960000,2,0,fir,iterator-strided-static,5.189
960000,4,0,fir,linear,1.59
960000,4,0,fir,copy-strided,7.275
960000,4,0,fir,manual-strided,4.982
960000,4,0,fir,iterator-strided-dynamic,5.024
960000,4,0,fir,iterator-strided-static,5.041
960000,4,2,fir,linear,2.797
960000,4,2,fir,copy-blockstrided,9.917
960000,4,2,fir,manual-blockstrided,5.671
960000,4,2,fir,iterator-blockstrided-dynamic,5.695
960000,4,2,fir,iterator-blockstrided-static,5.471
960000,8,0,fir,linear,0.899
960000,8,0,fir,copy-strided,5.984
960000,8,0,fir,manual-strided,5.051
960000,8,0,fir,iterator-strided-dynamic,5.049
960000,8,0,fir,iterator-strided-static,5.07
960000,8,4,fir,linear,2.808
960000,8,4,fir,copy-blockstrided,9.945
960000,8,4,fir,manual-blockstrided,5.675
960000,8,4,fir,iterator-blockstrided-dynamic,5.675
960000,8,4,fir,iterator-blockstrided-static,5.221
1120000,2,0,fir,linear,3.256
1120000,2,0,fir,copy-strided,11.383
1120000,2,0,fir,manual-strided,5.986
1120000,2,0,fir,iterator-strided-dynamic,6.908
1120000,2,0,fir,iterator-strided-static,5.755
1120000,4,0,fir,linear,1.824
1120000,4,0,fir,copy-strided,8.448
1120000,4,0,fir,manual-strided,5.672
1120000,4,0,fir,iterator-strided-dynamic,5.652
1120000,4,0,fir,iterator-strided-static,5.621
1120000,4,2,fir,linear,3.228
1120000,4,2,fir,copy-blockstrided,11.438
1120000,4,2,fir,manual-blockstrided,6.489
1120000,4,2,fir,iterator-blockstrided-dynamic,6.538
1120000,4,2,fir,iterator-blockstrided-static,5.941
1120000,8,0,fir,linear,0.998
1120000,8,0,fir,copy-strided,6.985
1120000,8,0,fir,manual-strided,5.746
1120000,8,0,fir,iterator-strided-dynamic,5.756
1120000,8,0,fir,iterator-strided-static,5.689
1120000,8,4,fir,linear,3.235
1120000,8,4,fir,copy-blockstrided,11.367
1120000,8,4,fir,manual-blockstrided,6.472
1120000,8,4,fir,iterator-blockstrided-dynamic,6.446
1120000,8,4,fir,iterator-blockstrided-static,5.921
1280000,2,0,fir,linear,3.58
1280000,2,0,fir,copy-strided,12.768
1280000,2,0,fir,manual-strided,6.544
1280000,2,0,fir,iterator-strided-dynamic,6.536
1280000,2,0,fir,iterator-strided-static,6.567
1280000,4,0,fir,linear,2.079
1280000,4,0,fir,copy-strided,9.611
1280000,4,0,fir,manual-strided,6.398
1280000,4,0,fir,iterator-strided-dynamic,6.37
1280000,4,0,fir,iterator-strided-static,6.363
1280000,4,2,fir,linear,3.591
1280000,4,2,fir,copy-blockstrided,12.944
1280000,4,2,fir,manual-blockstrided,7.364
1280000,4,2,fir,iterator-blockstrided-dynamic,7.368
1280000,4,2,fir,iterator-blockstrided-static,6.703
1280000,8,0,fir,linear,1.215
1280000,8,0,fir,copy-strided,8.066
1280000,8,0,fir,manual-strided,6.487
1280000,8,0,fir,iterator-strided-dynamic,6.458
1280000,8,0,fir,iterator-strided-static,6.449
1280000,8,4,fir,linear,3.636
1280000,8,4,fir,copy-blockstrided,13.026
1280000,8,4,fir,manual-blockstrided,7.393
1280000,8,4,fir,iterator-blockstrided-dynamic,7.408
1280000,8,4,fir,iterator-blockstrided-static,6.707
1440000,2,0,fir,linear,3.707
1440000,2,0,fir,copy-strided,14.113
1440000,2,0,fir,manual-strided,7.11
1440000,2,0,fir,iterator-strided-dynamic,7.034
1440000,2,0,fir,iterator-strided-static,7.005
1440000,4,0,fir,linear,1.944
1440000,4,0,fir,copy-strided,10.596
1440000,4,0,fir,manual-strided,6.99
1440000,4,0,fir,iterator-strided-dynamic,6.886
1440000,4,0,fir,iterator-strided-static,6.92
1440000,4,2,fir,linear,3.743
1440000,4,2,fir,copy-blockstrided,14.361
1440000,4,2,fir,manual-blockstrided,7.921
1440000,4,2,fir,iterator-blockstrided-dynamic,7.985
1440000,4,2,fir,iterator-blockstrided-static,7.238
1440000,8,0,fir,linear,1.047
1440000,8,0,fir,copy-strided,8.766
1440000,8,0,fir,manual-strided,7.073
1440000,8,0,fir,iterator-strided-dynamic,7.028
1440000,8,0,fir,iterator-strided-static,6.967
1440000,8,4,fir,linear,3.824
1440000,8,4,fir,copy-blockstrided,14.465
1440000,8,4,fir,manual-blockstrided,7.897
1440000,8,4,fir,iterator-blockstrided-dynamic,7.907
1440000,8,4,fir,iterator-blockstrided-static,7.185
1600000,2,0,fir,linear,4.161
1600000,2,0,fir,copy-strided,15.697
1600000,2,0,fir,manual-strided,7.814
1600000,2,0,fir,iterator-strided-dynamic,7.91
1600000,2,0,fir,iterator-strided-static,7.868
1600000,4,0,fir,linear,2.223
1600000,4,0,fir,copy-strided,11.793
1600000,4,0,fir,manual-strided,7.629
1600000,4,0,fir,iterator-strided-dynamic,7.623
1600000,4,0,fir,iterator-strided-static,7.649
1600000,4,2,fir,linear,4.149
1600000,4,2,fir,copy-blockstrided,16.031
1600000,4,2,fir,manual-blockstrided,8.834
1600000,4,2,fir,iterator-blockstrided-dynamic,9.38
1600000,4,2,fir,iterator-blockstrided-static,8.141
1600000,8,0,fir,linear,1.192
1600000,8,0,fir,copy-strided,10.005
1600000,8,0,fir,manual-strided,7.846
1600000,8,0,fir,iterator-strided-dynamic,7.674
1600000,8,0,fir,iterator-strided-static,7.809
1600000,8,4,fir,linear,4.096
1600000,8,4,fir,copy-blockstrided,16.021
1600000,8,4,fir,manual-blockstrided,8.881
1600000,8,4,fir,iterator-blockstrided-dynamic,8.866
1600000,8,4,fir,iterator-blockstrided-static,8.065
160000,2,0,fir,linear,0.262
160000,2,0,fir,copy-strided,0.814
160000,2,0,fir,manual-strided,0.486
160000,2,0,fir,iterator-strided-dynamic,0.446
160000,2,0,fir,iterator-strided-static,0.463
160000,4,0,fir,linear,0.127
160000,4,0,fir,copy-strided,0.793
160000,4,0,fir,manual-strided,0.525
160000,4,0,fir,iterator-strided-dynamic,0.421
160000,4,0,fir,iterator-strided-static,0.455
160000,4,2,fir,linear,0.236
160000,4,2,fir,copy-blockstrided,1.052
160000,4,2,fir,manual-blockstrided,0.748
160000,4,2,fir,iterator-blockstrided-dynamic,0.938
160000,4,2,fir,iterator-blockstrided-static,0.45
160000,8,0,fir,linear,0.065
160000,8,0,fir,copy-strided,0.497
160000,8,0,fir,manual-strided,0.567
160000,8,0,fir,iterator-strided-dynamic,0.463
160000,8,0,fir,iterator-strided-static,0.416
160000,8,4,fir,linear,0.436
160000,8,4,fir,copy-blockstrided,1.003
160000,8,4,fir,manual-blockstrided,0.745
160000,8,4,fir,iterator-blockstrided-dynamic,0.743
160000,8,4,fir,iterator-blockstrided-static,0.499
320000,2,0,fir,linear,0.871
320000,2,0,fir,copy-strided,2.565
320000,2,0,fir,manual-strided,1.686
320000,2,0,fir,iterator-strided-dynamic,1.701
320000,2,0,fir,iterator-strided-static,1.585
320000,4,0,fir,linear,0.412
320000,4,0,fir,copy-strided,1.777
320000,4,0,fir,manual-strided,1.513
320000,4,0,fir,iterator-strided-dynamic,1.62
320000,4,0,fir,iterator-strided-static,1.631
320000,4,2,fir,linear,0.862
320000,4,2,fir,copy-blockstrided,2.803
320000,4,2,fir,manual-blockstrided,1.872
320000,4,2,fir,iterator-blockstrided-dynamic,2.108
320000,4,2,fir,iterator-blockstrided-static,1.741
320000,8,0,fir,linear,0.199
320000,8,0,fir,copy-strided,1.513
320000,8,0,fir,manual-strided,1.607
320000,8,0,fir,iterator-strided-dynamic,1.677
320000,8,0,fir,iterator-strided-static,1.674
320000,8,4,fir,linear,0.852
320000,8,4,fir,copy-blockstrided,2.87
320000,8,4,fir,manual-blockstrided,1.824
320000,8,4,fir,iterator-blockstrided-dynamic,1.786
320000,8,4,fir,iterator-blockstrided-static,1.708
480000,2,0,fir,linear,1.527
480000,2,0,fir,copy-strided,4.709
480000,2,0,fir,manual-strided,2.876
480000,2,0,fir,iterator-strided-dynamic,2.699
480000,2,0,fir,iterator-strided-static,2.68
480000,4,0,fir,linear,0.782
480000,4,0,fir,copy-strided,3.258
480000,4,0,fir,manual-strided,2.53
480000,4,0,fir,iterator-strided-dynamic,2.629
480000,4,0,fir,iterator-strided-static,2.628
480000,4,2,fir,linear,1.471
480000,4,2,fir,copy-blockstrided,4.842
480000,4,2,fir,manual-blockstrided,2.939
480000,4,2,fir,iterator-blockstrided-dynamic,2.961
480000,4,2,fir,iterator-blockstrided-static,2.682
480000,8,0,fir,linear,0.38
480000,8,0,fir,copy-strided,2.577
480000,8,0,fir,manual-strided,2.613
480000,8,0,fir,iterator-strided-dynamic,2.662
480000,8,0,fir,iterator-strided-static,2.6
480000,8,4,fir,linear,1.497
480000,8,4,fir,copy-blockstrided,4.694
480000,8,4,fir,manual-blockstrided,2.903
480000,8,4,fir,iterator-blockstrided-dynamic,2.936
480000,8,4,fir,iterator-blockstrided-static,2.687
640000,2,0,fir,linear,2.215
640000,2,0,fir,copy-strided,6.529
640000,2,0,fir,manual-strided,3.473
640000,2,0,fir,iterator-strided-dynamic,3.529
640000,2,0,fir,iterator-strided-static,3.293
640000,4,0,fir,linear,1.114
640000,4,0,fir,copy-strided,4.827
640000,4,0,fir,manual-strided,3.454
640000,4,0,fir,iterator-strided-dynamic,3.243
640000,4,0,fir,iterator-strided-static,3.451
640000,4,2,fir,linear,1.789
640000,4,2,fir,copy-blockstrided,6.655
640000,4,2,fir,manual-blockstrided,3.812
640000,4,2,fir,iterator-blockstrided-dynamic,3.899
640000,4,2,fir,iterator-blockstrided-static,3.386
640000,8,0,fir,linear,0.594
640000,8,0,fir,copy-strided,3.953
640000,8,0,fir,manual-strided,3.526
640000,8,0,fir,iterator-strided-dynamic,3.25
640000,8,0,fir,iterator-strided-static,3.485
640000,8,4,fir,linear,1.801
640000,8,4,fir,copy-blockstrided,6.58
640000,8,4,fir,manual-blockstrided,3.773
640000,8,4,fir,iterator-blockstrided-dynamic,3.875
640000,8,4,fir,iterator-blockstrided-static,3.402
800000,2,0,fir,linear,2.392
800000,2,0,fir,copy-strided,8.034
800000,2,0,fir,manual-strided,4.241
800000,2,0,fir,iterator-strided-dynamic,4.304
800000,2,0,fir,iterator-strided-static,4.27
800000,4,0,fir,linear,1.366
800000,4,0,fir,copy-strided,5.861
800000,4,0,fir,manual-strided,4.284
800000,4,0,fir,iterator-strided-dynamic,4.171
800000,4,0,fir,iterator-strided-static,4.219
800000,4,2,fir,linear,2.41
800000,4,2,fir,copy-blockstrided,8.19
800000,4,2,fir,manual-blockstrided,4.768
800000,4,2,fir,iterator-blockstrided-dynamic,4.793
800000,4,2,fir,iterator-blockstrided-static,4.325
800000,8,0,fir,linear,0.738
800000,8,0,fir,copy-strided,4.846
800000,8,0,fir,manual-strided,4.248
800000,8,0,fir,iterator-strided-dynamic,4.223
800000,8,0,fir,iterator-strided-static,4.299
800000,8,4,fir,linear,2.371
800000,8,4,fir,copy-blockstrided,8.19
800000,8,4,fir,manual-blockstrided,4.731
800000,8,4,fir,iterator-blockstrided-dynamic,4.794
800000,8,4,fir,iterator-blockstrided-static,4.306
960000,2,0,fir,linear,2.869
960000,2,0,fir,copy-strided,9.746
960000,2,0,fir,manual-strided,5.054
960000,2,0,fir,iterator-strided-dynamic,5.148
960000,2,0,fir,iterator-strided-static,5.144
960000,4,0,fir,linear,1.587
960000,4,0,fir,copy-strided,7.295
960000,4,0,fir,manual-strided,4.947
960000,4,0,fir,iterator-strided-dynamic,5.034
960000,4,0,fir,iterator-strided-static,5.011
960000,4,2,fir,linear,2.829
960000,4,2,fir,copy-blockstrided,9.949
960000,4,2,fir,manual-blockstrided,5.756
960000,4,2,fir,iterator-blockstrided-dynamic,5.578
960000,4,2,fir,iterator-blockstrided-static,5.312
960000,8,0,fir,linear,0.899
960000,8,0,fir,copy-strided,5.977
960000,8,0,fir,manual-strided,5.029
960000,8,0,fir,iterator-strided-dynamic,5.071
960000,8,0,fir,iterator-strided-static,5.066
960000,8,4,fir,linear,2.79
960000,8,4,fir,copy-blockstrided,9.81
960000,8,4,fir,manual-blockstrided,5.727
960000,8,4,fir,iterator-blockstrided-dynamic,5.689
960000,8,4,fir,iterator-blockstrided-static,5.196
1120000,2,0,fir,linear,3.256
1120000,2,0,fir,copy-strided,11.39
1120000,2,0,fir,manual-strided,5.983
1120000,2,0,fir,iterator-strided-dynamic,5.969
1120000,2,0,fir,iterator-strided-static,5.961
1120000,4,0,fir,linear,1.797
1120000,4,0,fir,copy-strided,8.648
1120000,4,0,fir,manual-strided,5.899
1120000,4,0,fir,iterator-strided-dynamic,5.869
1120000,4,0,fir,iterator-strided-static,5.898
1120000,4,2,fir,linear,3.303
1120000,4,2,fir,copy-blockstrided,11.585
1120000,4,2,fir,manual-blockstrided,6.66
1120000,4,2,fir,iterator-blockstrided-dynamic,6.647
1120000,4,2,fir,iterator-blockstrided-static,6.123
1120000,8,0,fir,linear,1.025
1120000,8,0,fir,copy-strided,7.012
1120000,8,0,fir,manual-strided,5.953
1120000,8,0,fir,iterator-strided-dynamic,5.919
1120000,8,0,fir,iterator-strided-static,5.87
1120000,8,4,fir,linear,3.218
1120000,8,4,fir,copy-blockstrided,11.54
1120000,8,4,fir,manual-blockstrided,6.634
1120000,8,4,fir,iterator-blockstrided-dynamic,6.683
1120000,8,4,fir,iterator-blockstrided-static,6.116
1280000,2,0,fir,linear,3.754
1280000,2,0,fir,copy-strided,12.923
1280000,2,0,fir,manual-strided,6.765
1280000,2,0,fir,iterator-strided-dynamic,6.752
1280000,2,0,fir,iterator-strided-static,6.73
1280000,4,0,fir,linear,2.319
1280000,4,0,fir,copy-strided,9.725
1280000,4,0,fir,manual-strided,6.636
1280000,4,0,fir,iterator-strided-dynamic,6.603
1280000,4,0,fir,iterator-strided-static,6.591
1280000,4,2,fir,linear,3.785
1280000,4,2,fir,copy-blockstrided,13.254
1280000,4,2,fir,manual-blockstrided,7.525
1280000,4,2,fir,iterator-blockstrided-dynamic,7.498
1280000,4,2,fir,iterator-blockstrided-static,6.871
1280000,8,0,fir,linear,1.238
1280000,8,0,fir,copy-strided,8.253
1280000,8,0,fir,manual-strided,6.698
1280000,8,0,fir,iterator-strided-dynamic,6.65
1280000,8,0,fir,iterator-strided-static,6.644
1280000,8,4,fir,linear,3.823
1280000,8,4,fir,copy-blockstrided,13.226
1280000,8,4,fir,manual-blockstrided,7.55
1280000,8,4,fir,iterator-blockstrided-dynamic,7.516
1280000,8,4,fir,iterator-blockstrided-static,6.874
1440000,2,0,fir,linear,3.723
1440000,2,0,fir,copy-strided,14.51
1440000,2,0,fir,manual-strided,7.442
1440000,2,0,fir,iterator-strided-dynamic,7.465
1440000,2,0,fir,iterator-strided-static,7.417
1440000,4,0,fir,linear,1.951
1440000,4,0,fir,copy-strided,11.006
1440000,4,0,fir,manual-strided,7.367
1440000,4,0,fir,iterator-strided-dynamic,7.345
1440000,4,0,fir,iterator-strided-static,7.341
1440000,4,2,fir,linear,4.164
1440000,4,2,fir,copy-blockstrided,14.832
1440000,4,2,fir,manual-blockstrided,7.92
1440000,4,2,fir,iterator-blockstrided-dynamic,8.289
1440000,4,2,fir,iterator-blockstrided-static,7.217
1440000,8,0,fir,linear,1.053
1440000,8,0,fir,copy-strided,9.071
1440000,8,0,fir,manual-strided,7.393
1440000,8,0,fir,iterator-strided-dynamic,7.352
1440000,8,0,fir,iterator-strided-static,6.918
1440000,8,4,fir,linear,4.131
1440000,8,4,fir,copy-blockstrided,14.746
1440000,8,4,fir,manual-blockstrided,7.908
1440000,8,4,fir,iterator-blockstrided-dynamic,8.306
1440000,8,4,fir,iterator-blockstrided-static,7.245
1600000,2,0,fir,linear,4.213
1600000,2,0,fir,copy-strided,15.785
1600000,2,0,fir,manual-strided,7.778
1600000,2,0,fir,iterator-strided-dynamic,7.775
1600000,2,0,fir,iterator-strided-static,7.771
1600000,4,0,fir,linear,2.206
1600000,4,0,fir,copy-strided,11.931
1600000,4,0,fir,manual-strided,7.639
1600000,4,0,fir,iterator-strided-dynamic,7.602
1600000,4,0,fir,iterator-strided-static,7.586
1600000,4,2,fir,linear,4.11
1600000,4,2,fir,copy-blockstrided,16.056
1600000,4,2,fir,manual-blockstrided,8.94
1600000,4,2,fir,iterator-blockstrided-dynamic,8.862
1600000,4,2,fir,iterator-blockstrided-static,8.13
1600000,8,0,fir,linear,1.206
1600000,8,0,fir,copy-strided,9.901
1600000,8,0,fir,manual-strided,7.679
1600000,8,0,fir,iterator-strided-dynamic,7.662
1600000,8,0,fir,iterator-strided-static,7.765
1600000,8,4,fir,linear,4.105
1600000,8,4,fir,copy-blockstrided,16.058
1600000,8,4,fir,manual-blockstrided,8.884
1600000,8,4,fir,iterator-blockstrided-dynamic,8.8
1600000,8,4,fir,iterator-blockstrided-static,8.111
160000,2,0,fir,linear,0.255
160000,2,0,fir,copy-strided,0.754
160000,2,0,fir,manual-strided,0.493
160000,2,0,fir,iterator-strided-dynamic,0.491
160000,2,0,fir,iterator-strided-static,0.435
160000,4,0,fir,linear,0.128
160000,4,0,fir,copy-strided,0.584
160000,4,0,fir,manual-strided,0.507
160000,4,0,fir,iterator-strided-dynamic,0.467
160000,4,0,fir,iterator-strided-static,0.433
160000,4,2,fir,linear,0.284
160000,4,2,fir,copy-blockstrided,1.012
160000,4,2,fir,manual-blockstrided,0.763
160000,4,2,fir,iterator-blockstrided-dynamic,0.92
160000,4,2,fir,iterator-blockstrided-static,0.485
160000,8,0,fir,linear,0.067
160000,8,0,fir,copy-strided,0.551
160000,8,0,fir,manual-strided,0.496
160000,8,0,fir,iterator-strided-dynamic,0.47
160000,8,0,fir,iterator-strided-static,0.448
160000,8,4,fir,linear,0.419
160000,8,4,fir,copy-blockstrided,1.011
160000,8,4,fir,manual-blockstrided,0.748
160000,8,4,fir,iterator-blockstrided-dynamic,0.731
160000,8,4,fir,iterator-blockstrided-static,0.449
320000,2,0,fir,linear,0.854
320000,2,0,fir,copy-strided,2.547
320000,2,0,fir,manual-strided,1.664
320000,2,0,fir,iterator-strided-dynamic,1.692
320000,2,0,fir,iterator-strided-static,1.63
320000,4,0,fir,linear,0.452
320000,4,0,fir,copy-strided,1.809
320000,4,0,fir,manual-strided,1.547
320000,4,0,fir,iterator-strided-dynamic,1.637
320000,4,0,fir,iterator-strided-static,1.664
320000,4,2,fir,linear,0.851
320000,4,2,fir,copy-blockstrided,2.836
320000,4,2,fir,manual-blockstrided,1.876
320000,4,2,fir,iterator-blockstrided-dynamic,2.145
320000,4,2,fir,iterator-blockstrided-static,1.684
320000,8,0,fir,linear,0.206
320000,8,0,fir,copy-strided,1.507
320000,8,0,fir,manual-strided,1.563
320000,8,0,fir,iterator-strided-dynamic,1.655
320000,8,0,fir,iterator-strided-static,1.638
320000,8,4,fir,linear,0.862
320000,8,4,fir,copy-blockstrided,2.768
320000,8,4,fir,manual-blockstrided,1.833
320000,8,4,fir,iterator-blockstrided-dynamic,2.083
320000,8,4,fir,iterator-blockstrided-static,1.653
480000,2,0,fir,linear,1.467
480000,2,0,fir,copy-strided,4.448
480000,2,0,fir,manual-strided,2.659
480000,2,0,fir,iterator-strided-dynamic,2.711
480000,2,0,fir,iterator-strided-static,2.648
480000,4,0,fir,linear,0.778
480000,4,0,fir,copy-strided,3.188
480000,4,0,fir,manual-strided,2.625
480000,4,0,fir,iterator-strided-dynamic,2.665
480000,4,0,fir,iterator-strided-static,2.588
480000,4,2,fir,linear,1.468
480000,4,2,fir,copy-blockstrided,4.717
480000,4,2,fir,manual-blockstrided,2.929
480000,4,2,fir,iterator-blockstrided-dynamic,2.953
480000,4,2,fir,iterator-blockstrided-static,2.75
480000,8,0,fir,linear,0.382
480000,8,0,fir,copy-strided,2.563
480000,8,0,fir,manual-strided,2.655
480000,8,0,fir,iterator-strided-dynamic,2.644
480000,8,0,fir,iterator-strided-static,2.576
480000,8,4,fir,linear,1.513
480000,8,4,fir,copy-blockstrided,4.687
480000,8,4,fir,manual-blockstrided,2.9
480000,8,4,fir,iterator-blockstrided-dynamic,2.931
480000,8,4,fir,iterator-blockstrided-static,2.672
640000,2,0,fir,linear,2.22
640000,2,0,fir,copy-strided,6.553
640000,2,0,fir,manual-strided,3.434
640000,2,0,fir,iterator-strided-dynamic,3.538
640000,2,0,fir,iterator-strided-static,3.313
640000,4,0,fir,linear,1.109
640000,4,0,fir,copy-strided,4.769
640000,4,0,fir,manual-strided,3.456
640000,4,0,fir,iterator-strided-dynamic,3.245
640000,4,0,fir,iterator-strided-static,3.451
640000,4,2,fir,linear,1.81
640000,4,2,fir,copy-blockstrided,6.603
640000,4,2,fir,manual-blockstrided,3.827
640000,4,2,fir,iterator-blockstrided-dynamic,3.881
640000,4,2,fir,iterator-blockstrided-static,3.413
640000,8,0,fir,linear,0.509
640000,8,0,fir,copy-strided,3.955
640000,8,0,fir,manual-strided,3.514
640000,8,0,fir,iterator-strided-dynamic,3.28
640000,8,0,fir,iterator-strided-static,3.51
640000,8,4,fir,linear,1.802
640000,8,4,fir,copy-blockstrided,6.641
640000,8,4,fir,manual-blockstrided,3.772
640000,8,4,fir,iterator-blockstrided-dynamic,3.884
640000,8,4,fir,iterator-blockstrided-static,3.377
800000,2,0,fir,linear,2.398
800000,2,0,fir,copy-strided,8.051
800000,2,0,fir,manual-strided,4.25
800000,2,0,fir,iterator-strided-dynamic,4.315
800000,2,0,fir,iterator-strided-static,4.265
800000,4,0,fir,linear,1.378
800000,4,0,fir,copy-strided,5.868
800000,4,0,fir,manual-strided,4.243
800000,4,0,fir,iterator-strided-dynamic,4.165
800000,4,0,fir,iterator-strided-static,4.167
800000,4,2,fir,linear,2.402
800000,4,2,fir,copy-blockstrided,8.177
800000,4,2,fir,manual-blockstrided,4.689
800000,4,2,fir,iterator-blockstrided-dynamic,4.769
800000,4,2,fir,iterator-blockstrided-static,4.338
800000,8,0,fir,linear,0.723
800000,8,0,fir,copy-strided,4.875
800000,8,0,fir,manual-strided,4.256
800000,8,0,fir,iterator-strided-dynamic,4.206
800000,8,0,fir,iterator-strided-static,4.296
800000,8,4,fir,linear,2.379
800000,8,4,fir,copy-blockstrided,8.193
800000,8,4,fir,manual-blockstrided,4.669
800000,8,4,fir,iterator-blockstrided-dynamic,4.767
800000,8,4,fir,iterator-blockstrided-static,4.307
960000,2,0,fir,linear,2.891
960000,2,0,fir,copy-strided,9.806
960000,2,0,fir,manual-strided,5.063
960000,2,0,fir,iterator-strided-dynamic,5.105
960000,2,0,fir,iterator-strided-static,5.209
960000,4,0,fir,linear,1.594
960000,4,0,fir,copy-strided,7.269
960000,4,0,fir,manual-strided,4.997
960000,4,0,fir,iterator-strided-dynamic,5.031
960000,4,0,fir,iterator-strided-static,5.036
960000,4,2,fir,linear,2.824
960000,4,2,fir,copy-blockstrided,14.5
960000,4,2,fir,manual-blockstrided,5.702
960000,4,2,fir,iterator-blockstrided-dynamic,5.692
960000,4,2,fir,iterator-blockstrided-static,5.245
960000,8,0,fir,linear,0.877
960000,8,0,fir,copy-strided,5.951
960000,8,0,fir,manual-strided,4.966
960000,8,0,fir,iterator-strided-dynamic,5.13
960000,8,0,fir,iterator-strided-static,5.064
960000,8,4,fir,linear,2.831
960000,8,4,fir,copy-blockstrided,9.906
960000,8,4,fir,manual-blockstrided,5.677
960000,8,4,fir,iterator-blockstrided-dynamic,5.705
960000,8,4,fir,iterator-blockstrided-static,5.214
1120000,2,0,fir,linear,3.234
1120000,2,0,fir,copy-strided,11.407
1120000,2,0,fir,manual-strided,6.032
1120000,2,0,fir,iterator-strided-dynamic,6.026
1120000,2,0,fir,iterator-strided-static,5.987
1120000,4,0,fir,linear,1.81
1120000,4,0,fir,copy-strided,8.625
1120000,4,0,fir,manual-strided,5.904
1120000,4,0,fir,iterator-strided-dynamic,5.923
1120000,4,0,fir,iterator-strided-static,5.906
1120000,4,2,fir,linear,3.24
1120000,4,2,fir,copy-blockstrided,11.609
1120000,4,2,fir,manual-blockstrided,6.653
1120000,4,2,fir,iterator-blockstrided-dynamic,6.663
1120000,4,2,fir,iterator-blockstrided-static,6.142
1120000,8,0,fir,linear,1.01
1120000,8,0,fir,copy-strided,7.03
1120000,8,0,fir,manual-strided,5.914
1120000,8,0,fir,iterator-strided-dynamic,5.924
1120000,8,0,fir,iterator-strided-static,5.932
1120000,8,4,fir,linear,3.232
1120000,8,4,fir,copy-blockstrided,11.542
1120000,8,4,fir,manual-blockstrided,6.645
1120000,8,4,fir,iterator-blockstrided-dynamic,6.603
1120000,8,4,fir,iterator-blockstrided-static,6.113
1280000,2,0,fir,linear,3.825
1280000,2,0,fir,copy-strided,13.006
1280000,2,0,fir,manual-strided,6.785
1280000,2,0,fir,iterator-strided-dynamic,6.762
1280000,2,0,fir,iterator-strided-static,6.745
1280000,4,0,fir,linear,2.354
1280000,4,0,fir,copy-strided,9.75
1280000,4,0,fir,manual-strided,6.615
1280000,4,0,fir,iterator-strided-dynamic,6.615
1280000,4,0,fir,iterator-strided-static,6.592
1280000,4,2,fir,linear,3.798
1280000,4,2,fir,copy-blockstrided,13.181
1280000,4,2,fir,manual-blockstrided,7.54
1280000,4,2,fir,iterator-blockstrided-dynamic,7.545
1280000,4,2,fir,iterator-blockstrided-static,6.9
1280000,8,0,fir,linear,1.367
1280000,8,0,fir,copy-strided,8.183
1280000,8,0,fir,manual-strided,6.725
1280000,8,0,fir,iterator-strided-dynamic,6.687
1280000,8,0,fir,iterator-strided-static,6.694
1280000,8,4,fir,linear,3.824
1280000,8,4,fir,copy-blockstrided,13.185
1280000,8,4,fir,manual-blockstrided,7.576
1280000,8,4,fir,iterator-blockstrided-dynamic,7.549
1280000,8,4,fir,iterator-blockstrided-static,6.9
1440000,2,0,fir,linear,3.702
1440000,2,0,fir,copy-strided,14.593
1440000,2,0,fir,manual-strided,7.541
1440000,2,0,fir,iterator-strided-dynamic,7.514
1440000,2,0,fir,iterator-strided-static,7.507
1440000,4,0,fir,linear,1.971
1440000,4,0,fir,copy-strided,11.033
1440000,4,0,fir,manual-strided,7.345
1440000,4,0,fir,iterator-strided-dynamic,7.318
1440000,4,0,fir,iterator-strided-static,7.343
1440000,4,2,fir,linear,4.155
1440000,4,2,fir,copy-blockstrided,14.85
1440000,4,2,fir,manual-blockstrided,7.905
1440000,4,2,fir,iterator-blockstrided-dynamic,8.367
1440000,4,2,fir,iterator-blockstrided-static,7.228
1440000,8,0,fir,linear,1.061
1440000,8,0,fir,copy-strided,9.062
1440000,8,0,fir,manual-strided,7.389
1440000,8,0,fir,iterator-strided-dynamic,7.326
1440000,8,0,fir,iterator-strided-static,6.905
1440000,8,4,fir,linear,4.167
1440000,8,4,fir,copy-blockstrided,14.762
1440000,8,4,fir,manual-blockstrided,7.908
1440000,8,4,fir,iterator-blockstrided-dynamic,8.392
1440000,8,4,fir,iterator-blockstrided-static,7.23
1600000,2,0,fir,linear,4.19
1600000,2,0,fir,copy-strided,15.755
1600000,2,0,fir,manual-strided,7.773
1600000,2,0,fir,iterator-strided-dynamic,7.778
1600000,2,0,fir,iterator-strided-static,7.826
1600000,4,0,fir,linear,2.201
1600000,4,0,fir,copy-strided,11.986
1600000,4,0,fir,manual-strided,7.602
1600000,4,0,fir,iterator-strided-dynamic,7.605
1600000,4,0,fir,iterator-strided-static,7.574
1600000,4,2,fir,linear,4.104
1600000,4,2,fir,copy-blockstrided,16.026
1600000,4,2,fir,manual-blockstrided,8.989
1600000,4,2,fir,iterator-blockstrided-dynamic,8.835
1600000,4,2,fir,iterator-blockstrided-static,8.15
1600000,8,0,fir,linear,1.198
1600000,8,0,fir,copy-strided,9.916
1600000,8,0,fir,manual-strided,7.669
1600000,8,0,fir,iterator-strided-dynamic,7.694
1600000,8,0,fir,iterator-strided-static,7.823
1600000,8,4,fir,linear,4.145
1600000,8,4,fir,copy-blockstrided,16.06
1600000,8,4,fir,manual-blockstrided,8.897
1600000,8,4,fir,iterator-blockstrided-dynamic,8.857
1600000,8,4,fir,iterator-blockstrided-static,8.086
160000,2,0,fir,linear,0.287
160000,2,0,fir,copy-strided,0.797
160000,2,0,fir,manual-strided,0.486
160000,2,0,fir,iterator-strided-dynamic,0.442
160000,2,0,fir,iterator-strided-static,0.467
160000,4,0,fir,linear,0.123
160000,4,0,fir,copy-strided,0.637
160000,4,0,fir,manual-strided,0.489
160000,4,0,fir,iterator-strided-dynamic,0.443
160000,4,0,fir,iterator-strided-static,0.449
160000,4,2,fir,linear,0.238
160000,4,2,fir,copy-blockstrided,1.019
160000,4,2,fir,manual-blockstrided,0.744
160000,4,2,fir,iterator-blockstrided-dynamic,0.934
160000,4,2,fir,iterator-blockstrided-static,0.454
160000,8,0,fir,linear,0.064
160000,8,0,fir,copy-strided,0.549
160000,8,0,fir,manual-strided,0.582
160000,8,0,fir,iterator-strided-dynamic,0.426
160000,8,0,fir,iterator-strided-static,0.426
160000,8,4,fir,linear,0.441
160000,8,4,fir,copy-blockstrided,0.995
160000,8,4,fir,manual-blockstrided,0.746
160000,8,4,fir,iterator-blockstrided-dynamic,0.747
160000,8,4,fir,iterator-blockstrided-static,0.458
320000,2,0,fir,linear,0.875
320000,2,0,fir,copy-strided,2.506
320000,2,0,fir,manual-strided,1.67
320000,2,0,fir,iterator-strided-dynamic,1.662
320000,2,0,fir,iterator-strided-static,1.592
320000,4,0,fir,linear,0.422
320000,4,0,fir,copy-strided,1.828
320000,4,0,fir,manual-strided,1.545
320000,4,0,fir,iterator-strided-dynamic,1.633
320000,4,0,fir,iterator-strided-static,1.634
320000,4,2,fir,linear,0.859
320000,4,2,fir,copy-blockstrided,2.806
320000,4,2,fir,manual-blockstrided,1.855
320000,4,2,fir,iterator-blockstrided-dynamic,2.092
320000,4,2,fir,iterator-blockstrided-static,1.687
320000,8,0,fir,linear,0.204
320000,8,0,fir,copy-strided,1.515
320000,8,0,fir,manual-strided,1.571
320000,8,0,fir,iterator-strided-dynamic,1.644
320000,8,0,fir,iterator-strided-static,1.649
320000,8,4,fir,linear,0.849
320000,8,4,fir,copy-blockstrided,2.784
320000,8,4,fir,manual-blockstrided,1.849
320000,8,4,fir,iterator-blockstrided-dynamic,2.087
320000,8,4,fir,iterator-blockstrided-static,1.652
480000,2,0,fir,linear,1.533
480000,2,0,fir,copy-strided,4.456
480000,2,0,fir,manual-strided,2.634
480000,2,0,fir,iterator-strided-dynamic,2.676
480000,2,0,fir,iterator-strided-static,2.645
480000,4,0,fir,linear,0.772
480000,4,0,fir,copy-strided,3.179
480000,4,0,fir,manual-strided,2.621
480000,4,0,fir,iterator-strided-dynamic,2.672
480000,4,0,fir,iterator-strided-static,2.615
480000,4,2,fir,linear,1.481
480000,4,2,fir,copy-blockstrided,4.707
480000,4,2,fir,manual-blockstrided,2.917
480000,4,2,fir,iterator-blockstrided-dynamic,2.936
480000,4,2,fir,iterator-blockstrided-static,2.709
480000,8,0,fir,linear,0.381
480000,8,0,fir,copy-strided,2.564
480000,8,0,fir,manual-strided,2.636
480000,8,0,fir,iterator-strided-dynamic,2.665
480000,8,0,fir,iterator-strided-static,2.589
480000,8,4,fir,linear,1.489
480000,8,4,fir,copy-blockstrided,4.681
480000,8,4,fir,manual-blockstrided,2.904
480000,8,4,fir,iterator-blockstrided-dynamic,2.93
480000,8,4,fir,iterator-blockstrided-static,2.697
640000,2,0,fir,linear,2.208
640000,2,0,fir,copy-strided,6.543
640000,2,0,fir,manual-strided,3.447
640000,2,0,fir,iterator-strided-dynamic,3.532
640000,2,0,fir,iterator-strided-static,3.295
640000,4,0,fir,linear,1.115
640000,4,0,fir,copy-strided,4.864
640000,4,0,fir,manual-strided,3.467
640000,4,0,fir,iterator-strided-dynamic,3.243
640000,4,0,fir,iterator-strided-static,3.447
640000,4,2,fir,linear,1.8
640000,4,2,fir,copy-blockstrided,6.617
640000,4,2,fir,manual-blockstrided,3.826
640000,4,2,fir,iterator-blockstrided-dynamic,3.895
640000,4,2,fir,iterator-blockstrided-static,3.414
640000,8,0,fir,linear,0.594
640000,8,0,fir,copy-strided,3.937
640000,8,0,fir,manual-strided,3.505
640000,8,0,fir,iterator-strided-dynamic,3.242
640000,8,0,fir,iterator-strided-static,3.471
640000,8,4,fir,linear,1.8
640000,8,4,fir,copy-blockstrided,6.602
640000,8,4,fir,manual-blockstrided,3.791
640000,8,4,fir,iterator-blockstrided-dynamic,3.873
640000,8,4,fir,iterator-blockstrided-static,3.357
800000,2,0,fir,linear,2.372
800000,2,0,fir,copy-strided,8.035
800000,2,0,fir,manual-strided,4.258
800000,2,0,fir,iterator-strided-dynamic,4.34
800000,2,0,fir,iterator-strided-static,4.263
800000,4,0,fir,linear,1.374
800000,4,0,fir,copy-strided,5.897
800000,4,0,fir,manual-strided,4.255
800000,4,0,fir,iterator-strided-dynamic,4.161
800000,4,0,fir,iterator-strided-static,4.235
800000,4,2,fir,linear,2.424
800000,4,2,fir,copy-blockstrided,8.192
800000,4,2,fir,manual-blockstrided,4.713
800000,4,2,fir,iterator-blockstrided-dynamic,4.797
800000,4,2,fir,iterator-blockstrided-static,4.338
800000,8,0,fir,linear,0.736
800000,8,0,fir,copy-strided,4.85
800000,8,0,fir,manual-strided,4.267
800000,8,0,fir,iterator-strided-dynamic,4.209
800000,8,0,fir,iterator-strided-static,4.285
800000,8,4,fir,linear,2.401
800000,8,4,fir,copy-blockstrided,8.17
800000,8,4,fir,manual-blockstrided,4.664
800000,8,4,fir,iterator-blockstrided-dynamic,4.772
800000,8,4,fir,iterator-blockstrided-static,4.303
960000,2,0,fir,linear,2.851
960000,2,0,fir,copy-strided,9.826
960000,2,0,fir,manual-strided,5.093
960000,2,0,fir,iterator-strided-dynamic,5.098
960000,2,0,fir,iterator-strided-static,5.206
960000,4,0,fir,linear,1.595
960000,4,0,fir,copy-strided,7.291
960000,4,0,fir,manual-strided,4.935
960000,4,0,fir,iterator-strided-dynamic,5.023
960000,4,0,fir,iterator-strided-static,5.041
960000,4,2,fir,linear,2.777
960000,4,2,fir,copy-blockstrided,9.777
960000,4,2,fir,manual-blockstrided,5.785
960000,4,2,fir,iterator-blockstrided-dynamic,5.701
960000,4,2,fir,iterator-blockstrided-static,5.252
960000,8,0,fir,linear,0.928
960000,8,0,fir,copy-strided,5.992
960000,8,0,fir,manual-strided,5.003
960000,8,0,fir,iterator-strided-dynamic,5.088
960000,8,0,fir,iterator-strided-static,5.077
960000,8,4,fir,linear,2.811
960000,8,4,fir,copy-blockstrided,9.948
960000,8,4,fir,manual-blockstrided,5.821
960000,8,4,fir,iterator-blockstrided-dynamic,5.659
960000,8,4,fir,iterator-blockstrided-static,5.234
1120000,2,0,fir,linear,3.195
1120000,2,0,fir,copy-strided,11.377
1120000,2,0,fir,manual-strided,6.041
1120000,2,0,fir,iterator-strided-dynamic,6.041
1120000,2,0,fir,iterator-strided-static,5.992
1120000,4,0,fir,linear,1.805
1120000,4,0,fir,copy-strided,8.562
1120000,4,0,fir,manual-strided,5.865
1120000,4,0,fir,iterator-strided-dynamic,5.904
1120000,4,0,fir,iterator-strided-static,5.888
1120000,4,2,fir,linear,3.238
1120000,4,2,fir,copy-blockstrided,11.545
1120000,4,2,fir,manual-blockstrided,6.657
1120000,4,2,fir,iterator-blockstrided-dynamic,6.634
1120000,4,2,fir,iterator-blockstrided-static,6.154
1120000,8,0,fir,linear,1.003
1120000,8,0,fir,copy-strided,7.007
1120000,8,0,fir,manual-strided,5.944
1120000,8,0,fir,iterator-strided-dynamic,5.908
1120000,8,0,fir,iterator-strided-static,5.908
1120000,8,4,fir,linear,3.218
1120000,8,4,fir,copy-blockstrided,11.536
1120000,8,4,fir,manual-blockstrided,6.653
1120000,8,4,fir,iterator-blockstrided-dynamic,6.617
1120000,8,4,fir,iterator-blockstrided-static,6.27
1280000,2,0,fir,linear,3.753
1280000,2,0,fir,copy-strided,12.933
1280000,2,0,fir,manual-strided,6.708
1280000,2,0,fir,iterator-strided-dynamic,6.748
1280000,2,0,fir,iterator-strided-static,6.759
1280000,4,0,fir,linear,2.345
1280000,4,0,fir,copy-strided,9.755
1280000,4,0,fir,manual-strided,6.639
1280000,4,0,fir,iterator-strided-dynamic,6.608
1280000,4,0,fir,iterator-strided-static,6.59
1280000,4,2,fir,linear,3.801
1280000,4,2,fir,copy-blockstrided,13.245
1280000,4,2,fir,manual-blockstrided,7.567
1280000,4,2,fir,iterator-blockstrided-dynamic,7.551
1280000,4,2,fir,iterator-blockstrided-static,6.921
1280000,8,0,fir,linear,1.211
1280000,8,0,fir,copy-strided,8.15
1280000,8,0,fir,manual-strided,6.714
1280000,8,0,fir,iterator-strided-dynamic,6.671
1280000,8,0,fir,iterator-strided-static,6.711
1280000,8,4,fir,linear,3.846
1280000,8,4,fir,copy-blockstrided,13.222
1280000,8,4,fir,manual-blockstrided,7.609
1280000,8,4,fir,iterator-blockstrided-dynamic,7.589
1280000,8,4,fir,iterator-blockstrided-static,6.88
1440000,2,0,fir,linear,3.698
1440000,2,0,fir,copy-strided,14.547
1440000,2,0,fir,manual-strided,7.488
1440000,2,0,fir,iterator-strided-dynamic,7.477
1440000,2,0,fir,iterator-strided-static,7.482
1440000,4,0,fir,linear,1.941
1440000,4,0,fir,copy-strided,11.051
1440000,4,0,fir,manual-strided,7.262
1440000,4,0,fir,iterator-strided-dynamic,7.246
1440000,4,0,fir,iterator-strided-static,7.227
1440000,4,2,fir,linear,4.108
1440000,4,2,fir,copy-blockstrided,14.722
1440000,4,2,fir,manual-blockstrided,7.925
1440000,4,2,fir,iterator-blockstrided-dynamic,8.337
1440000,4,2,fir,iterator-blockstrided-static,7.219
1440000,8,0,fir,linear,1.062
1440000,8,0,fir,copy-strided,9.06
1440000,8,0,fir,manual-strided,7.378
1440000,8,0,fir,iterator-strided-dynamic,7.372
1440000,8,0,fir,iterator-strided-static,6.916
1440000,8,4,fir,linear,4.14
1440000,8,4,fir,copy-blockstrided,14.762
1440000,8,4,fir,manual-blockstrided,7.933
1440000,8,4,fir,iterator-blockstrided-dynamic,8.372
1440000,8,4,fir,iterator-blockstrided-static,7.214
1600000,2,0,fir,linear,4.181
1600000,2,0,fir,copy-strided,15.753
1600000,2,0,fir,manual-strided,7.882
1600000,2,0,fir,iterator-strided-dynamic,7.836
1600000,2,0,fir,iterator-strided-static,7.811
1600000,4,0,fir,linear,2.21
1600000,4,0,fir,copy-strided,11.945
1600000,4,0,fir,manual-strided,7.631
1600000,4,0,fir,iterator-strided-dynamic,7.607
1600000,4,0,fir,iterator-strided-static,7.586
1600000,4,2,fir,linear,4.099
1600000,4,2,fir,copy-blockstrided,16.047
1600000,4,2,fir,manual-blockstrided,8.887
1600000,4,2,fir,iterator-blockstrided-dynamic,8.877
1600000,4,2,fir,iterator-blockstrided-static,8.112
1600000,8,0,fir,linear,1.198
1600000,8,0,fir,copy-strided,9.92
1600000,8,0,fir,manual-strided,7.672
1600000,8,0,fir,iterator-strided-dynamic,7.732
1600000,8,0,fir,iterator-strided-static,7.804
1600000,8,4,fir,linear,4.105
1600000,8,4,fir,copy-blockstrided,16.013
1600000,8,4,fir,manual-blockstrided,8.925
1600000,8,4,fir,iterator-blockstrided-dynamic,8.849
1600000,8,4,fir,iterator-blockstrided-static,8.138
160000,2,0,fir,linear,0.258
160000,2,0,fir,copy-strided,0.789
160000,2,0,fir,manual-strided,0.527
160000,2,0,fir,iterator-strided-dynamic,0.458
160000,2,0,fir,iterator-strided-static,0.425
160000,4,0,fir,linear,0.123
160000,4,0,fir,copy-strided,0.786
160000,4,0,fir,manual-strided,0.487
160000,4,0,fir,iterator-strided-dynamic,0.473
160000,4,0,fir,iterator-strided-static,0.416
160000,4,2,fir,linear,0.27
160000,4,2,fir,copy-blockstrided,1.018
160000,4,2,fir,manual-blockstrided,0.767
160000,4,2,fir,iterator-blockstrided-dynamic,0.94
160000,4,2,fir,iterator-blockstrided-static,0.495
160000,8,0,fir,linear,0.064
160000,8,0,fir,copy-strided,0.558
160000,8,0,fir,manual-strided,0.503
160000,8,0,fir,iterator-strided-dynamic,0.439
160000,8,0,fir,iterator-strided-static,0.473
160000,8,4,fir,linear,0.435
160000,8,4,fir,copy-blockstrided,0.981
160000,8,4,fir,manual-blockstrided,0.713
160000,8,4,fir,iterator-blockstrided-dynamic,0.706
160000,8,4,fir,iterator-blockstrided-static,0.47
320000,2,0,fir,linear,0.86
320000,2,0,fir,copy-strided,2.529
320000,2,0,fir,manual-strided,1.704
320000,2,0,fir,iterator-strided-dynamic,1.956
320000,2,0,fir,iterator-strided-static,1.668
320000,4,0,fir,linear,0.432
320000,4,0,fir,copy-strided,1.797
320000,4,0,fir,manual-strided,1.615
320000,4,0,fir,iterator-strided-dynamic,1.679
320000,4,0,fir,iterator-strided-static,1.685
320000,4,2,fir,linear,0.833
320000,4,2,fir,copy-blockstrided,2.883
320000,4,2,fir,manual-blockstrided,1.895
320000,4,2,fir,iterator-blockstrided-dynamic,1.806
320000,4,2,fir,iterator-blockstrided-static,1.68
320000,8,0,fir,linear,0.201
320000,8,0,fir,copy-strided,1.469
320000,8,0,fir,manual-strided,1.695
320000,8,0,fir,iterator-strided-dynamic,1.672
320000,8,0,fir,iterator-strided-static,1.702
320000,8,4,fir,linear,0.86
320000,8,4,fir,copy-blockstrided,2.841
320000,8,4,fir,manual-blockstrided,1.88
320000,8,4,fir,iterator-blockstrided-dynamic,1.807
320000,8,4,fir,iterator-blockstrided-static,1.674
480000,2,0,fir,linear,1.515
480000,2,0,fir,copy-strided,4.638
480000,2,0,fir,manual-strided,2.884
480000,2,0,fir,iterator-strided-dynamic,2.643
480000,2,0,fir,iterator-strided-static,2.672
480000,4,0,fir,linear,0.81
480000,4,0,fir,copy-strided,3.222
480000,4,0,fir,manual-strided,2.513
480000,4,0,fir,iterator-strided-dynamic,2.617
480000,4,0,fir,iterator-strided-static,2.661
480000,4,2,fir,linear,1.494
480000,4,2,fir,copy-blockstrided,4.803
480000,4,2,fir,manual-blockstrided,2.878
480000,4,2,fir,iterator-blockstrided-dynamic,3.272
480000,4,2,fir,iterator-blockstrided-static,2.468
480000,8,0,fir,linear,0.375
480000,8,0,fir,copy-strided,2.562
480000,8,0,fir,manual-strided,2.632
480000,8,0,fir,iterator-strided-dynamic,2.668
480000,8,0,fir,iterator-strided-static,2.62
480000,8,4,fir,linear,1.486
480000,8,4,fir,copy-blockstrided,4.682
480000,8,4,fir,manual-blockstrided,2.884
480000,8,4,fir,iterator-blockstrided-dynamic,2.928
480000,8,4,fir,iterator-blockstrided-static,2.691
640000,2,0,fir,linear,2.215
640000,2,0,fir,copy-strided,6.549
640000,2,0,fir,manual-strided,3.458
640000,2,0,fir,iterator-strided-dynamic,3.549
640000,2,0,fir,iterator-strided-static,3.282
640000,4,0,fir,linear,1.125
640000,4,0,fir,copy-strided,4.82
640000,4,0,fir,manual-strided,3.453
640000,4,0,fir,iterator-strided-dynamic,3.23
640000,4,0,fir,iterator-strided-static,3.451
640000,4,2,fir,linear,1.818
640000,4,2,fir,copy-blockstrided,6.59
640000,4,2,fir,manual-blockstrided,3.811
640000,4,2,fir,iterator-blockstrided-dynamic,3.871
640000,4,2,fir,iterator-blockstrided-static,3.416
640000,8,0,fir,linear,0.6
640000,8,0,fir,copy-strided,3.957
640000,8,0,fir,manual-strided,3.502
640000,8,0,fir,iterator-strided-dynamic,3.261
640000,8,0,fir,iterator-strided-static,3.489
640000,8,4,fir,linear,1.804
640000,8,4,fir,copy-blockstrided,6.581
640000,8,4,fir,manual-blockstrided,3.757
640000,8,4,fir,iterator-blockstrided-dynamic,3.862
640000,8,4,fir,iterator-blockstrided-static,3.403
800000,2,0,fir,linear,2.363
800000,2,0,fir,copy-strided,8.075
800000,2,0,fir,manual-strided,4.258
800000,2,0,fir,iterator-strided-dynamic,4.289
800000,2,0,fir,iterator-strided-static,4.255
800000,4,0,fir,linear,1.37
800000,4,0,fir,copy-strided,6.009
800000,4,0,fir,manual-strided,4.272
800000,4,0,fir,iterator-strided-dynamic,4.146
800000,4,0,fir,iterator-strided-static,4.149
800000,4,2,fir,linear,2.423
800000,4,2,fir,copy-blockstrided,8.178
800000,4,2,fir,manual-blockstrided,4.714
800000,4,2,fir,iterator-blockstrided-dynamic,4.787
800000,4,2,fir,iterator-blockstrided-static,4.32
800000,8,0,fir,linear,0.721
800000,8,0,fir,copy-strided,4.856
800000,8,0,fir,manual-strided,4.269
800000,8,0,fir,iterator-strided-dynamic,4.278
800000,8,0,fir,iterator-strided-static,4.241
800000,8,4,fir,linear,2.37
800000,8,4,fir,copy-blockstrided,8.184
800000,8,4,fir,manual-blockstrided,4.668
800000,8,4,fir,iterator-blockstrided-dynamic,4.746
800000,8,4,fir,iterator-blockstrided-static,4.331
960000,2,0,fir,linear,2.831
960000,2,0,fir,copy-strided,9.776
960000,2,0,fir,manual-strided,5.077
960000,2,0,fir,iterator-strided-dynamic,5.111
960000,2,0,fir,iterator-strided-static,5.143
960000,4,0,fir,linear,1.617
960000,4,0,fir,copy-strided,7.286
960000,4,0,fir,manual-strided,4.93
960000,4,0,fir,iterator-strided-dynamic,5.129
960000,4,0,fir,iterator-strided-static,5.033
960000,4,2,fir,linear,2.99
960000,4,2,fir,copy-blockstrided,9.97
960000,4,2,fir,manual-blockstrided,5.739
960000,4,2,fir,iterator-blockstrided-dynamic,5.702
960000,4,2,fir,iterator-blockstrided-static,5.285
960000,8,0,fir,linear,0.862
960000,8,0,fir,copy-strided,5.998
960000,8,0,fir,manual-strided,4.961
960000,8,0,fir,iterator-strided-dynamic,5.056
960000,8,0,fir,iterator-strided-static,5.093
960000,8,4,fir,linear,2.826
960000,8,4,fir,copy-blockstrided,9.897
960000,8,4,fir,manual-blockstrided,5.631
960000,8,4,fir,iterator-blockstrided-dynamic,5.702
960000,8,4,fir,iterator-blockstrided-static,5.231
1120000,2,0,fir,linear,3.236
1120000,2,0,fir,copy-strided,11.344
1120000,2,0,fir,manual-strided,5.972
1120000,2,0,fir,iterator-strided-dynamic,6.018
1120000,2,0,fir,iterator-strided-static,6.024
1120000,4,0,fir,linear,1.801
1120000,4,0,fir,copy-strided,8.615
1120000,4,0,fir,manual-strided,5.872
1120000,4,0,fir,iterator-strided-dynamic,5.921
1120000,4,0,fir,iterator-strided-static,5.942
1120000,4,2,fir,linear,3.239
1120000,4,2,fir,copy-blockstrided,11.575
1120000,4,2,fir,manual-blockstrided,6.66
1120000,4,2,fir,iterator-blockstrided-dynamic,6.629
1120000,4,2,fir,iterator-blockstrided-static,6.113
1120000,8,0,fir,linear,1.023
1120000,8,0,fir,copy-strided,7.133
1120000,8,0,fir,manual-strided,5.933
1120000,8,0,fir,iterator-strided-dynamic,5.909
1120000,8,0,fir,iterator-strided-static,5.898
1120000,8,4,fir,linear,3.263
1120000,8,4,fir,copy-blockstrided,11.61
1120000,8,4,fir,manual-blockstrided,6.66
1120000,8,4,fir,iterator-blockstrided-dynamic,6.622
1120000,8,4,fir,iterator-blockstrided-static,6.068
1280000,2,0,fir,linear,3.752
1280000,2,0,fir,copy-strided,12.936
1280000,2,0,fir,manual-strided,6.748
1280000,2,0,fir,iterator-strided-dynamic,6.725
1280000,2,0,fir,iterator-strided-static,6.695
1280000,4,0,fir,linear,2.27
1280000,4,0,fir,copy-strided,9.765
1280000,4,0,fir,manual-strided,6.672
1280000,4,0,fir,iterator-strided-dynamic,6.584
1280000,4,0,fir,iterator-strided-static,6.622
1280000,4,2,fir,linear,3.809
1280000,4,2,fir,copy-blockstrided,13.21
1280000,4,2,fir,manual-blockstrided,7.553
1280000,4,2,fir,iterator-blockstrided-dynamic,7.534
1280000,4,2,fir,iterator-blockstrided-static,6.926
1280000,8,0,fir,linear,1.197
1280000,8,0,fir,copy-strided,8.162
1280000,8,0,fir,manual-strided,6.652
1280000,8,0,fir,iterator-strided-dynamic,6.463
1280000,8,0,fir,iterator-strided-static,6.597
1280000,8,4,fir,linear,3.859
1280000,8,4,fir,copy-blockstrided,13.255
1280000,8,4,fir,manual-blockstrided,7.577
1280000,8,4,fir,iterator-blockstrided-dynamic,7.547
1280000,8,4,fir,iterator-blockstrided-static,6.923
1440000,2,0,fir,linear,3.724
1440000,2,0,fir,copy-strided,14.546
1440000,2,0,fir,manual-strided,7.423
1440000,2,0,fir,iterator-strided-dynamic,7.406
1440000,2,0,fir,iterator-strided-static,7.418
1440000,4,0,fir,linear,1.943
1440000,4,0,fir,copy-strided,10.977
1440000,4,0,fir,manual-strided,7.35
1440000,4,0,fir,iterator-strided-dynamic,7.309
1440000,4,0,fir,iterator-strided-static,7.255
1440000,4,2,fir,linear,4.134
1440000,4,2,fir,copy-blockstrided,14.769
1440000,4,2,fir,manual-blockstrided,7.913
1440000,4,2,fir,iterator-blockstrided-dynamic,8.346
1440000,4,2,fir,iterator-blockstrided-static,7.267
1440000,8,0,fir,linear,1.069
1440000,8,0,fir,copy-strided,9.129
1440000,8,0,fir,manual-strided,7.389
1440000,8,0,fir,iterator-strided-dynamic,7.43
1440000,8,0,fir,iterator-strided-static,6.965
1440000,8,4,fir,linear,4.155
1440000,8,4,fir,copy-blockstrided,14.875
1440000,8,4,fir,manual-blockstrided,7.888
1440000,8,4,fir,iterator-blockstrided-dynamic,8.281
1440000,8,4,fir,iterator-blockstrided-static,7.189
1600000,2,0,fir,linear,4.155
1600000,2,0,fir,copy-strided,15.72
1600000,2,0,fir,manual-strided,7.808
1600000,2,0,fir,iterator-strided-dynamic,7.872
1600000,2,0,fir,iterator-strided-static,7.757
1600000,4,0,fir,linear,2.207
1600000,4,0,fir,copy-strided,11.898
1600000,4,0,fir,manual-strided,7.599
1600000,4,0,fir,iterator-strided-dynamic,7.715
1600000,4,0,fir,iterator-strided-static,7.658
1600000,4,2,fir,linear,4.088
1600000,4,2,fir,copy-blockstrided,16.085
1600000,4,2,fir,manual-blockstrided,8.897
1600000,4,2,fir,iterator-blockstrided-dynamic,8.848
1600000,4,2,fir,iterator-blockstrided-static,8.089
1600000,8,0,fir,linear,1.2
1600000,8,0,fir,copy-strided,9.903
1600000,8,0,fir,manual-strided,7.742
1600000,8,0,fir,iterator-strided-dynamic,7.733
1600000,8,0,fir,iterator-strided-static,7.771
1600000,8,4,fir,linear,4.1
1600000,8,4,fir,copy-blockstrided,16.015
1600000,8,4,fir,manual-blockstrided,8.936
1600000,8,4,fir,iterator-blockstrided-dynamic,8.828
1600000,8,4,fir,iterator-blockstrided-static,8.063
