160000,2,0,rec_reduce,linear,0.894
160000,2,0,rec_reduce,copy-strided,1.366
160000,2,0,rec_reduce,manual-strided,1.052
160000,2,0,rec_reduce,iterator-strided-dynamic,1.083
160000,2,0,rec_reduce,iterator-strided-static,0.966
160000,4,0,rec_reduce,linear,0.48
160000,4,0,rec_reduce,copy-strided,0.642
160000,4,0,rec_reduce,manual-strided,0.53
160000,4,0,rec_reduce,iterator-strided-dynamic,0.533
160000,4,0,rec_reduce,iterator-strided-static,0.552
160000,8,0,rec_reduce,linear,0.221
160000,8,0,rec_reduce,copy-strided,0.33
160000,8,0,rec_reduce,manual-strided,0.372
160000,8,0,rec_reduce,iterator-strided-dynamic,0.304
160000,8,0,rec_reduce,iterator-strided-static,0.276
320000,2,0,rec_reduce,linear,1.819
320000,2,0,rec_reduce,copy-strided,3.135
320000,2,0,rec_reduce,manual-strided,2.119
320000,2,0,rec_reduce,iterator-strided-dynamic,2.054
320000,2,0,rec_reduce,iterator-strided-static,1.922
320000,4,0,rec_reduce,linear,0.921
320000,4,0,rec_reduce,copy-strided,1.626
320000,4,0,rec_reduce,manual-strided,1.141
320000,4,0,rec_reduce,iterator-strided-dynamic,1.119
320000,4,0,rec_reduce,iterator-strided-static,1.078
320000,8,0,rec_reduce,linear,0.444
320000,8,0,rec_reduce,copy-strided,0.999
320000,8,0,rec_reduce,manual-strided,0.75
320000,8,0,rec_reduce,iterator-strided-dynamic,0.732
320000,8,0,rec_reduce,iterator-strided-static,0.702
480000,2,0,rec_reduce,linear,2.499
480000,2,0,rec_reduce,copy-strided,4.651
480000,2,0,rec_reduce,manual-strided,2.912
480000,2,0,rec_reduce,iterator-strided-dynamic,2.97
480000,2,0,rec_reduce,iterator-strided-static,2.787
480000,4,0,rec_reduce,linear,1.319
480000,4,0,rec_reduce,copy-strided,2.799
480000,4,0,rec_reduce,manual-strided,1.619
480000,4,0,rec_reduce,iterator-strided-dynamic,1.659
480000,4,0,rec_reduce,iterator-strided-static,1.583
480000,8,0,rec_reduce,linear,0.667
480000,8,0,rec_reduce,copy-strided,1.883
480000,8,0,rec_reduce,manual-strided,1.269
480000,8,0,rec_reduce,iterator-strided-dynamic,1.346
480000,8,0,rec_reduce,iterator-strided-static,1.314
640000,2,0,rec_reduce,linear,3.659
640000,2,0,rec_reduce,copy-strided,6.353
640000,2,0,rec_reduce,manual-strided,4.283
640000,2,0,rec_reduce,iterator-strided-dynamic,4.059
640000,2,0,rec_reduce,iterator-strided-static,3.755
640000,4,0,rec_reduce,linear,1.833
640000,4,0,rec_reduce,copy-strided,3.638
640000,4,0,rec_reduce,manual-strided,2.406
640000,4,0,rec_reduce,iterator-strided-dynamic,2.426
640000,4,0,rec_reduce,iterator-strided-static,2.286
640000,8,0,rec_reduce,linear,0.921
640000,8,0,rec_reduce,copy-strided,2.67
640000,8,0,rec_reduce,manual-strided,1.801
640000,8,0,rec_reduce,iterator-strided-dynamic,1.942
640000,8,0,rec_reduce,iterator-strided-static,1.79
800000,2,0,rec_reduce,linear,4.832
800000,2,0,rec_reduce,copy-strided,8.017
800000,2,0,rec_reduce,manual-strided,5.569
800000,2,0,rec_reduce,iterator-strided-dynamic,5.269
800000,2,0,rec_reduce,iterator-strided-static,4.916
800000,4,0,rec_reduce,linear,2.388
800000,4,0,rec_reduce,copy-strided,4.729
800000,4,0,rec_reduce,manual-strided,2.967
800000,4,0,rec_reduce,iterator-strided-dynamic,2.879
800000,4,0,rec_reduce,iterator-strided-static,2.922
800000,8,0,rec_reduce,linear,1.201
800000,8,0,rec_reduce,copy-strided,3.136
800000,8,0,rec_reduce,manual-strided,2.279
800000,8,0,rec_reduce,iterator-strided-dynamic,2.251
800000,8,0,rec_reduce,iterator-strided-static,2.314
960000,2,0,rec_reduce,linear,4.986
960000,2,0,rec_reduce,copy-strided,8.769
960000,2,0,rec_reduce,manual-strided,5.586
960000,2,0,rec_reduce,iterator-strided-dynamic,5.853
960000,2,0,rec_reduce,iterator-strided-static,5.663
960000,4,0,rec_reduce,linear,2.554
960000,4,0,rec_reduce,copy-strided,5.389
960000,4,0,rec_reduce,manual-strided,3.221
960000,4,0,rec_reduce,iterator-strided-dynamic,3.314
960000,4,0,rec_reduce,iterator-strided-static,3.124
960000,8,0,rec_reduce,linear,1.28
960000,8,0,rec_reduce,copy-strided,3.66
960000,8,0,rec_reduce,manual-strided,2.551
960000,8,0,rec_reduce,iterator-strided-dynamic,2.536
960000,8,0,rec_reduce,iterator-strided-static,2.658
1120000,2,0,rec_reduce,linear,6.442
1120000,2,0,rec_reduce,copy-strided,10.839
1120000,2,0,rec_reduce,manual-strided,7.729
1120000,2,0,rec_reduce,iterator-strided-dynamic,7.481
1120000,2,0,rec_reduce,iterator-strided-static,6.767
1120000,4,0,rec_reduce,linear,3.233
1120000,4,0,rec_reduce,copy-strided,6.416
1120000,4,0,rec_reduce,manual-strided,4.18
1120000,4,0,rec_reduce,iterator-strided-dynamic,4.207
1120000,4,0,rec_reduce,iterator-strided-static,4.077
1120000,8,0,rec_reduce,linear,1.606
1120000,8,0,rec_reduce,copy-strided,4.378
1120000,8,0,rec_reduce,manual-strided,2.999
1120000,8,0,rec_reduce,iterator-strided-dynamic,3.043
1120000,8,0,rec_reduce,iterator-strided-static,3.119
1280000,2,0,rec_reduce,linear,7.18
1280000,2,0,rec_reduce,copy-strided,11.984
1280000,2,0,rec_reduce,manual-strided,8.404
1280000,2,0,rec_reduce,iterator-strided-dynamic,8.203
1280000,2,0,rec_reduce,iterator-strided-static,7.585
1280000,4,0,rec_reduce,linear,3.704
1280000,4,0,rec_reduce,copy-strided,7.224
1280000,4,0,rec_reduce,manual-strided,4.801
1280000,4,0,rec_reduce,iterator-strided-dynamic,4.896
1280000,4,0,rec_reduce,iterator-strided-static,4.583
1280000,8,0,rec_reduce,linear,1.889
1280000,8,0,rec_reduce,copy-strided,4.929
1280000,8,0,rec_reduce,manual-strided,3.679
1280000,8,0,rec_reduce,iterator-strided-dynamic,3.688
1280000,8,0,rec_reduce,iterator-strided-static,3.655
1440000,2,0,rec_reduce,linear,8.266
1440000,2,0,rec_reduce,copy-strided,13.274
1440000,2,0,rec_reduce,manual-strided,9.576
1440000,2,0,rec_reduce,iterator-strided-dynamic,9.686
1440000,2,0,rec_reduce,iterator-strided-static,8.736
1440000,4,0,rec_reduce,linear,4.27
1440000,4,0,rec_reduce,copy-strided,7.827
1440000,4,0,rec_reduce,manual-strided,5.175
1440000,4,0,rec_reduce,iterator-strided-dynamic,5.139
1440000,4,0,rec_reduce,iterator-strided-static,5.001
1440000,8,0,rec_reduce,linear,2.133
1440000,8,0,rec_reduce,copy-strided,5.15
1440000,8,0,rec_reduce,manual-strided,3.803
1440000,8,0,rec_reduce,iterator-strided-dynamic,3.819
1440000,8,0,rec_reduce,iterator-strided-static,4
1600000,2,0,rec_reduce,linear,9.53
1600000,2,0,rec_reduce,copy-strided,14.784
1600000,2,0,rec_reduce,manual-strided,11.015
1600000,2,0,rec_reduce,iterator-strided-dynamic,10.25
1600000,2,0,rec_reduce,iterator-strided-static,9.798
1600000,4,0,rec_reduce,linear,4.603
1600000,4,0,rec_reduce,copy-strided,8.6
1600000,4,0,rec_reduce,manual-strided,5.525
1600000,4,0,rec_reduce,iterator-strided-dynamic,5.486
1600000,4,0,rec_reduce,iterator-strided-static,5.44
1600000,8,0,rec_reduce,linear,2.424
1600000,8,0,rec_reduce,copy-strided,5.749
1600000,8,0,rec_reduce,manual-strided,3.878
1600000,8,0,rec_reduce,iterator-strided-dynamic,3.805
1600000,8,0,rec_reduce,iterator-strided-static,3.978
160000,2,0,rec_reduce,linear,0.908
160000,2,0,rec_reduce,copy-strided,1.127
160000,2,0,rec_reduce,manual-strided,1.064
160000,2,0,rec_reduce,iterator-strided-dynamic,0.988
160000,2,0,rec_reduce,iterator-strided-static,0.915
160000,4,0,rec_reduce,linear,0.477
160000,4,0,rec_reduce,copy-strided,0.62
160000,4,0,rec_reduce,manual-strided,0.53
160000,4,0,rec_reduce,iterator-strided-dynamic,0.504
160000,4,0,rec_reduce,iterator-strided-static,0.526
160000,8,0,rec_reduce,linear,0.219
160000,8,0,rec_reduce,copy-strided,0.327
160000,8,0,rec_reduce,manual-strided,0.376
160000,8,0,rec_reduce,iterator-strided-dynamic,0.267
160000,8,0,rec_reduce,iterator-strided-static,0.255
320000,2,0,rec_reduce,linear,1.785
320000,2,0,rec_reduce,copy-strided,2.866
320000,2,0,rec_reduce,manual-strided,2.149
320000,2,0,rec_reduce,iterator-strided-dynamic,1.997
320000,2,0,rec_reduce,iterator-strided-static,1.893
320000,4,0,rec_reduce,linear,0.902
320000,4,0,rec_reduce,copy-strided,1.596
320000,4,0,rec_reduce,manual-strided,1.111
320000,4,0,rec_reduce,iterator-strided-dynamic,1.135
320000,4,0,rec_reduce,iterator-strided-static,1.058
320000,8,0,rec_reduce,linear,0.471
320000,8,0,rec_reduce,copy-strided,0.979
320000,8,0,rec_reduce,manual-strided,0.781
320000,8,0,rec_reduce,iterator-strided-dynamic,0.708
320000,8,0,rec_reduce,iterator-strided-static,0.683
480000,2,0,rec_reduce,linear,2.548
480000,2,0,rec_reduce,copy-strided,4.457
480000,2,0,rec_reduce,manual-strided,2.959
480000,2,0,rec_reduce,iterator-strided-dynamic,2.857
480000,2,0,rec_reduce,iterator-strided-static,2.661
480000,4,0,rec_reduce,linear,1.278
480000,4,0,rec_reduce,copy-strided,2.76
480000,4,0,rec_reduce,manual-strided,1.629
480000,4,0,rec_reduce,iterator-strided-dynamic,1.646
480000,4,0,rec_reduce,iterator-strided-static,1.559
480000,8,0,rec_reduce,linear,0.64
480000,8,0,rec_reduce,copy-strided,1.887
480000,8,0,rec_reduce,manual-strided,1.243
480000,8,0,rec_reduce,iterator-strided-dynamic,1.276
480000,8,0,rec_reduce,iterator-strided-static,1.289
640000,2,0,rec_reduce,linear,3.629
640000,2,0,rec_reduce,copy-strided,6.179
640000,2,0,rec_reduce,manual-strided,4.276
640000,2,0,rec_reduce,iterator-strided-dynamic,4.07
640000,2,0,rec_reduce,iterator-strided-static,3.77
640000,4,0,rec_reduce,linear,1.831
640000,4,0,rec_reduce,copy-strided,3.626
640000,4,0,rec_reduce,manual-strided,2.431
640000,4,0,rec_reduce,iterator-strided-dynamic,2.387
640000,4,0,rec_reduce,iterator-strided-static,2.241
640000,8,0,rec_reduce,linear,0.919
640000,8,0,rec_reduce,copy-strided,2.654
640000,8,0,rec_reduce,manual-strided,1.821
640000,8,0,rec_reduce,iterator-strided-dynamic,1.958
640000,8,0,rec_reduce,iterator-strided-static,1.803
800000,2,0,rec_reduce,linear,4.596
800000,2,0,rec_reduce,copy-strided,7.815
800000,2,0,rec_reduce,manual-strided,5.159
800000,2,0,rec_reduce,iterator-strided-dynamic,5.232
800000,2,0,rec_reduce,iterator-strided-static,4.914
800000,4,0,rec_reduce,linear,2.392
800000,4,0,rec_reduce,copy-strided,4.764
800000,4,0,rec_reduce,manual-strided,2.976
800000,4,0,rec_reduce,iterator-strided-dynamic,2.875
800000,4,0,rec_reduce,iterator-strided-static,2.888
800000,8,0,rec_reduce,linear,1.197
800000,8,0,rec_reduce,copy-strided,3.119
800000,8,0,rec_reduce,manual-strided,2.299
800000,8,0,rec_reduce,iterator-strided-dynamic,2.171
800000,8,0,rec_reduce,iterator-strided-static,2.326
960000,2,0,rec_reduce,linear,5.368
960000,2,0,rec_reduce,copy-strided,8.608
960000,2,0,rec_reduce,manual-strided,5.906
960000,2,0,rec_reduce,iterator-strided-dynamic,5.805
960000,2,0,rec_reduce,iterator-strided-static,5.574
960000,4,0,rec_reduce,linear,2.58
960000,4,0,rec_reduce,copy-strided,5.373
960000,4,0,rec_reduce,manual-strided,3.274
960000,4,0,rec_reduce,iterator-strided-dynamic,3.349
960000,4,0,rec_reduce,iterator-strided-static,3.115
960000,8,0,rec_reduce,linear,1.303
960000,8,0,rec_reduce,copy-strided,3.64
960000,8,0,rec_reduce,manual-strided,2.617
960000,8,0,rec_reduce,iterator-strided-dynamic,2.519
960000,8,0,rec_reduce,iterator-strided-static,2.675
1120000,2,0,rec_reduce,linear,6.456
1120000,2,0,rec_reduce,copy-strided,10.675
1120000,2,0,rec_reduce,manual-strided,7.511
1120000,2,0,rec_reduce,iterator-strided-dynamic,7.581
1120000,2,0,rec_reduce,iterator-strided-static,6.73
1120000,4,0,rec_reduce,linear,3.234
1120000,4,0,rec_reduce,copy-strided,6.445
1120000,4,0,rec_reduce,manual-strided,4.286
1120000,4,0,rec_reduce,iterator-strided-dynamic,4.273
1120000,4,0,rec_reduce,iterator-strided-static,3.961
1120000,8,0,rec_reduce,linear,1.614
1120000,8,0,rec_reduce,copy-strided,4.399
1120000,8,0,rec_reduce,manual-strided,2.985
1120000,8,0,rec_reduce,iterator-strided-dynamic,3.048
1120000,8,0,rec_reduce,iterator-strided-static,3.072
1280000,2,0,rec_reduce,linear,7.246
1280000,2,0,rec_reduce,copy-strided,11.923
1280000,2,0,rec_reduce,manual-strided,8.405
1280000,2,0,rec_reduce,iterator-strided-dynamic,8.266
1280000,2,0,rec_reduce,iterator-strided-static,7.48
1280000,4,0,rec_reduce,linear,3.697
1280000,4,0,rec_reduce,copy-strided,7.233
1280000,4,0,rec_reduce,manual-strided,4.87
1280000,4,0,rec_reduce,iterator-strided-dynamic,4.891
1280000,4,0,rec_reduce,iterator-strided-static,4.613
1280000,8,0,rec_reduce,linear,1.889
1280000,8,0,rec_reduce,copy-strided,4.931
1280000,8,0,rec_reduce,manual-strided,3.715
1280000,8,0,rec_reduce,iterator-strided-dynamic,3.678
1280000,8,0,rec_reduce,iterator-strided-static,3.515
1440000,2,0,rec_reduce,linear,8.237
1440000,2,0,rec_reduce,copy-strided,13.303
1440000,2,0,rec_reduce,manual-strided,9.587
1440000,2,0,rec_reduce,iterator-strided-dynamic,9.559
1440000,2,0,rec_reduce,iterator-strided-static,8.744
1440000,4,0,rec_reduce,linear,4.197
1440000,4,0,rec_reduce,copy-strided,7.576
1440000,4,0,rec_reduce,manual-strided,5.155
1440000,4,0,rec_reduce,iterator-strided-dynamic,5.081
1440000,4,0,rec_reduce,iterator-strided-static,4.939
1440000,8,0,rec_reduce,linear,2.032
1440000,8,0,rec_reduce,copy-strided,5.031
1440000,8,0,rec_reduce,manual-strided,3.783
1440000,8,0,rec_reduce,iterator-strided-dynamic,4.148
1440000,8,0,rec_reduce,iterator-strided-static,3.72
1600000,2,0,rec_reduce,linear,9.428
1600000,2,0,rec_reduce,copy-strided,15.052
1600000,2,0,rec_reduce,manual-strided,10.675
1600000,2,0,rec_reduce,iterator-strided-dynamic,10.636
1600000,2,0,rec_reduce,iterator-strided-static,9.641
1600000,4,0,rec_reduce,linear,4.604
1600000,4,0,rec_reduce,copy-strided,8.522
1600000,4,0,rec_reduce,manual-strided,5.539
1600000,4,0,rec_reduce,iterator-strided-dynamic,5.753
1600000,4,0,rec_reduce,iterator-strided-static,5.394
1600000,8,0,rec_reduce,linear,2.263
1600000,8,0,rec_reduce,copy-strided,5.57
1600000,8,0,rec_reduce,manual-strided,3.874
1600000,8,0,rec_reduce,iterator-strided-dynamic,3.906
1600000,8,0,rec_reduce,iterator-strided-static,3.954
160000,2,0,rec_reduce,linear,0.911
160000,2,0,rec_reduce,copy-strided,1.13
160000,2,0,rec_reduce,manual-strided,1.031
160000,2,0,rec_reduce,iterator-strided-dynamic,0.992
160000,2,0,rec_reduce,iterator-strided-static,0.902
160000,4,0,rec_reduce,linear,0.483
160000,4,0,rec_reduce,copy-strided,0.585
160000,4,0,rec_reduce,manual-strided,0.514
160000,4,0,rec_reduce,iterator-strided-dynamic,0.532
160000,4,0,rec_reduce,iterator-strided-static,0.527
160000,8,0,rec_reduce,linear,0.223
160000,8,0,rec_reduce,copy-strided,0.332
160000,8,0,rec_reduce,manual-strided,0.345
160000,8,0,rec_reduce,iterator-strided-dynamic,0.306
160000,8,0,rec_reduce,iterator-strided-static,0.257
320000,2,0,rec_reduce,linear,1.806
320000,2,0,rec_reduce,copy-strided,2.86
320000,2,0,rec_reduce,manual-strided,2.104
320000,2,0,rec_reduce,iterator-strided-dynamic,2.06
320000,2,0,rec_reduce,iterator-strided-static,1.892
320000,4,0,rec_reduce,linear,0.914
320000,4,0,rec_reduce,copy-strided,1.625
320000,4,0,rec_reduce,manual-strided,1.167
320000,4,0,rec_reduce,iterator-strided-dynamic,1.124
320000,4,0,rec_reduce,iterator-strided-static,1.071
320000,8,0,rec_reduce,linear,0.444
320000,8,0,rec_reduce,copy-strided,0.967
320000,8,0,rec_reduce,manual-strided,0.783
320000,8,0,rec_reduce,iterator-strided-dynamic,0.721
320000,8,0,rec_reduce,iterator-strided-static,0.706
480000,2,0,rec_reduce,linear,2.637
480000,2,0,rec_reduce,copy-strided,4.487
480000,2,0,rec_reduce,manual-strided,2.97
480000,2,0,rec_reduce,iterator-strided-dynamic,2.998
480000,2,0,rec_reduce,iterator-strided-static,2.734
480000,4,0,rec_reduce,linear,1.278
480000,4,0,rec_reduce,copy-strided,2.754
480000,4,0,rec_reduce,manual-strided,1.629
480000,4,0,rec_reduce,iterator-strided-dynamic,1.688
480000,4,0,rec_reduce,iterator-strided-static,1.559
480000,8,0,rec_reduce,linear,0.663
480000,8,0,rec_reduce,copy-strided,1.897
480000,8,0,rec_reduce,manual-strided,1.282
480000,8,0,rec_reduce,iterator-strided-dynamic,1.271
480000,8,0,rec_reduce,iterator-strided-static,1.337
640000,2,0,rec_reduce,linear,3.643
640000,2,0,rec_reduce,copy-strided,6.174
640000,2,0,rec_reduce,manual-strided,4.37
640000,2,0,rec_reduce,iterator-strided-dynamic,4.098
640000,2,0,rec_reduce,iterator-strided-static,3.779
640000,4,0,rec_reduce,linear,1.844
640000,4,0,rec_reduce,copy-strided,3.634
640000,4,0,rec_reduce,manual-strided,2.433
640000,4,0,rec_reduce,iterator-strided-dynamic,2.412
640000,4,0,rec_reduce,iterator-strided-static,2.333
640000,8,0,rec_reduce,linear,0.912
640000,8,0,rec_reduce,copy-strided,2.682
640000,8,0,rec_reduce,manual-strided,1.749
640000,8,0,rec_reduce,iterator-strided-dynamic,1.944
640000,8,0,rec_reduce,iterator-strided-static,1.821
800000,2,0,rec_reduce,linear,4.889
800000,2,0,rec_reduce,copy-strided,7.886
800000,2,0,rec_reduce,manual-strided,5.151
800000,2,0,rec_reduce,iterator-strided-dynamic,5.331
800000,2,0,rec_reduce,iterator-strided-static,4.983
800000,4,0,rec_reduce,linear,2.401
800000,4,0,rec_reduce,copy-strided,4.726
800000,4,0,rec_reduce,manual-strided,2.937
800000,4,0,rec_reduce,iterator-strided-dynamic,2.928
800000,4,0,rec_reduce,iterator-strided-static,2.893
800000,8,0,rec_reduce,linear,1.273
800000,8,0,rec_reduce,copy-strided,3.223
800000,8,0,rec_reduce,manual-strided,2.29
800000,8,0,rec_reduce,iterator-strided-dynamic,2.249
800000,8,0,rec_reduce,iterator-strided-static,2.315
960000,2,0,rec_reduce,linear,5.104
960000,2,0,rec_reduce,copy-strided,8.663
960000,2,0,rec_reduce,manual-strided,5.693
960000,2,0,rec_reduce,iterator-strided-dynamic,5.979
960000,2,0,rec_reduce,iterator-strided-static,5.613
960000,4,0,rec_reduce,linear,2.6
960000,4,0,rec_reduce,copy-strided,5.363
960000,4,0,rec_reduce,manual-strided,3.177
960000,4,0,rec_reduce,iterator-strided-dynamic,3.368
960000,4,0,rec_reduce,iterator-strided-static,3.134
960000,8,0,rec_reduce,linear,1.294
960000,8,0,rec_reduce,copy-strided,3.675
960000,8,0,rec_reduce,manual-strided,2.595
960000,8,0,rec_reduce,iterator-strided-dynamic,2.566
960000,8,0,rec_reduce,iterator-strided-static,2.689
1120000,2,0,rec_reduce,linear,6.464
1120000,2,0,rec_reduce,copy-strided,10.633
1120000,2,0,rec_reduce,manual-strided,7.703
1120000,2,0,rec_reduce,iterator-strided-dynamic,7.459
1120000,2,0,rec_reduce,iterator-strided-static,6.724
1120000,4,0,rec_reduce,linear,3.269
1120000,4,0,rec_reduce,copy-strided,6.434
1120000,4,0,rec_reduce,manual-strided,4.305
1120000,4,0,rec_reduce,iterator-strided-dynamic,4.169
1120000,4,0,rec_reduce,iterator-strided-static,4.066
1120000,8,0,rec_reduce,linear,1.628
1120000,8,0,rec_reduce,copy-strided,4.39
1120000,8,0,rec_reduce,manual-strided,3.045
1120000,8,0,rec_reduce,iterator-strided-dynamic,3.03
1120000,8,0,rec_reduce,iterator-strided-static,3.098
1280000,2,0,rec_reduce,linear,7.202
1280000,2,0,rec_reduce,copy-strided,12.08
1280000,2,0,rec_reduce,manual-strided,8.538
1280000,2,0,rec_reduce,iterator-strided-dynamic,8.115
1280000,2,0,rec_reduce,iterator-strided-static,7.606
1280000,4,0,rec_reduce,linear,3.692
1280000,4,0,rec_reduce,copy-strided,7.22
1280000,4,0,rec_reduce,manual-strided,4.809
1280000,4,0,rec_reduce,iterator-strided-dynamic,4.897
1280000,4,0,rec_reduce,iterator-strided-static,4.616
1280000,8,0,rec_reduce,linear,1.891
1280000,8,0,rec_reduce,copy-strided,4.977
1280000,8,0,rec_reduce,manual-strided,3.711
1280000,8,0,rec_reduce,iterator-strided-dynamic,3.682
1280000,8,0,rec_reduce,iterator-strided-static,3.509
1440000,2,0,rec_reduce,linear,8.524
1440000,2,0,rec_reduce,copy-strided,13.166
1440000,2,0,rec_reduce,manual-strided,9.567
1440000,2,0,rec_reduce,iterator-strided-dynamic,9.793
1440000,2,0,rec_reduce,iterator-strided-static,8.647
1440000,4,0,rec_reduce,linear,4.116
1440000,4,0,rec_reduce,copy-strided,7.666
1440000,4,0,rec_reduce,manual-strided,5.271
1440000,4,0,rec_reduce,iterator-strided-dynamic,5.235
1440000,4,0,rec_reduce,iterator-strided-static,4.975
1440000,8,0,rec_reduce,linear,2.051
1440000,8,0,rec_reduce,copy-strided,5.112
1440000,8,0,rec_reduce,manual-strided,3.937
1440000,8,0,rec_reduce,iterator-strided-dynamic,3.994
1440000,8,0,rec_reduce,iterator-strided-static,3.661
1600000,2,0,rec_reduce,linear,9.583
1600000,2,0,rec_reduce,copy-strided,14.841
1600000,2,0,rec_reduce,manual-strided,10.688
1600000,2,0,rec_reduce,iterator-strided-dynamic,10.549
1600000,2,0,rec_reduce,iterator-strided-static,9.881
1600000,4,0,rec_reduce,linear,4.637
1600000,4,0,rec_reduce,copy-strided,8.802
1600000,4,0,rec_reduce,manual-strided,5.679
1600000,4,0,rec_reduce,iterator-strided-dynamic,5.535
1600000,4,0,rec_reduce,iterator-strided-static,5.509
1600000,8,0,rec_reduce,linear,2.424
1600000,8,0,rec_reduce,copy-strided,5.748
1600000,8,0,rec_reduce,manual-strided,3.901
1600000,8,0,rec_reduce,iterator-strided-dynamic,3.818
1600000,8,0,rec_reduce,iterator-strided-static,3.898
160000,2,0,rec_reduce,linear,0.926
160000,2,0,rec_reduce,copy-strided,1.158
160000,2,0,rec_reduce,manual-strided,1.032
160000,2,0,rec_reduce,iterator-strided-dynamic,0.987
160000,2,0,rec_reduce,iterator-strided-static,0.929
160000,4,0,rec_reduce,linear,0.456
160000,4,0,rec_reduce,copy-strided,0.62
160000,4,0,rec_reduce,manual-strided,0.538
160000,4,0,rec_reduce,iterator-strided-dynamic,0.499
160000,4,0,rec_reduce,iterator-strided-static,0.524
160000,8,0,rec_reduce,linear,0.219
160000,8,0,rec_reduce,copy-strided,0.312
160000,8,0,rec_reduce,manual-strided,0.365
160000,8,0,rec_reduce,iterator-strided-dynamic,0.268
160000,8,0,rec_reduce,iterator-strided-static,0.278
320000,2,0,rec_reduce,linear,1.797
320000,2,0,rec_reduce,copy-strided,2.904
320000,2,0,rec_reduce,manual-strided,2.085
320000,2,0,rec_reduce,iterator-strided-dynamic,2.034
320000,2,0,rec_reduce,iterator-strided-static,1.943
320000,4,0,rec_reduce,linear,0.896
320000,4,0,rec_reduce,copy-strided,1.588
320000,4,0,rec_reduce,manual-strided,1.114
320000,4,0,rec_reduce,iterator-strided-dynamic,1.127
320000,4,0,rec_reduce,iterator-strided-static,1.053
320000,8,0,rec_reduce,linear,0.475
320000,8,0,rec_reduce,copy-strided,1.004
320000,8,0,rec_reduce,manual-strided,0.704
320000,8,0,rec_reduce,iterator-strided-dynamic,0.692
320000,8,0,rec_reduce,iterator-strided-static,0.683
480000,2,0,rec_reduce,linear,2.635
480000,2,0,rec_reduce,copy-strided,4.463
480000,2,0,rec_reduce,manual-strided,2.947
480000,2,0,rec_reduce,iterator-strided-dynamic,2.877
480000,2,0,rec_reduce,iterator-strided-static,2.645
480000,4,0,rec_reduce,linear,1.277
480000,4,0,rec_reduce,copy-strided,2.764
480000,4,0,rec_reduce,manual-strided,1.626
480000,4,0,rec_reduce,iterator-strided-dynamic,1.647
480000,4,0,rec_reduce,iterator-strided-static,1.537
480000,8,0,rec_reduce,linear,0.634
480000,8,0,rec_reduce,copy-strided,1.877
480000,8,0,rec_reduce,manual-strided,1.28
480000,8,0,rec_reduce,iterator-strided-dynamic,1.28
480000,8,0,rec_reduce,iterator-strided-static,1.291
640000,2,0,rec_reduce,linear,3.585
640000,2,0,rec_reduce,copy-strided,6.183
640000,2,0,rec_reduce,manual-strided,4.19
640000,2,0,rec_reduce,iterator-strided-dynamic,4.037
640000,2,0,rec_reduce,iterator-strided-static,3.754
640000,4,0,rec_reduce,linear,1.824
640000,4,0,rec_reduce,copy-strided,3.654
640000,4,0,rec_reduce,manual-strided,2.38
640000,4,0,rec_reduce,iterator-strided-dynamic,2.414
640000,4,0,rec_reduce,iterator-strided-static,2.258
640000,8,0,rec_reduce,linear,0.921
640000,8,0,rec_reduce,copy-strided,2.712
640000,8,0,rec_reduce,manual-strided,1.756
640000,8,0,rec_reduce,iterator-strided-dynamic,1.944
640000,8,0,rec_reduce,iterator-strided-static,1.789
800000,2,0,rec_reduce,linear,4.691
800000,2,0,rec_reduce,copy-strided,7.711
800000,2,0,rec_reduce,manual-strided,5.213
800000,2,0,rec_reduce,iterator-strided-dynamic,5.211
800000,2,0,rec_reduce,iterator-strided-static,4.864
800000,4,0,rec_reduce,linear,2.395
800000,4,0,rec_reduce,copy-strided,4.693
800000,4,0,rec_reduce,manual-strided,2.925
800000,4,0,rec_reduce,iterator-strided-dynamic,2.958
800000,4,0,rec_reduce,iterator-strided-static,2.891
800000,8,0,rec_reduce,linear,1.193
800000,8,0,rec_reduce,copy-strided,3.126
800000,8,0,rec_reduce,manual-strided,2.302
800000,8,0,rec_reduce,iterator-strided-dynamic,2.221
800000,8,0,rec_reduce,iterator-strided-static,2.362
960000,2,0,rec_reduce,linear,5.079
960000,2,0,rec_reduce,copy-strided,8.612
960000,2,0,rec_reduce,manual-strided,5.61
960000,2,0,rec_reduce,iterator-strided-dynamic,6.128
960000,2,0,rec_reduce,iterator-strided-static,5.527
960000,4,0,rec_reduce,linear,2.559
960000,4,0,rec_reduce,copy-strided,5.435
960000,4,0,rec_reduce,manual-strided,3.193
960000,4,0,rec_reduce,iterator-strided-dynamic,3.334
960000,4,0,rec_reduce,iterator-strided-static,3.213
960000,8,0,rec_reduce,linear,1.283
960000,8,0,rec_reduce,copy-strided,3.654
960000,8,0,rec_reduce,manual-strided,2.545
960000,8,0,rec_reduce,iterator-strided-dynamic,2.562
960000,8,0,rec_reduce,iterator-strided-static,2.614
1120000,2,0,rec_reduce,linear,6.5
1120000,2,0,rec_reduce,copy-strided,10.898
1120000,2,0,rec_reduce,manual-strided,7.507
1120000,2,0,rec_reduce,iterator-strided-dynamic,7.457
1120000,2,0,rec_reduce,iterator-strided-static,6.911
1120000,4,0,rec_reduce,linear,3.228
1120000,4,0,rec_reduce,copy-strided,6.465
1120000,4,0,rec_reduce,manual-strided,4.207
1120000,4,0,rec_reduce,iterator-strided-dynamic,4.189
1120000,4,0,rec_reduce,iterator-strided-static,3.986
1120000,8,0,rec_reduce,linear,1.627
1120000,8,0,rec_reduce,copy-strided,4.389
1120000,8,0,rec_reduce,manual-strided,2.989
1120000,8,0,rec_reduce,iterator-strided-dynamic,3.018
1120000,8,0,rec_reduce,iterator-strided-static,3.088
1280000,2,0,rec_reduce,linear,7.199
1280000,2,0,rec_reduce,copy-strided,11.942
1280000,2,0,rec_reduce,manual-strided,8.683
1280000,2,0,rec_reduce,iterator-strided-dynamic,8.324
1280000,2,0,rec_reduce,iterator-strided-static,7.56
1280000,4,0,rec_reduce,linear,3.695
1280000,4,0,rec_reduce,copy-strided,7.297
1280000,4,0,rec_reduce,manual-strided,4.921
1280000,4,0,rec_reduce,iterator-strided-dynamic,4.916
1280000,4,0,rec_reduce,iterator-strided-static,4.509
1280000,8,0,rec_reduce,linear,1.898
1280000,8,0,rec_reduce,copy-strided,4.884
1280000,8,0,rec_reduce,manual-strided,3.695
1280000,8,0,rec_reduce,iterator-strided-dynamic,3.691
1280000,8,0,rec_reduce,iterator-strided-static,3.565
1440000,2,0,rec_reduce,linear,8.609
1440000,2,0,rec_reduce,copy-strided,13.369
1440000,2,0,rec_reduce,manual-strided,9.575
1440000,2,0,rec_reduce,iterator-strided-dynamic,9.71
1440000,2,0,rec_reduce,iterator-strided-static,9.087
1440000,4,0,rec_reduce,linear,4.246
1440000,4,0,rec_reduce,copy-strided,7.698
1440000,4,0,rec_reduce,manual-strided,5.19
1440000,4,0,rec_reduce,iterator-strided-dynamic,5.237
1440000,4,0,rec_reduce,iterator-strided-static,4.929
1440000,8,0,rec_reduce,linear,2.051
1440000,8,0,rec_reduce,copy-strided,5.05
1440000,8,0,rec_reduce,manual-strided,3.898
1440000,8,0,rec_reduce,iterator-strided-dynamic,4.033
1440000,8,0,rec_reduce,iterator-strided-static,3.797
1600000,2,0,rec_reduce,linear,9.345
1600000,2,0,rec_reduce,copy-strided,14.581
1600000,2,0,rec_reduce,manual-strided,10.702
1600000,2,0,rec_reduce,iterator-strided-dynamic,10.574
1600000,2,0,rec_reduce,iterator-strided-static,9.788
1600000,4,0,rec_reduce,linear,4.578
1600000,4,0,rec_reduce,copy-strided,8.572
1600000,4,0,rec_reduce,manual-strided,5.752
1600000,4,0,rec_reduce,iterator-strided-dynamic,5.597
1600000,4,0,rec_reduce,iterator-strided-static,5.373
1600000,8,0,rec_reduce,linear,2.317
1600000,8,0,rec_reduce,copy-strided,5.644
1600000,8,0,rec_reduce,manual-strided,3.94
1600000,8,0,rec_reduce,iterator-strided-dynamic,3.88
1600000,8,0,rec_reduce,iterator-strided-static,4.024
160000,2,0,rec_reduce,linear,0.912
160000,2,0,rec_reduce,copy-strided,1.147
160000,2,0,rec_reduce,manual-strided,1.028
160000,2,0,rec_reduce,iterator-strided-dynamic,0.987
160000,2,0,rec_reduce,iterator-strided-static,0.934
160000,4,0,rec_reduce,linear,0.466
160000,4,0,rec_reduce,copy-strided,0.614
160000,4,0,rec_reduce,manual-strided,0.552
160000,4,0,rec_reduce,iterator-strided-dynamic,0.497
160000,4,0,rec_reduce,iterator-strided-static,0.511
160000,8,0,rec_reduce,linear,0.241
160000,8,0,rec_reduce,copy-strided,0.314
160000,8,0,rec_reduce,manual-strided,0.379
160000,8,0,rec_reduce,iterator-strided-dynamic,0.267
160000,8,0,rec_reduce,iterator-strided-static,0.278
320000,2,0,rec_reduce,linear,1.835
320000,2,0,rec_reduce,copy-strided,2.933
320000,2,0,rec_reduce,manual-strided,2.108
320000,2,0,rec_reduce,iterator-strided-dynamic,2.041
320000,2,0,rec_reduce,iterator-strided-static,1.946
320000,4,0,rec_reduce,linear,0.906
320000,4,0,rec_reduce,copy-strided,1.605
320000,4,0,rec_reduce,manual-strided,1.114
320000,4,0,rec_reduce,iterator-strided-dynamic,1.15
320000,4,0,rec_reduce,iterator-strided-static,1.047
320000,8,0,rec_reduce,linear,0.48
320000,8,0,rec_reduce,copy-strided,1.025
320000,8,0,rec_reduce,manual-strided,0.7
320000,8,0,rec_reduce,iterator-strided-dynamic,0.727
320000,8,0,rec_reduce,iterator-strided-static,0.689
480000,2,0,rec_reduce,linear,2.532
480000,2,0,rec_reduce,copy-strided,4.481
480000,2,0,rec_reduce,manual-strided,2.929
480000,2,0,rec_reduce,iterator-strided-dynamic,2.805
480000,2,0,rec_reduce,iterator-strided-static,2.84
480000,4,0,rec_reduce,linear,1.306
480000,4,0,rec_reduce,copy-strided,2.776
480000,4,0,rec_reduce,manual-strided,1.606
480000,4,0,rec_reduce,iterator-strided-dynamic,1.615
480000,4,0,rec_reduce,iterator-strided-static,1.527
480000,8,0,rec_reduce,linear,0.647
480000,8,0,rec_reduce,copy-strided,1.883
480000,8,0,rec_reduce,manual-strided,1.263
480000,8,0,rec_reduce,iterator-strided-dynamic,1.328
480000,8,0,rec_reduce,iterator-strided-static,1.316
640000,2,0,rec_reduce,linear,3.639
640000,2,0,rec_reduce,copy-strided,6.163
640000,2,0,rec_reduce,manual-strided,4.341
640000,2,0,rec_reduce,iterator-strided-dynamic,4.091
640000,2,0,rec_reduce,iterator-strided-static,3.788
640000,4,0,rec_reduce,linear,1.789
640000,4,0,rec_reduce,copy-strided,3.601
640000,4,0,rec_reduce,manual-strided,2.465
640000,4,0,rec_reduce,iterator-strided-dynamic,2.41
640000,4,0,rec_reduce,iterator-strided-static,2.32
640000,8,0,rec_reduce,linear,0.907
640000,8,0,rec_reduce,copy-strided,2.699
640000,8,0,rec_reduce,manual-strided,1.803
640000,8,0,rec_reduce,iterator-strided-dynamic,1.96
640000,8,0,rec_reduce,iterator-strided-static,1.821
800000,2,0,rec_reduce,linear,4.616
800000,2,0,rec_reduce,copy-strided,7.709
800000,2,0,rec_reduce,manual-strided,5.188
800000,2,0,rec_reduce,iterator-strided-dynamic,5.427
800000,2,0,rec_reduce,iterator-strided-static,4.799
800000,4,0,rec_reduce,linear,2.476
800000,4,0,rec_reduce,copy-strided,4.807
800000,4,0,rec_reduce,manual-strided,3.067
800000,4,0,rec_reduce,iterator-strided-dynamic,2.875
800000,4,0,rec_reduce,iterator-strided-static,2.854
800000,8,0,rec_reduce,linear,1.228
800000,8,0,rec_reduce,copy-strided,3.164
800000,8,0,rec_reduce,manual-strided,2.273
800000,8,0,rec_reduce,iterator-strided-dynamic,2.207
800000,8,0,rec_reduce,iterator-strided-static,2.305
960000,2,0,rec_reduce,linear,5.094
960000,2,0,rec_reduce,copy-strided,8.638
960000,2,0,rec_reduce,manual-strided,5.62
960000,2,0,rec_reduce,iterator-strided-dynamic,5.818
960000,2,0,rec_reduce,iterator-strided-static,5.6
960000,4,0,rec_reduce,linear,2.562
960000,4,0,rec_reduce,copy-strided,5.407
960000,4,0,rec_reduce,manual-strided,3.205
960000,4,0,rec_reduce,iterator-strided-dynamic,3.314
960000,4,0,rec_reduce,iterator-strided-static,3.146
960000,8,0,rec_reduce,linear,1.282
960000,8,0,rec_reduce,copy-strided,3.636
960000,8,0,rec_reduce,manual-strided,2.554
960000,8,0,rec_reduce,iterator-strided-dynamic,2.525
960000,8,0,rec_reduce,iterator-strided-static,2.63
1120000,2,0,rec_reduce,linear,6.484
1120000,2,0,rec_reduce,copy-strided,10.688
1120000,2,0,rec_reduce,manual-strided,7.499
1120000,2,0,rec_reduce,iterator-strided-dynamic,7.689
1120000,2,0,rec_reduce,iterator-strided-static,6.742
1120000,4,0,rec_reduce,linear,3.226
1120000,4,0,rec_reduce,copy-strided,6.416
1120000,4,0,rec_reduce,manual-strided,4.194
1120000,4,0,rec_reduce,iterator-strided-dynamic,4.271
1120000,4,0,rec_reduce,iterator-strided-static,4.084
1120000,8,0,rec_reduce,linear,1.627
1120000,8,0,rec_reduce,copy-strided,4.409
1120000,8,0,rec_reduce,manual-strided,3
1120000,8,0,rec_reduce,iterator-strided-dynamic,3.033
1120000,8,0,rec_reduce,iterator-strided-static,3.061
1280000,2,0,rec_reduce,linear,7.31
1280000,2,0,rec_reduce,copy-strided,11.972
1280000,2,0,rec_reduce,manual-strided,8.402
1280000,2,0,rec_reduce,iterator-strided-dynamic,8.08
1280000,2,0,rec_reduce,iterator-strided-static,7.568
1280000,4,0,rec_reduce,linear,3.641
1280000,4,0,rec_reduce,copy-strided,7.215
1280000,4,0,rec_reduce,manual-strided,4.852
1280000,4,0,rec_reduce,iterator-strided-dynamic,4.97
1280000,4,0,rec_reduce,iterator-strided-static,4.612
1280000,8,0,rec_reduce,linear,1.89
1280000,8,0,rec_reduce,copy-strided,4.924
1280000,8,0,rec_reduce,manual-strided,3.653
1280000,8,0,rec_reduce,iterator-strided-dynamic,3.692
1280000,8,0,rec_reduce,iterator-strided-static,3.552
1440000,2,0,rec_reduce,linear,8.193
1440000,2,0,rec_reduce,copy-strided,13.087
1440000,2,0,rec_reduce,manual-strided,9.53
1440000,2,0,rec_reduce,iterator-strided-dynamic,9.673
1440000,2,0,rec_reduce,iterator-strided-static,8.696
1440000,4,0,rec_reduce,linear,4.091
1440000,4,0,rec_reduce,copy-strided,7.662
1440000,4,0,rec_reduce,manual-strided,5.144
1440000,4,0,rec_reduce,iterator-strided-dynamic,5.191
1440000,4,0,rec_reduce,iterator-strided-static,5.061
1440000,8,0,rec_reduce,linear,2.085
1440000,8,0,rec_reduce,copy-strided,5.076
1440000,8,0,rec_reduce,manual-strided,3.901
1440000,8,0,rec_reduce,iterator-strided-dynamic,4.019
1440000,8,0,rec_reduce,iterator-strided-static,3.819
1600000,2,0,rec_reduce,linear,9.164
1600000,2,0,rec_reduce,copy-strided,14.935
1600000,2,0,rec_reduce,manual-strided,10.629
1600000,2,0,rec_reduce,iterator-strided-dynamic,10.61
1600000,2,0,rec_reduce,iterator-strided-static,9.73
1600000,4,0,rec_reduce,linear,4.739
1600000,4,0,rec_reduce,copy-strided,8.753
1600000,4,0,rec_reduce,manual-strided,5.698
1600000,4,0,rec_reduce,iterator-strided-dynamic,5.535
1600000,4,0,rec_reduce,iterator-strided-static,5.623
1600000,8,0,rec_reduce,linear,2.319
1600000,8,0,rec_reduce,copy-strided,5.653
1600000,8,0,rec_reduce,manual-strided,3.897
1600000,8,0,rec_reduce,iterator-strided-dynamic,3.825
1600000,8,0,rec_reduce,iterator-strided-static,3.95
160000,2,0,rec_reduce,linear,0.882
160000,2,0,rec_reduce,copy-strided,1.11
160000,2,0,rec_reduce,manual-strided,1.033
160000,2,0,rec_reduce,iterator-strided-dynamic,0.986
160000,2,0,rec_reduce,iterator-strided-static,0.883
160000,4,0,rec_reduce,linear,0.456
160000,4,0,rec_reduce,copy-strided,0.612
160000,4,0,rec_reduce,manual-strided,0.544
160000,4,0,rec_reduce,iterator-strided-dynamic,0.498
160000,4,0,rec_reduce,iterator-strided-static,0.489
160000,8,0,rec_reduce,linear,0.237
160000,8,0,rec_reduce,copy-strided,0.311
160000,8,0,rec_reduce,manual-strided,0.368
160000,8,0,rec_reduce,iterator-strided-dynamic,0.268
160000,8,0,rec_reduce,iterator-strided-static,0.291
320000,2,0,rec_reduce,linear,1.786
320000,2,0,rec_reduce,copy-strided,2.871
320000,2,0,rec_reduce,manual-strided,2.178
320000,2,0,rec_reduce,iterator-strided-dynamic,2.01
320000,2,0,rec_reduce,iterator-strided-static,1.91
320000,4,0,rec_reduce,linear,0.89
320000,4,0,rec_reduce,copy-strided,1.619
320000,4,0,rec_reduce,manual-strided,1.133
320000,4,0,rec_reduce,iterator-strided-dynamic,1.127
320000,4,0,rec_reduce,iterator-strided-static,1.046
320000,8,0,rec_reduce,linear,0.468
320000,8,0,rec_reduce,copy-strided,0.94
320000,8,0,rec_reduce,manual-strided,0.755
320000,8,0,rec_reduce,iterator-strided-dynamic,0.694
320000,8,0,rec_reduce,iterator-strided-static,0.667
480000,2,0,rec_reduce,linear,2.658
480000,2,0,rec_reduce,copy-strided,4.528
480000,2,0,rec_reduce,manual-strided,3.126
480000,2,0,rec_reduce,iterator-strided-dynamic,3.024
480000,2,0,rec_reduce,iterator-strided-static,2.747
480000,4,0,rec_reduce,linear,1.297
480000,4,0,rec_reduce,copy-strided,2.775
480000,4,0,rec_reduce,manual-strided,1.691
480000,4,0,rec_reduce,iterator-strided-dynamic,1.674
480000,4,0,rec_reduce,iterator-strided-static,1.582
480000,8,0,rec_reduce,linear,0.666
480000,8,0,rec_reduce,copy-strided,1.878
480000,8,0,rec_reduce,manual-strided,1.271
480000,8,0,rec_reduce,iterator-strided-dynamic,1.278
480000,8,0,rec_reduce,iterator-strided-static,1.301
640000,2,0,rec_reduce,linear,3.567
640000,2,0,rec_reduce,copy-strided,6.111
640000,2,0,rec_reduce,manual-strided,4.283
640000,2,0,rec_reduce,iterator-strided-dynamic,4.019
640000,2,0,rec_reduce,iterator-strided-static,3.781
640000,4,0,rec_reduce,linear,1.832
640000,4,0,rec_reduce,copy-strided,3.628
640000,4,0,rec_reduce,manual-strided,2.414
640000,4,0,rec_reduce,iterator-strided-dynamic,2.352
640000,4,0,rec_reduce,iterator-strided-static,2.272
640000,8,0,rec_reduce,linear,0.918
640000,8,0,rec_reduce,copy-strided,2.653
640000,8,0,rec_reduce,manual-strided,1.792
640000,8,0,rec_reduce,iterator-strided-dynamic,1.933
640000,8,0,rec_reduce,iterator-strided-static,1.771
800000,2,0,rec_reduce,linear,4.973
800000,2,0,rec_reduce,copy-strided,7.752
800000,2,0,rec_reduce,manual-strided,5.278
800000,2,0,rec_reduce,iterator-strided-dynamic,5.215
800000,2,0,rec_reduce,iterator-strided-static,4.871
800000,4,0,rec_reduce,linear,2.348
800000,4,0,rec_reduce,copy-strided,4.697
800000,4,0,rec_reduce,manual-strided,3.031
800000,4,0,rec_reduce,iterator-strided-dynamic,2.991
800000,4,0,rec_reduce,iterator-strided-static,2.848
800000,8,0,rec_reduce,linear,1.152
800000,8,0,rec_reduce,copy-strided,3.104
800000,8,0,rec_reduce,manual-strided,2.278
800000,8,0,rec_reduce,iterator-strided-dynamic,2.305
800000,8,0,rec_reduce,iterator-strided-static,2.381
960000,2,0,rec_reduce,linear,5.098
960000,2,0,rec_reduce,copy-strided,8.604
960000,2,0,rec_reduce,manual-strided,5.697
960000,2,0,rec_reduce,iterator-strided-dynamic,5.708
960000,2,0,rec_reduce,iterator-strided-static,5.374
960000,4,0,rec_reduce,linear,2.553
960000,4,0,rec_reduce,copy-strided,5.419
960000,4,0,rec_reduce,manual-strided,3.285
960000,4,0,rec_reduce,iterator-strided-dynamic,3.289
960000,4,0,rec_reduce,iterator-strided-static,3.128
960000,8,0,rec_reduce,linear,1.281
960000,8,0,rec_reduce,copy-strided,3.663
960000,8,0,rec_reduce,manual-strided,2.565
960000,8,0,rec_reduce,iterator-strided-dynamic,2.553
960000,8,0,rec_reduce,iterator-strided-static,2.683
1120000,2,0,rec_reduce,linear,6.44
1120000,2,0,rec_reduce,copy-strided,10.679
1120000,2,0,rec_reduce,manual-strided,7.758
1120000,2,0,rec_reduce,iterator-strided-dynamic,7.471
1120000,2,0,rec_reduce,iterator-strided-static,6.745
1120000,4,0,rec_reduce,linear,3.217
1120000,4,0,rec_reduce,copy-strided,6.432
1120000,4,0,rec_reduce,manual-strided,4.168
1120000,4,0,rec_reduce,iterator-strided-dynamic,4.172
1120000,4,0,rec_reduce,iterator-strided-static,3.986
1120000,8,0,rec_reduce,linear,1.646
1120000,8,0,rec_reduce,copy-strided,4.374
1120000,8,0,rec_reduce,manual-strided,3.017
1120000,8,0,rec_reduce,iterator-strided-dynamic,3.038
1120000,8,0,rec_reduce,iterator-strided-static,3.058
1280000,2,0,rec_reduce,linear,7.092
1280000,2,0,rec_reduce,copy-strided,11.927
1280000,2,0,rec_reduce,manual-strided,8.392
1280000,2,0,rec_reduce,iterator-strided-dynamic,8.254
1280000,2,0,rec_reduce,iterator-strided-static,7.556
1280000,4,0,rec_reduce,linear,3.632
1280000,4,0,rec_reduce,copy-strided,7.223
1280000,4,0,rec_reduce,manual-strided,4.848
1280000,4,0,rec_reduce,iterator-strided-dynamic,4.984
1280000,4,0,rec_reduce,iterator-strided-static,4.529
1280000,8,0,rec_reduce,linear,1.86
1280000,8,0,rec_reduce,copy-strided,4.553
1280000,8,0,rec_reduce,manual-strided,3.606
1280000,8,0,rec_reduce,iterator-strided-dynamic,3.681
1280000,8,0,rec_reduce,iterator-strided-static,3.606
1440000,2,0,rec_reduce,linear,8.404
1440000,2,0,rec_reduce,copy-strided,13.278
1440000,2,0,rec_reduce,manual-strided,9.728
1440000,2,0,rec_reduce,iterator-strided-dynamic,9.5
1440000,2,0,rec_reduce,iterator-strided-static,8.621
1440000,4,0,rec_reduce,linear,4.277
1440000,4,0,rec_reduce,copy-strided,8.533
1440000,4,0,rec_reduce,manual-strided,5.201
1440000,4,0,rec_reduce,iterator-strided-dynamic,5.135
1440000,4,0,rec_reduce,iterator-strided-static,5.034
1440000,8,0,rec_reduce,linear,2.008
1440000,8,0,rec_reduce,copy-strided,4.996
1440000,8,0,rec_reduce,manual-strided,3.769
1440000,8,0,rec_reduce,iterator-strided-dynamic,4.116
1440000,8,0,rec_reduce,iterator-strided-static,3.906
1600000,2,0,rec_reduce,linear,9.999
1600000,2,0,rec_reduce,copy-strided,15.169
1600000,2,0,rec_reduce,manual-strided,10.77
1600000,2,0,rec_reduce,iterator-strided-dynamic,10.625
1600000,2,0,rec_reduce,iterator-strided-static,10.412
1600000,4,0,rec_reduce,linear,4.613
1600000,4,0,rec_reduce,copy-strided,8.613
1600000,4,0,rec_reduce,manual-strided,5.544
1600000,4,0,rec_reduce,iterator-strided-dynamic,5.577
1600000,4,0,rec_reduce,iterator-strided-static,5.405
1600000,8,0,rec_reduce,linear,2.423
1600000,8,0,rec_reduce,copy-strided,5.734
1600000,8,0,rec_reduce,manual-strided,3.907
1600000,8,0,rec_reduce,iterator-strided-dynamic,3.828
1600000,8,0,rec_reduce,iterator-strided-static,3.849
160000,2,0,rec_reduce,linear,0.909
160000,2,0,rec_reduce,copy-strided,1.14
160000,2,0,rec_reduce,manual-strided,1.055
160000,2,0,rec_reduce,iterator-strided-dynamic,0.997
160000,2,0,rec_reduce,iterator-strided-static,0.922
160000,4,0,rec_reduce,linear,0.478
160000,4,0,rec_reduce,copy-strided,0.612
160000,4,0,rec_reduce,manual-strided,0.513
160000,4,0,rec_reduce,iterator-strided-dynamic,0.501
160000,4,0,rec_reduce,iterator-strided-static,0.513
160000,8,0,rec_reduce,linear,0.222
160000,8,0,rec_reduce,copy-strided,0.323
160000,8,0,rec_reduce,manual-strided,0.351
160000,8,0,rec_reduce,iterator-strided-dynamic,0.27
160000,8,0,rec_reduce,iterator-strided-static,0.262
320000,2,0,rec_reduce,linear,1.808
320000,2,0,rec_reduce,copy-strided,2.904
320000,2,0,rec_reduce,manual-strided,2.08
320000,2,0,rec_reduce,iterator-strided-dynamic,2.005
320000,2,0,rec_reduce,iterator-strided-static,1.905
320000,4,0,rec_reduce,linear,0.92
320000,4,0,rec_reduce,copy-strided,1.569
320000,4,0,rec_reduce,manual-strided,1.107
320000,4,0,rec_reduce,iterator-strided-dynamic,1.135
320000,4,0,rec_reduce,iterator-strided-static,1.058
320000,8,0,rec_reduce,linear,0.468
320000,8,0,rec_reduce,copy-strided,0.966
320000,8,0,rec_reduce,manual-strided,0.775
320000,8,0,rec_reduce,iterator-strided-dynamic,0.714
320000,8,0,rec_reduce,iterator-strided-static,0.683
480000,2,0,rec_reduce,linear,2.606
480000,2,0,rec_reduce,copy-strided,4.431
480000,2,0,rec_reduce,manual-strided,2.92
480000,2,0,rec_reduce,iterator-strided-dynamic,2.97
480000,2,0,rec_reduce,iterator-strided-static,2.757
480000,4,0,rec_reduce,linear,1.269
480000,4,0,rec_reduce,copy-strided,2.758
480000,4,0,rec_reduce,manual-strided,1.644
480000,4,0,rec_reduce,iterator-strided-dynamic,1.712
480000,4,0,rec_reduce,iterator-strided-static,1.537
480000,8,0,rec_reduce,linear,0.653
480000,8,0,rec_reduce,copy-strided,1.891
480000,8,0,rec_reduce,manual-strided,1.279
480000,8,0,rec_reduce,iterator-strided-dynamic,1.319
480000,8,0,rec_reduce,iterator-strided-static,1.283
640000,2,0,rec_reduce,linear,3.641
640000,2,0,rec_reduce,copy-strided,6.273
640000,2,0,rec_reduce,manual-strided,4.361
640000,2,0,rec_reduce,iterator-strided-dynamic,4.043
640000,2,0,rec_reduce,iterator-strided-static,3.806
640000,4,0,rec_reduce,linear,1.796
640000,4,0,rec_reduce,copy-strided,3.579
640000,4,0,rec_reduce,manual-strided,2.413
640000,4,0,rec_reduce,iterator-strided-dynamic,2.405
640000,4,0,rec_reduce,iterator-strided-static,2.285
640000,8,0,rec_reduce,linear,0.886
640000,8,0,rec_reduce,copy-strided,2.677
640000,8,0,rec_reduce,manual-strided,1.795
640000,8,0,rec_reduce,iterator-strided-dynamic,1.948
640000,8,0,rec_reduce,iterator-strided-static,1.747
800000,2,0,rec_reduce,linear,4.808
800000,2,0,rec_reduce,copy-strided,7.849
800000,2,0,rec_reduce,manual-strided,5.483
800000,2,0,rec_reduce,iterator-strided-dynamic,5.45
800000,2,0,rec_reduce,iterator-strided-static,4.964
800000,4,0,rec_reduce,linear,2.343
800000,4,0,rec_reduce,copy-strided,4.741
800000,4,0,rec_reduce,manual-strided,3.059
800000,4,0,rec_reduce,iterator-strided-dynamic,2.971
800000,4,0,rec_reduce,iterator-strided-static,2.916
800000,8,0,rec_reduce,linear,1.234
800000,8,0,rec_reduce,copy-strided,3.196
800000,8,0,rec_reduce,manual-strided,2.339
800000,8,0,rec_reduce,iterator-strided-dynamic,2.219
800000,8,0,rec_reduce,iterator-strided-static,2.372
960000,2,0,rec_reduce,linear,5.13
960000,2,0,rec_reduce,copy-strided,8.599
960000,2,0,rec_reduce,manual-strided,5.751
960000,2,0,rec_reduce,iterator-strided-dynamic,5.835
960000,2,0,rec_reduce,iterator-strided-static,5.517
960000,4,0,rec_reduce,linear,2.589
960000,4,0,rec_reduce,copy-strided,5.37
960000,4,0,rec_reduce,manual-strided,3.255
960000,4,0,rec_reduce,iterator-strided-dynamic,3.366
960000,4,0,rec_reduce,iterator-strided-static,3.095
960000,8,0,rec_reduce,linear,1.292
960000,8,0,rec_reduce,copy-strided,3.658
960000,8,0,rec_reduce,manual-strided,2.59
960000,8,0,rec_reduce,iterator-strided-dynamic,2.54
960000,8,0,rec_reduce,iterator-strided-static,2.68
1120000,2,0,rec_reduce,linear,6.451
1120000,2,0,rec_reduce,copy-strided,10.612
1120000,2,0,rec_reduce,manual-strided,7.506
1120000,2,0,rec_reduce,iterator-strided-dynamic,7.721
1120000,2,0,rec_reduce,iterator-strided-static,6.926
1120000,4,0,rec_reduce,linear,3.225
1120000,4,0,rec_reduce,copy-strided,6.407
1120000,4,0,rec_reduce,manual-strided,4.197
1120000,4,0,rec_reduce,iterator-strided-dynamic,4.245
1120000,4,0,rec_reduce,iterator-strided-static,3.98
1120000,8,0,rec_reduce,linear,1.627
1120000,8,0,rec_reduce,copy-strided,4.412
1120000,8,0,rec_reduce,manual-strided,3.026
1120000,8,0,rec_reduce,iterator-strided-dynamic,3.112
1120000,8,0,rec_reduce,iterator-strided-static,3.048
1280000,2,0,rec_reduce,linear,7.308
1280000,2,0,rec_reduce,copy-strided,11.916
1280000,2,0,rec_reduce,manual-strided,8.637
1280000,2,0,rec_reduce,iterator-strided-dynamic,8.186
1280000,2,0,rec_reduce,iterator-strided-static,12.244
1280000,4,0,rec_reduce,linear,3.65
1280000,4,0,rec_reduce,copy-strided,7.2
1280000,4,0,rec_reduce,manual-strided,4.903
1280000,4,0,rec_reduce,iterator-strided-dynamic,4.865
1280000,4,0,rec_reduce,iterator-strided-static,4.554
1280000,8,0,rec_reduce,linear,1.882
1280000,8,0,rec_reduce,copy-strided,4.976
1280000,8,0,rec_reduce,manual-strided,3.733
1280000,8,0,rec_reduce,iterator-strided-dynamic,3.671
1280000,8,0,rec_reduce,iterator-strided-static,3.525
1440000,2,0,rec_reduce,linear,8.224
1440000,2,0,rec_reduce,copy-strided,12.993
1440000,2,0,rec_reduce,manual-strided,9.997
1440000,2,0,rec_reduce,iterator-strided-dynamic,9.273
1440000,2,0,rec_reduce,iterator-strided-static,8.812
1440000,4,0,rec_reduce,linear,4.18
1440000,4,0,rec_reduce,copy-strided,7.807
1440000,4,0,rec_reduce,manual-strided,5.144
1440000,4,0,rec_reduce,iterator-strided-dynamic,5.209
1440000,4,0,rec_reduce,iterator-strided-static,4.964
1440000,8,0,rec_reduce,linear,2.102
1440000,8,0,rec_reduce,copy-strided,5.111
1440000,8,0,rec_reduce,manual-strided,3.786
1440000,8,0,rec_reduce,iterator-strided-dynamic,3.888
1440000,8,0,rec_reduce,iterator-strided-static,3.998
1600000,2,0,rec_reduce,linear,9.33
1600000,2,0,rec_reduce,copy-strided,14.726
1600000,2,0,rec_reduce,manual-strided,11.197
1600000,2,0,rec_reduce,iterator-strided-dynamic,10.533
1600000,2,0,rec_reduce,iterator-strided-static,9.763
1600000,4,0,rec_reduce,linear,4.639
1600000,4,0,rec_reduce,copy-strided,8.633
1600000,4,0,rec_reduce,manual-strided,5.564
1600000,4,0,rec_reduce,iterator-strided-dynamic,5.673
1600000,4,0,rec_reduce,iterator-strided-static,5.441
1600000,8,0,rec_reduce,linear,2.321
1600000,8,0,rec_reduce,copy-strided,5.637
1600000,8,0,rec_reduce,manual-strided,3.976
1600000,8,0,rec_reduce,iterator-strided-dynamic,3.849
1600000,8,0,rec_reduce,iterator-strided-static,3.983
160000,2,0,rec_reduce,linear,0.881
160000,2,0,rec_reduce,copy-strided,1.112
160000,2,0,rec_reduce,manual-strided,1.049
160000,2,0,rec_reduce,iterator-strided-dynamic,1.016
160000,2,0,rec_reduce,iterator-strided-static,0.913
160000,4,0,rec_reduce,linear,0.453
160000,4,0,rec_reduce,copy-strided,0.608
160000,4,0,rec_reduce,manual-strided,0.55
160000,4,0,rec_reduce,iterator-strided-dynamic,0.531
160000,4,0,rec_reduce,iterator-strided-static,0.491
160000,8,0,rec_reduce,linear,0.248
160000,8,0,rec_reduce,copy-strided,0.306
160000,8,0,rec_reduce,manual-strided,0.365
160000,8,0,rec_reduce,iterator-strided-dynamic,0.269
160000,8,0,rec_reduce,iterator-strided-static,0.292
320000,2,0,rec_reduce,linear,1.783
320000,2,0,rec_reduce,copy-strided,2.902
320000,2,0,rec_reduce,manual-strided,2.101
320000,2,0,rec_reduce,iterator-strided-dynamic,2.034
320000,2,0,rec_reduce,iterator-strided-static,1.872
320000,4,0,rec_reduce,linear,0.912
320000,4,0,rec_reduce,copy-strided,1.608
320000,4,0,rec_reduce,manual-strided,1.136
320000,4,0,rec_reduce,iterator-strided-dynamic,1.134
320000,4,0,rec_reduce,iterator-strided-static,1.075
320000,8,0,rec_reduce,linear,0.474
320000,8,0,rec_reduce,copy-strided,0.973
320000,8,0,rec_reduce,manual-strided,0.738
320000,8,0,rec_reduce,iterator-strided-dynamic,0.724
320000,8,0,rec_reduce,iterator-strided-static,0.694
480000,2,0,rec_reduce,linear,2.779
480000,2,0,rec_reduce,copy-strided,4.618
480000,2,0,rec_reduce,manual-strided,2.964
480000,2,0,rec_reduce,iterator-strided-dynamic,3.014
480000,2,0,rec_reduce,iterator-strided-static,2.707
480000,4,0,rec_reduce,linear,1.277
480000,4,0,rec_reduce,copy-strided,2.723
480000,4,0,rec_reduce,manual-strided,1.651
480000,4,0,rec_reduce,iterator-strided-dynamic,1.655
480000,4,0,rec_reduce,iterator-strided-static,1.574
480000,8,0,rec_reduce,linear,0.657
480000,8,0,rec_reduce,copy-strided,1.889
480000,8,0,rec_reduce,manual-strided,1.269
480000,8,0,rec_reduce,iterator-strided-dynamic,1.278
480000,8,0,rec_reduce,iterator-strided-static,1.308
640000,2,0,rec_reduce,linear,3.655
640000,2,0,rec_reduce,copy-strided,6.209
640000,2,0,rec_reduce,manual-strided,4.259
640000,2,0,rec_reduce,iterator-strided-dynamic,4.081
640000,2,0,rec_reduce,iterator-strided-static,3.731
640000,4,0,rec_reduce,linear,1.838
640000,4,0,rec_reduce,copy-strided,3.6
640000,4,0,rec_reduce,manual-strided,2.417
640000,4,0,rec_reduce,iterator-strided-dynamic,2.449
640000,4,0,rec_reduce,iterator-strided-static,2.337
640000,8,0,rec_reduce,linear,0.918
640000,8,0,rec_reduce,copy-strided,2.65
640000,8,0,rec_reduce,manual-strided,1.814
640000,8,0,rec_reduce,iterator-strided-dynamic,1.958
640000,8,0,rec_reduce,iterator-strided-static,1.798
800000,2,0,rec_reduce,linear,4.66
800000,2,0,rec_reduce,copy-strided,7.754
800000,2,0,rec_reduce,manual-strided,5.597
800000,2,0,rec_reduce,iterator-strided-dynamic,5.402
800000,2,0,rec_reduce,iterator-strided-static,4.856
800000,4,0,rec_reduce,linear,2.374
800000,4,0,rec_reduce,copy-strided,4.715
800000,4,0,rec_reduce,manual-strided,3.053
800000,4,0,rec_reduce,iterator-strided-dynamic,3.003
800000,4,0,rec_reduce,iterator-strided-static,2.853
800000,8,0,rec_reduce,linear,1.24
800000,8,0,rec_reduce,copy-strided,3.112
800000,8,0,rec_reduce,manual-strided,2.309
800000,8,0,rec_reduce,iterator-strided-dynamic,2.238
800000,8,0,rec_reduce,iterator-strided-static,2.301
960000,2,0,rec_reduce,linear,5.09
960000,2,0,rec_reduce,copy-strided,8.671
960000,2,0,rec_reduce,manual-strided,5.867
960000,2,0,rec_reduce,iterator-strided-dynamic,5.83
960000,2,0,rec_reduce,iterator-strided-static,5.335
960000,4,0,rec_reduce,linear,2.567
960000,4,0,rec_reduce,copy-strided,5.414
960000,4,0,rec_reduce,manual-strided,3.193
960000,4,0,rec_reduce,iterator-strided-dynamic,3.329
960000,4,0,rec_reduce,iterator-strided-static,3.118
960000,8,0,rec_reduce,linear,1.28
960000,8,0,rec_reduce,copy-strided,3.673
960000,8,0,rec_reduce,manual-strided,2.543
960000,8,0,rec_reduce,iterator-strided-dynamic,2.525
960000,8,0,rec_reduce,iterator-strided-static,2.632
1120000,2,0,rec_reduce,linear,6.607
1120000,2,0,rec_reduce,copy-strided,10.852
1120000,2,0,rec_reduce,manual-strided,7.732
1120000,2,0,rec_reduce,iterator-strided-dynamic,7.676
1120000,2,0,rec_reduce,iterator-strided-static,6.902
1120000,4,0,rec_reduce,linear,3.23
1120000,4,0,rec_reduce,copy-strided,6.444
1120000,4,0,rec_reduce,manual-strided,4.289
1120000,4,0,rec_reduce,iterator-strided-dynamic,4.284
1120000,4,0,rec_reduce,iterator-strided-static,3.964
1120000,8,0,rec_reduce,linear,1.644
1120000,8,0,rec_reduce,copy-strided,4.435
1120000,8,0,rec_reduce,manual-strided,2.981
1120000,8,0,rec_reduce,iterator-strided-dynamic,3.085
1120000,8,0,rec_reduce,iterator-strided-static,3.103
1280000,2,0,rec_reduce,linear,7.237
1280000,2,0,rec_reduce,copy-strided,11.942
1280000,2,0,rec_reduce,manual-strided,8.6
1280000,2,0,rec_reduce,iterator-strided-dynamic,8.177
1280000,2,0,rec_reduce,iterator-strided-static,7.626
1280000,4,0,rec_reduce,linear,3.681
1280000,4,0,rec_reduce,copy-strided,7.216
1280000,4,0,rec_reduce,manual-strided,4.906
1280000,4,0,rec_reduce,iterator-strided-dynamic,4.796
1280000,4,0,rec_reduce,iterator-strided-static,4.643
1280000,8,0,rec_reduce,linear,1.882
1280000,8,0,rec_reduce,copy-strided,4.947
1280000,8,0,rec_reduce,manual-strided,3.743
1280000,8,0,rec_reduce,iterator-strided-dynamic,3.716
1280000,8,0,rec_reduce,iterator-strided-static,3.529
1440000,2,0,rec_reduce,linear,8.275
1440000,2,0,rec_reduce,copy-strided,13.254
1440000,2,0,rec_reduce,manual-strided,9.772
1440000,2,0,rec_reduce,iterator-strided-dynamic,9.445
1440000,2,0,rec_reduce,iterator-strided-static,8.634
1440000,4,0,rec_reduce,linear,4.14
1440000,4,0,rec_reduce,copy-strided,7.77
1440000,4,0,rec_reduce,manual-strided,5.159
1440000,4,0,rec_reduce,iterator-strided-dynamic,5.281
1440000,4,0,rec_reduce,iterator-strided-static,4.931
1440000,8,0,rec_reduce,linear,2.141
1440000,8,0,rec_reduce,copy-strided,5.169
1440000,8,0,rec_reduce,manual-strided,3.935
1440000,8,0,rec_reduce,iterator-strided-dynamic,3.848
1440000,8,0,rec_reduce,iterator-strided-static,3.801
1600000,2,0,rec_reduce,linear,9.618
1600000,2,0,rec_reduce,copy-strided,14.75
1600000,2,0,rec_reduce,manual-strided,10.702
1600000,2,0,rec_reduce,iterator-strided-dynamic,10.722
1600000,2,0,rec_reduce,iterator-strided-static,9.887
1600000,4,0,rec_reduce,linear,4.703
1600000,4,0,rec_reduce,copy-strided,8.645
1600000,4,0,rec_reduce,manual-strided,5.536
1600000,4,0,rec_reduce,iterator-strided-dynamic,5.537
1600000,4,0,rec_reduce,iterator-strided-static,5.417
1600000,8,0,rec_reduce,linear,2.464
1600000,8,0,rec_reduce,copy-strided,5.761
1600000,8,0,rec_reduce,manual-strided,3.866
1600000,8,0,rec_reduce,iterator-strided-dynamic,3.81
1600000,8,0,rec_reduce,iterator-strided-static,3.949
160000,2,0,rec_reduce,linear,0.94
160000,2,0,rec_reduce,copy-strided,1.151
160000,2,0,rec_reduce,manual-strided,1.049
160000,2,0,rec_reduce,iterator-strided-dynamic,1.009
160000,2,0,rec_reduce,iterator-strided-static,0.91
160000,4,0,rec_reduce,linear,0.488
160000,4,0,rec_reduce,copy-strided,0.593
160000,4,0,rec_reduce,manual-strided,0.525
160000,4,0,rec_reduce,iterator-strided-dynamic,0.532
160000,4,0,rec_reduce,iterator-strided-static,0.51
160000,8,0,rec_reduce,linear,0.226
160000,8,0,rec_reduce,copy-strided,0.314
160000,8,0,rec_reduce,manual-strided,0.351
160000,8,0,rec_reduce,iterator-strided-dynamic,0.29
160000,8,0,rec_reduce,iterator-strided-static,0.261
320000,2,0,rec_reduce,linear,1.826
320000,2,0,rec_reduce,copy-strided,2.892
320000,2,0,rec_reduce,manual-strided,2.135
320000,2,0,rec_reduce,iterator-strided-dynamic,2.043
320000,2,0,rec_reduce,iterator-strided-static,1.851
320000,4,0,rec_reduce,linear,0.904
320000,4,0,rec_reduce,copy-strided,1.643
320000,4,0,rec_reduce,manual-strided,1.137
320000,4,0,rec_reduce,iterator-strided-dynamic,1.11
320000,4,0,rec_reduce,iterator-strided-static,1.035
320000,8,0,rec_reduce,linear,0.455
320000,8,0,rec_reduce,copy-strided,0.96
320000,8,0,rec_reduce,manual-strided,0.773
320000,8,0,rec_reduce,iterator-strided-dynamic,0.724
320000,8,0,rec_reduce,iterator-strided-static,0.707
480000,2,0,rec_reduce,linear,2.656
480000,2,0,rec_reduce,copy-strided,4.529
480000,2,0,rec_reduce,manual-strided,2.972
480000,2,0,rec_reduce,iterator-strided-dynamic,2.99
480000,2,0,rec_reduce,iterator-strided-static,2.655
480000,4,0,rec_reduce,linear,1.297
480000,4,0,rec_reduce,copy-strided,2.77
480000,4,0,rec_reduce,manual-strided,1.628
480000,4,0,rec_reduce,iterator-strided-dynamic,1.652
480000,4,0,rec_reduce,iterator-strided-static,1.583
480000,8,0,rec_reduce,linear,0.638
480000,8,0,rec_reduce,copy-strided,1.872
480000,8,0,rec_reduce,manual-strided,1.248
480000,8,0,rec_reduce,iterator-strided-dynamic,1.311
480000,8,0,rec_reduce,iterator-strided-static,1.294
640000,2,0,rec_reduce,linear,3.689
640000,2,0,rec_reduce,copy-strided,6.194
640000,2,0,rec_reduce,manual-strided,4.313
640000,2,0,rec_reduce,iterator-strided-dynamic,4.031
640000,2,0,rec_reduce,iterator-strided-static,3.753
640000,4,0,rec_reduce,linear,1.836
640000,4,0,rec_reduce,copy-strided,3.605
640000,4,0,rec_reduce,manual-strided,2.441
640000,4,0,rec_reduce,iterator-strided-dynamic,2.456
640000,4,0,rec_reduce,iterator-strided-static,2.335
640000,8,0,rec_reduce,linear,0.919
640000,8,0,rec_reduce,copy-strided,2.64
640000,8,0,rec_reduce,manual-strided,1.812
640000,8,0,rec_reduce,iterator-strided-dynamic,1.92
640000,8,0,rec_reduce,iterator-strided-static,1.716
800000,2,0,rec_reduce,linear,4.668
800000,2,0,rec_reduce,copy-strided,7.766
800000,2,0,rec_reduce,manual-strided,5.422
800000,2,0,rec_reduce,iterator-strided-dynamic,5.27
800000,2,0,rec_reduce,iterator-strided-static,4.849
800000,4,0,rec_reduce,linear,2.337
800000,4,0,rec_reduce,copy-strided,4.679
800000,4,0,rec_reduce,manual-strided,3.039
800000,4,0,rec_reduce,iterator-strided-dynamic,2.871
800000,4,0,rec_reduce,iterator-strided-static,2.788
800000,8,0,rec_reduce,linear,1.22
800000,8,0,rec_reduce,copy-strided,3.126
800000,8,0,rec_reduce,manual-strided,2.256
800000,8,0,rec_reduce,iterator-strided-dynamic,2.187
800000,8,0,rec_reduce,iterator-strided-static,2.356
960000,2,0,rec_reduce,linear,9.747
960000,2,0,rec_reduce,copy-strided,8.611
960000,2,0,rec_reduce,manual-strided,5.575
960000,2,0,rec_reduce,iterator-strided-dynamic,5.727
960000,2,0,rec_reduce,iterator-strided-static,5.386
960000,4,0,rec_reduce,linear,2.583
960000,4,0,rec_reduce,copy-strided,5.417
960000,4,0,rec_reduce,manual-strided,3.191
960000,4,0,rec_reduce,iterator-strided-dynamic,3.341
960000,4,0,rec_reduce,iterator-strided-static,3.159
960000,8,0,rec_reduce,linear,1.29
960000,8,0,rec_reduce,copy-strided,3.63
960000,8,0,rec_reduce,manual-strided,2.601
960000,8,0,rec_reduce,iterator-strided-dynamic,2.515
960000,8,0,rec_reduce,iterator-strided-static,2.671
1120000,2,0,rec_reduce,linear,6.472
1120000,2,0,rec_reduce,copy-strided,10.641
1120000,2,0,rec_reduce,manual-strided,7.511
1120000,2,0,rec_reduce,iterator-strided-dynamic,7.453
1120000,2,0,rec_reduce,iterator-strided-static,6.925
1120000,4,0,rec_reduce,linear,3.22
1120000,4,0,rec_reduce,copy-strided,6.445
1120000,4,0,rec_reduce,manual-strided,4.206
1120000,4,0,rec_reduce,iterator-strided-dynamic,4.199
1120000,4,0,rec_reduce,iterator-strided-static,3.971
1120000,8,0,rec_reduce,linear,1.617
1120000,8,0,rec_reduce,copy-strided,4.419
1120000,8,0,rec_reduce,manual-strided,3.04
1120000,8,0,rec_reduce,iterator-strided-dynamic,3.023
1120000,8,0,rec_reduce,iterator-strided-static,3.085
1280000,2,0,rec_reduce,linear,7.227
1280000,2,0,rec_reduce,copy-strided,11.901
1280000,2,0,rec_reduce,manual-strided,8.462
1280000,2,0,rec_reduce,iterator-strided-dynamic,8.313
1280000,2,0,rec_reduce,iterator-strided-static,7.581
1280000,4,0,rec_reduce,linear,3.715
1280000,4,0,rec_reduce,copy-strided,7.246
1280000,4,0,rec_reduce,manual-strided,4.92
1280000,4,0,rec_reduce,iterator-strided-dynamic,4.922
1280000,4,0,rec_reduce,iterator-strided-static,4.555
1280000,8,0,rec_reduce,linear,1.873
1280000,8,0,rec_reduce,copy-strided,4.905
1280000,8,0,rec_reduce,manual-strided,3.659
1280000,8,0,rec_reduce,iterator-strided-dynamic,3.744
1280000,8,0,rec_reduce,iterator-strided-static,3.531
1440000,2,0,rec_reduce,linear,8.511
1440000,2,0,rec_reduce,copy-strided,13.285
1440000,2,0,rec_reduce,manual-strided,9.84
1440000,2,0,rec_reduce,iterator-strided-dynamic,9.231
1440000,2,0,rec_reduce,iterator-strided-static,9.09
1440000,4,0,rec_reduce,linear,4.158
1440000,4,0,rec_reduce,copy-strided,7.664
1440000,4,0,rec_reduce,manual-strided,5.431
1440000,4,0,rec_reduce,iterator-strided-dynamic,5.063
1440000,4,0,rec_reduce,iterator-strided-static,4.961
1440000,8,0,rec_reduce,linear,2.014
1440000,8,0,rec_reduce,copy-strided,4.995
1440000,8,0,rec_reduce,manual-strided,3.939
1440000,8,0,rec_reduce,iterator-strided-dynamic,3.902
1440000,8,0,rec_reduce,iterator-strided-static,3.662
1600000,2,0,rec_reduce,linear,9.733
1600000,2,0,rec_reduce,copy-strided,14.944
1600000,2,0,rec_reduce,manual-strided,10.869
1600000,2,0,rec_reduce,iterator-strided-dynamic,10.36
1600000,2,0,rec_reduce,iterator-strided-static,9.852
1600000,4,0,rec_reduce,linear,4.639
1600000,4,0,rec_reduce,copy-strided,8.665
1600000,4,0,rec_reduce,manual-strided,5.795
1600000,4,0,rec_reduce,iterator-strided-dynamic,5.502
1600000,4,0,rec_reduce,iterator-strided-static,5.707
1600000,8,0,rec_reduce,linear,2.342
1600000,8,0,rec_reduce,copy-strided,5.666
1600000,8,0,rec_reduce,manual-strided,3.986
1600000,8,0,rec_reduce,iterator-strided-dynamic,3.796
1600000,8,0,rec_reduce,iterator-strided-static,3.981
160000,2,0,rec_reduce,linear,0.893
160000,2,0,rec_reduce,copy-strided,1.135
160000,2,0,rec_reduce,manual-strided,1.029
160000,2,0,rec_reduce,iterator-strided-dynamic,0.982
160000,2,0,rec_reduce,iterator-strided-static,0.903
160000,4,0,rec_reduce,linear,0.465
160000,4,0,rec_reduce,copy-strided,0.597
160000,4,0,rec_reduce,manual-strided,0.54
160000,4,0,rec_reduce,iterator-strided-dynamic,0.522
160000,4,0,rec_reduce,iterator-strided-static,0.487
160000,8,0,rec_reduce,linear,0.235
160000,8,0,rec_reduce,copy-strided,0.31
160000,8,0,rec_reduce,manual-strided,0.387
160000,8,0,rec_reduce,iterator-strided-dynamic,0.266
160000,8,0,rec_reduce,iterator-strided-static,0.264
320000,2,0,rec_reduce,linear,1.796
320000,2,0,rec_reduce,copy-strided,2.885
320000,2,0,rec_reduce,manual-strided,2.082
320000,2,0,rec_reduce,iterator-strided-dynamic,2.033
320000,2,0,rec_reduce,iterator-strided-static,1.861
320000,4,0,rec_reduce,linear,0.9
320000,4,0,rec_reduce,copy-strided,1.594
320000,4,0,rec_reduce,manual-strided,1.111
320000,4,0,rec_reduce,iterator-strided-dynamic,1.127
320000,4,0,rec_reduce,iterator-strided-static,1.031
320000,8,0,rec_reduce,linear,0.451
320000,8,0,rec_reduce,copy-strided,0.945
320000,8,0,rec_reduce,manual-strided,0.732
320000,8,0,rec_reduce,iterator-strided-dynamic,0.729
320000,8,0,rec_reduce,iterator-strided-static,0.696
480000,2,0,rec_reduce,linear,2.642
480000,2,0,rec_reduce,copy-strided,4.511
480000,2,0,rec_reduce,manual-strided,2.955
480000,2,0,rec_reduce,iterator-strided-dynamic,2.828
480000,2,0,rec_reduce,iterator-strided-static,2.788
480000,4,0,rec_reduce,linear,1.308
480000,4,0,rec_reduce,copy-strided,2.761
480000,4,0,rec_reduce,manual-strided,1.592
480000,4,0,rec_reduce,iterator-strided-dynamic,1.595
480000,4,0,rec_reduce,iterator-strided-static,1.551
480000,8,0,rec_reduce,linear,0.673
480000,8,0,rec_reduce,copy-strided,1.886
480000,8,0,rec_reduce,manual-strided,1.269
480000,8,0,rec_reduce,iterator-strided-dynamic,1.333
480000,8,0,rec_reduce,iterator-strided-static,1.29
640000,2,0,rec_reduce,linear,3.661
640000,2,0,rec_reduce,copy-strided,6.173
640000,2,0,rec_reduce,manual-strided,4.289
640000,2,0,rec_reduce,iterator-strided-dynamic,4.09
640000,2,0,rec_reduce,iterator-strided-static,3.784
640000,4,0,rec_reduce,linear,1.827
640000,4,0,rec_reduce,copy-strided,3.601
640000,4,0,rec_reduce,manual-strided,2.442
640000,4,0,rec_reduce,iterator-strided-dynamic,2.417
640000,4,0,rec_reduce,iterator-strided-static,2.374
640000,8,0,rec_reduce,linear,0.904
640000,8,0,rec_reduce,copy-strided,2.696
640000,8,0,rec_reduce,manual-strided,1.792
640000,8,0,rec_reduce,iterator-strided-dynamic,1.941
640000,8,0,rec_reduce,iterator-strided-static,1.781
800000,2,0,rec_reduce,linear,4.868
800000,2,0,rec_reduce,copy-strided,7.827
800000,2,0,rec_reduce,manual-strided,5.181
800000,2,0,rec_reduce,iterator-strided-dynamic,5.195
800000,2,0,rec_reduce,iterator-strided-static,4.984
800000,4,0,rec_reduce,linear,2.39
800000,4,0,rec_reduce,copy-strided,4.695
800000,4,0,rec_reduce,manual-strided,2.972
800000,4,0,rec_reduce,iterator-strided-dynamic,2.856
800000,4,0,rec_reduce,iterator-strided-static,2.824
800000,8,0,rec_reduce,linear,1.207
800000,8,0,rec_reduce,copy-strided,3.112
800000,8,0,rec_reduce,manual-strided,2.423
800000,8,0,rec_reduce,iterator-strided-dynamic,2.298
800000,8,0,rec_reduce,iterator-strided-static,2.402
960000,2,0,rec_reduce,linear,5.097
960000,2,0,rec_reduce,copy-strided,8.61
960000,2,0,rec_reduce,manual-strided,5.627
960000,2,0,rec_reduce,iterator-strided-dynamic,5.818
960000,2,0,rec_reduce,iterator-strided-static,5.483
960000,4,0,rec_reduce,linear,2.548
960000,4,0,rec_reduce,copy-strided,5.415
960000,4,0,rec_reduce,manual-strided,3.178
960000,4,0,rec_reduce,iterator-strided-dynamic,3.419
960000,4,0,rec_reduce,iterator-strided-static,3.113
960000,8,0,rec_reduce,linear,1.28
960000,8,0,rec_reduce,copy-strided,3.653
960000,8,0,rec_reduce,manual-strided,2.608
960000,8,0,rec_reduce,iterator-strided-dynamic,2.566
960000,8,0,rec_reduce,iterator-strided-static,2.655
1120000,2,0,rec_reduce,linear,6.447
1120000,2,0,rec_reduce,copy-strided,10.671
1120000,2,0,rec_reduce,manual-strided,7.531
1120000,2,0,rec_reduce,iterator-strided-dynamic,7.454
1120000,2,0,rec_reduce,iterator-strided-static,6.931
1120000,4,0,rec_reduce,linear,3.223
1120000,4,0,rec_reduce,copy-strided,6.423
1120000,4,0,rec_reduce,manual-strided,4.234
1120000,4,0,rec_reduce,iterator-strided-dynamic,4.178
1120000,4,0,rec_reduce,iterator-strided-static,3.998
1120000,8,0,rec_reduce,linear,1.644
1120000,8,0,rec_reduce,copy-strided,4.435
1120000,8,0,rec_reduce,manual-strided,2.989
1120000,8,0,rec_reduce,iterator-strided-dynamic,3.019
1120000,8,0,rec_reduce,iterator-strided-static,3.06
1280000,2,0,rec_reduce,linear,7.24
1280000,2,0,rec_reduce,copy-strided,11.961
1280000,2,0,rec_reduce,manual-strided,8.398
1280000,2,0,rec_reduce,iterator-strided-dynamic,8.158
1280000,2,0,rec_reduce,iterator-strided-static,7.564
1280000,4,0,rec_reduce,linear,3.664
1280000,4,0,rec_reduce,copy-strided,7.264
1280000,4,0,rec_reduce,manual-strided,4.866
1280000,4,0,rec_reduce,iterator-strided-dynamic,4.819
1280000,4,0,rec_reduce,iterator-strided-static,4.548
1280000,8,0,rec_reduce,linear,1.885
1280000,8,0,rec_reduce,copy-strided,4.933
1280000,8,0,rec_reduce,manual-strided,3.617
1280000,8,0,rec_reduce,iterator-strided-dynamic,3.709
1280000,8,0,rec_reduce,iterator-strided-static,3.603
1440000,2,0,rec_reduce,linear,8.401
1440000,2,0,rec_reduce,copy-strided,13.455
1440000,2,0,rec_reduce,manual-strided,9.642
1440000,2,0,rec_reduce,iterator-strided-dynamic,9.688
1440000,2,0,rec_reduce,iterator-strided-static,8.832
1440000,4,0,rec_reduce,linear,4.196
1440000,4,0,rec_reduce,copy-strided,7.756
1440000,4,0,rec_reduce,manual-strided,5.158
1440000,4,0,rec_reduce,iterator-strided-dynamic,5.081
1440000,4,0,rec_reduce,iterator-strided-static,4.918
1440000,8,0,rec_reduce,linear,2.049
1440000,8,0,rec_reduce,copy-strided,5.035
1440000,8,0,rec_reduce,manual-strided,3.888
1440000,8,0,rec_reduce,iterator-strided-dynamic,4.18
1440000,8,0,rec_reduce,iterator-strided-static,3.638
1600000,2,0,rec_reduce,linear,9.202
1600000,2,0,rec_reduce,copy-strided,14.703
1600000,2,0,rec_reduce,manual-strided,10.637
1600000,2,0,rec_reduce,iterator-strided-dynamic,10.831
1600000,2,0,rec_reduce,iterator-strided-static,9.732
1600000,4,0,rec_reduce,linear,4.628
1600000,4,0,rec_reduce,copy-strided,8.644
1600000,4,0,rec_reduce,manual-strided,5.843
1600000,4,0,rec_reduce,iterator-strided-dynamic,5.668
1600000,4,0,rec_reduce,iterator-strided-static,5.474
1600000,8,0,rec_reduce,linear,2.453
1600000,8,0,rec_reduce,copy-strided,5.766
1600000,8,0,rec_reduce,manual-strided,3.889
1600000,8,0,rec_reduce,iterator-strided-dynamic,3.85
1600000,8,0,rec_reduce,iterator-strided-static,3.982
