160000,2,0,rec_reduce,linear,0.411
160000,2,0,rec_reduce,copy-strided,1.058
160000,2,0,rec_reduce,manual-strided,0.547
160000,2,0,rec_reduce,iterator-strided-dynamic,0.507
160000,2,0,rec_reduce,iterator-strided-static,0.447
160000,4,0,rec_reduce,linear,0.216
160000,4,0,rec_reduce,copy-strided,0.332
160000,4,0,rec_reduce,manual-strided,0.359
160000,4,0,rec_reduce,iterator-strided-dynamic,0.182
160000,4,0,rec_reduce,iterator-strided-static,0.171
160000,8,0,rec_reduce,linear,0.119
160000,8,0,rec_reduce,copy-strided,0.192
160000,8,0,rec_reduce,manual-strided,0.153
160000,8,0,rec_reduce,iterator-strided-dynamic,0.201
160000,8,0,rec_reduce,iterator-strided-static,0.127
320000,2,0,rec_reduce,linear,0.881
320000,2,0,rec_reduce,copy-strided,2.307
320000,2,0,rec_reduce,manual-strided,1.015
320000,2,0,rec_reduce,iterator-strided-dynamic,1.096
320000,2,0,rec_reduce,iterator-strided-static,1.029
320000,4,0,rec_reduce,linear,0.424
320000,4,0,rec_reduce,copy-strided,1.149
320000,4,0,rec_reduce,manual-strided,0.705
320000,4,0,rec_reduce,iterator-strided-dynamic,0.708
320000,4,0,rec_reduce,iterator-strided-static,0.706
320000,8,0,rec_reduce,linear,0.236
320000,8,0,rec_reduce,copy-strided,0.69
320000,8,0,rec_reduce,manual-strided,0.558
320000,8,0,rec_reduce,iterator-strided-dynamic,0.593
320000,8,0,rec_reduce,iterator-strided-static,0.532
480000,2,0,rec_reduce,linear,1.272
480000,2,0,rec_reduce,copy-strided,3.35
480000,2,0,rec_reduce,manual-strided,1.497
480000,2,0,rec_reduce,iterator-strided-dynamic,1.587
480000,2,0,rec_reduce,iterator-strided-static,1.521
480000,4,0,rec_reduce,linear,0.586
480000,4,0,rec_reduce,copy-strided,1.977
480000,4,0,rec_reduce,manual-strided,1.305
480000,4,0,rec_reduce,iterator-strided-dynamic,1.614
480000,4,0,rec_reduce,iterator-strided-static,1.735
480000,8,0,rec_reduce,linear,0.323
480000,8,0,rec_reduce,copy-strided,1.502
480000,8,0,rec_reduce,manual-strided,1.285
480000,8,0,rec_reduce,iterator-strided-dynamic,1.271
480000,8,0,rec_reduce,iterator-strided-static,1.299
640000,2,0,rec_reduce,linear,1.777
640000,2,0,rec_reduce,copy-strided,4.474
640000,2,0,rec_reduce,manual-strided,2.169
640000,2,0,rec_reduce,iterator-strided-dynamic,1.977
640000,2,0,rec_reduce,iterator-strided-static,1.884
640000,4,0,rec_reduce,linear,0.861
640000,4,0,rec_reduce,copy-strided,2.849
640000,4,0,rec_reduce,manual-strided,1.832
640000,4,0,rec_reduce,iterator-strided-dynamic,1.831
640000,4,0,rec_reduce,iterator-strided-static,1.831
640000,8,0,rec_reduce,linear,0.438
640000,8,0,rec_reduce,copy-strided,2.065
640000,8,0,rec_reduce,manual-strided,1.818
640000,8,0,rec_reduce,iterator-strided-dynamic,1.816
640000,8,0,rec_reduce,iterator-strided-static,2.05
800000,2,0,rec_reduce,linear,2.431
800000,2,0,rec_reduce,copy-strided,5.736
800000,2,0,rec_reduce,manual-strided,2.922
800000,2,0,rec_reduce,iterator-strided-dynamic,2.443
800000,2,0,rec_reduce,iterator-strided-static,2.392
800000,4,0,rec_reduce,linear,1.204
800000,4,0,rec_reduce,copy-strided,3.625
800000,4,0,rec_reduce,manual-strided,2.299
800000,4,0,rec_reduce,iterator-strided-dynamic,2.205
800000,4,0,rec_reduce,iterator-strided-static,2.226
800000,8,0,rec_reduce,linear,0.618
800000,8,0,rec_reduce,copy-strided,2.684
800000,8,0,rec_reduce,manual-strided,2.223
800000,8,0,rec_reduce,iterator-strided-dynamic,2.235
800000,8,0,rec_reduce,iterator-strided-static,2.282
960000,2,0,rec_reduce,linear,2.6
960000,2,0,rec_reduce,copy-strided,6.187
960000,2,0,rec_reduce,manual-strided,3.402
960000,2,0,rec_reduce,iterator-strided-dynamic,3.191
960000,2,0,rec_reduce,iterator-strided-static,2.976
960000,4,0,rec_reduce,linear,1.469
960000,4,0,rec_reduce,copy-strided,4.168
960000,4,0,rec_reduce,manual-strided,2.791
960000,4,0,rec_reduce,iterator-strided-dynamic,2.964
960000,4,0,rec_reduce,iterator-strided-static,2.953
960000,8,0,rec_reduce,linear,0.847
960000,8,0,rec_reduce,copy-strided,3.212
960000,8,0,rec_reduce,manual-strided,2.863
960000,8,0,rec_reduce,iterator-strided-dynamic,2.758
960000,8,0,rec_reduce,iterator-strided-static,3.216
1120000,2,0,rec_reduce,linear,2.781
1120000,2,0,rec_reduce,copy-strided,6.746
1120000,2,0,rec_reduce,manual-strided,3.376
1120000,2,0,rec_reduce,iterator-strided-dynamic,3.435
1120000,2,0,rec_reduce,iterator-strided-static,3.449
1120000,4,0,rec_reduce,linear,1.392
1120000,4,0,rec_reduce,copy-strided,4.276
1120000,4,0,rec_reduce,manual-strided,2.577
1120000,4,0,rec_reduce,iterator-strided-dynamic,2.859
1120000,4,0,rec_reduce,iterator-strided-static,2.842
1120000,8,0,rec_reduce,linear,0.694
1120000,8,0,rec_reduce,copy-strided,3.122
1120000,8,0,rec_reduce,manual-strided,2.772
1120000,8,0,rec_reduce,iterator-strided-dynamic,2.61
1120000,8,0,rec_reduce,iterator-strided-static,3.12
1280000,2,0,rec_reduce,linear,3.464
1280000,2,0,rec_reduce,copy-strided,8.132
1280000,2,0,rec_reduce,manual-strided,4.204
1280000,2,0,rec_reduce,iterator-strided-dynamic,3.37
1280000,2,0,rec_reduce,iterator-strided-static,3.269
1280000,4,0,rec_reduce,linear,1.735
1280000,4,0,rec_reduce,copy-strided,5.146
1280000,4,0,rec_reduce,manual-strided,3.066
1280000,4,0,rec_reduce,iterator-strided-dynamic,2.962
1280000,4,0,rec_reduce,iterator-strided-static,2.91
1280000,8,0,rec_reduce,linear,0.867
1280000,8,0,rec_reduce,copy-strided,3.691
1280000,8,0,rec_reduce,manual-strided,3.056
1280000,8,0,rec_reduce,iterator-strided-dynamic,3.049
1280000,8,0,rec_reduce,iterator-strided-static,3.179
1440000,2,0,rec_reduce,linear,4.265
1440000,2,0,rec_reduce,copy-strided,9.456
1440000,2,0,rec_reduce,manual-strided,5.286
1440000,2,0,rec_reduce,iterator-strided-dynamic,3.781
1440000,2,0,rec_reduce,iterator-strided-static,3.589
1440000,4,0,rec_reduce,linear,2.112
1440000,4,0,rec_reduce,copy-strided,6.034
1440000,4,0,rec_reduce,manual-strided,3.799
1440000,4,0,rec_reduce,iterator-strided-dynamic,3.778
1440000,4,0,rec_reduce,iterator-strided-static,3.952
1440000,8,0,rec_reduce,linear,1.091
1440000,8,0,rec_reduce,copy-strided,4.351
1440000,8,0,rec_reduce,manual-strided,3.546
1440000,8,0,rec_reduce,iterator-strided-dynamic,3.705
1440000,8,0,rec_reduce,iterator-strided-static,3.798
1600000,2,0,rec_reduce,linear,4.822
1600000,2,0,rec_reduce,copy-strided,10.457
1600000,2,0,rec_reduce,manual-strided,5.79
1600000,2,0,rec_reduce,iterator-strided-dynamic,4.322
1600000,2,0,rec_reduce,iterator-strided-static,4.145
1600000,4,0,rec_reduce,linear,2.417
1600000,4,0,rec_reduce,copy-strided,6.618
1600000,4,0,rec_reduce,manual-strided,4.133
1600000,4,0,rec_reduce,iterator-strided-dynamic,3.739
1600000,4,0,rec_reduce,iterator-strided-static,3.716
1600000,8,0,rec_reduce,linear,1.201
1600000,8,0,rec_reduce,copy-strided,4.813
1600000,8,0,rec_reduce,manual-strided,3.92
1600000,8,0,rec_reduce,iterator-strided-dynamic,3.762
1600000,8,0,rec_reduce,iterator-strided-static,3.671
160000,2,0,rec_reduce,linear,0.442
160000,2,0,rec_reduce,copy-strided,0.629
160000,2,0,rec_reduce,manual-strided,0.467
160000,2,0,rec_reduce,iterator-strided-dynamic,0.503
160000,2,0,rec_reduce,iterator-strided-static,0.456
160000,4,0,rec_reduce,linear,0.225
160000,4,0,rec_reduce,copy-strided,0.337
160000,4,0,rec_reduce,manual-strided,0.248
160000,4,0,rec_reduce,iterator-strided-dynamic,0.195
160000,4,0,rec_reduce,iterator-strided-static,0.168
160000,8,0,rec_reduce,linear,0.106
160000,8,0,rec_reduce,copy-strided,0.223
160000,8,0,rec_reduce,manual-strided,0.154
160000,8,0,rec_reduce,iterator-strided-dynamic,0.131
160000,8,0,rec_reduce,iterator-strided-static,0.121
320000,2,0,rec_reduce,linear,0.853
320000,2,0,rec_reduce,copy-strided,1.906
320000,2,0,rec_reduce,manual-strided,1.021
320000,2,0,rec_reduce,iterator-strided-dynamic,1.108
320000,2,0,rec_reduce,iterator-strided-static,1.017
320000,4,0,rec_reduce,linear,0.432
320000,4,0,rec_reduce,copy-strided,1.161
320000,4,0,rec_reduce,manual-strided,0.669
320000,4,0,rec_reduce,iterator-strided-dynamic,0.727
320000,4,0,rec_reduce,iterator-strided-static,0.771
320000,8,0,rec_reduce,linear,0.231
320000,8,0,rec_reduce,copy-strided,0.71
320000,8,0,rec_reduce,manual-strided,0.67
320000,8,0,rec_reduce,iterator-strided-dynamic,0.508
320000,8,0,rec_reduce,iterator-strided-static,0.53
480000,2,0,rec_reduce,linear,1.21
480000,2,0,rec_reduce,copy-strided,3.135
480000,2,0,rec_reduce,manual-strided,1.491
480000,2,0,rec_reduce,iterator-strided-dynamic,1.576
480000,2,0,rec_reduce,iterator-strided-static,1.525
480000,4,0,rec_reduce,linear,0.615
480000,4,0,rec_reduce,copy-strided,1.995
480000,4,0,rec_reduce,manual-strided,1.341
480000,4,0,rec_reduce,iterator-strided-dynamic,1.601
480000,4,0,rec_reduce,iterator-strided-static,1.713
480000,8,0,rec_reduce,linear,0.294
480000,8,0,rec_reduce,copy-strided,1.539
480000,8,0,rec_reduce,manual-strided,1.287
480000,8,0,rec_reduce,iterator-strided-dynamic,1.241
480000,8,0,rec_reduce,iterator-strided-static,1.318
640000,2,0,rec_reduce,linear,1.774
640000,2,0,rec_reduce,copy-strided,4.295
640000,2,0,rec_reduce,manual-strided,2.192
640000,2,0,rec_reduce,iterator-strided-dynamic,1.95
640000,2,0,rec_reduce,iterator-strided-static,1.894
640000,4,0,rec_reduce,linear,0.869
640000,4,0,rec_reduce,copy-strided,2.853
640000,4,0,rec_reduce,manual-strided,1.806
640000,4,0,rec_reduce,iterator-strided-dynamic,1.816
640000,4,0,rec_reduce,iterator-strided-static,1.779
640000,8,0,rec_reduce,linear,0.429
640000,8,0,rec_reduce,copy-strided,2.073
640000,8,0,rec_reduce,manual-strided,1.773
640000,8,0,rec_reduce,iterator-strided-dynamic,1.843
640000,8,0,rec_reduce,iterator-strided-static,2.05
800000,2,0,rec_reduce,linear,2.431
800000,2,0,rec_reduce,copy-strided,5.533
800000,2,0,rec_reduce,manual-strided,2.915
800000,2,0,rec_reduce,iterator-strided-dynamic,2.431
800000,2,0,rec_reduce,iterator-strided-static,2.384
800000,4,0,rec_reduce,linear,1.207
800000,4,0,rec_reduce,copy-strided,3.647
800000,4,0,rec_reduce,manual-strided,2.283
800000,4,0,rec_reduce,iterator-strided-dynamic,2.225
800000,4,0,rec_reduce,iterator-strided-static,2.233
800000,8,0,rec_reduce,linear,0.579
800000,8,0,rec_reduce,copy-strided,2.68
800000,8,0,rec_reduce,manual-strided,2.242
800000,8,0,rec_reduce,iterator-strided-dynamic,2.24
800000,8,0,rec_reduce,iterator-strided-static,2.316
960000,2,0,rec_reduce,linear,2.656
960000,2,0,rec_reduce,copy-strided,6.034
960000,2,0,rec_reduce,manual-strided,3.387
960000,2,0,rec_reduce,iterator-strided-dynamic,3.183
960000,2,0,rec_reduce,iterator-strided-static,3.018
960000,4,0,rec_reduce,linear,1.473
960000,4,0,rec_reduce,copy-strided,4.044
960000,4,0,rec_reduce,manual-strided,2.823
960000,4,0,rec_reduce,iterator-strided-dynamic,3.028
960000,4,0,rec_reduce,iterator-strided-static,2.99
960000,8,0,rec_reduce,linear,0.891
960000,8,0,rec_reduce,copy-strided,3.184
960000,8,0,rec_reduce,manual-strided,2.909
960000,8,0,rec_reduce,iterator-strided-dynamic,2.792
960000,8,0,rec_reduce,iterator-strided-static,3.214
1120000,2,0,rec_reduce,linear,7.44
1120000,2,0,rec_reduce,copy-strided,6.577
1120000,2,0,rec_reduce,manual-strided,3.394
1120000,2,0,rec_reduce,iterator-strided-dynamic,3.488
1120000,2,0,rec_reduce,iterator-strided-static,3.482
1120000,4,0,rec_reduce,linear,1.385
1120000,4,0,rec_reduce,copy-strided,4.28
1120000,4,0,rec_reduce,manual-strided,2.57
1120000,4,0,rec_reduce,iterator-strided-dynamic,2.855
1120000,4,0,rec_reduce,iterator-strided-static,2.818
1120000,8,0,rec_reduce,linear,0.692
1120000,8,0,rec_reduce,copy-strided,3.119
1120000,8,0,rec_reduce,manual-strided,2.761
1120000,8,0,rec_reduce,iterator-strided-dynamic,2.615
1120000,8,0,rec_reduce,iterator-strided-static,3.121
1280000,2,0,rec_reduce,linear,3.473
1280000,2,0,rec_reduce,copy-strided,7.961
1280000,2,0,rec_reduce,manual-strided,4.248
1280000,2,0,rec_reduce,iterator-strided-dynamic,3.387
1280000,2,0,rec_reduce,iterator-strided-static,3.271
1280000,4,0,rec_reduce,linear,1.732
1280000,4,0,rec_reduce,copy-strided,5.104
1280000,4,0,rec_reduce,manual-strided,3.092
1280000,4,0,rec_reduce,iterator-strided-dynamic,2.962
1280000,4,0,rec_reduce,iterator-strided-static,2.904
1280000,8,0,rec_reduce,linear,0.871
1280000,8,0,rec_reduce,copy-strided,3.683
1280000,8,0,rec_reduce,manual-strided,3.039
1280000,8,0,rec_reduce,iterator-strided-dynamic,3.045
1280000,8,0,rec_reduce,iterator-strided-static,3.193
1440000,2,0,rec_reduce,linear,4.288
1440000,2,0,rec_reduce,copy-strided,9.305
1440000,2,0,rec_reduce,manual-strided,5.28
1440000,2,0,rec_reduce,iterator-strided-dynamic,3.754
1440000,2,0,rec_reduce,iterator-strided-static,3.601
1440000,4,0,rec_reduce,linear,2.148
1440000,4,0,rec_reduce,copy-strided,6.034
1440000,4,0,rec_reduce,manual-strided,3.798
1440000,4,0,rec_reduce,iterator-strided-dynamic,3.785
1440000,4,0,rec_reduce,iterator-strided-static,3.93
1440000,8,0,rec_reduce,linear,1.04
1440000,8,0,rec_reduce,copy-strided,4.382
1440000,8,0,rec_reduce,manual-strided,3.491
1440000,8,0,rec_reduce,iterator-strided-dynamic,3.724
1440000,8,0,rec_reduce,iterator-strided-static,3.813
1600000,2,0,rec_reduce,linear,4.803
1600000,2,0,rec_reduce,copy-strided,10.252
1600000,2,0,rec_reduce,manual-strided,5.801
1600000,2,0,rec_reduce,iterator-strided-dynamic,4.321
1600000,2,0,rec_reduce,iterator-strided-static,4.175
1600000,4,0,rec_reduce,linear,2.395
1600000,4,0,rec_reduce,copy-strided,6.65
1600000,4,0,rec_reduce,manual-strided,4.153
1600000,4,0,rec_reduce,iterator-strided-dynamic,3.714
1600000,4,0,rec_reduce,iterator-strided-static,3.669
1600000,8,0,rec_reduce,linear,1.202
1600000,8,0,rec_reduce,copy-strided,4.785
1600000,8,0,rec_reduce,manual-strided,3.918
1600000,8,0,rec_reduce,iterator-strided-dynamic,3.782
1600000,8,0,rec_reduce,iterator-strided-static,3.725
160000,2,0,rec_reduce,linear,0.414
160000,2,0,rec_reduce,copy-strided,0.636
160000,2,0,rec_reduce,manual-strided,0.485
160000,2,0,rec_reduce,iterator-strided-dynamic,0.478
160000,2,0,rec_reduce,iterator-strided-static,0.457
160000,4,0,rec_reduce,linear,0.209
160000,4,0,rec_reduce,copy-strided,0.367
160000,4,0,rec_reduce,manual-strided,0.248
160000,4,0,rec_reduce,iterator-strided-dynamic,0.191
160000,4,0,rec_reduce,iterator-strided-static,0.172
160000,8,0,rec_reduce,linear,0.107
160000,8,0,rec_reduce,copy-strided,0.201
160000,8,0,rec_reduce,manual-strided,0.156
160000,8,0,rec_reduce,iterator-strided-dynamic,0.128
160000,8,0,rec_reduce,iterator-strided-static,0.121
320000,2,0,rec_reduce,linear,0.883
320000,2,0,rec_reduce,copy-strided,1.917
320000,2,0,rec_reduce,manual-strided,1.009
320000,2,0,rec_reduce,iterator-strided-dynamic,1.112
320000,2,0,rec_reduce,iterator-strided-static,1.018
320000,4,0,rec_reduce,linear,0.449
320000,4,0,rec_reduce,copy-strided,1.161
320000,4,0,rec_reduce,manual-strided,0.702
320000,4,0,rec_reduce,iterator-strided-dynamic,0.758
320000,4,0,rec_reduce,iterator-strided-static,0.765
320000,8,0,rec_reduce,linear,0.212
320000,8,0,rec_reduce,copy-strided,0.707
320000,8,0,rec_reduce,manual-strided,0.673
320000,8,0,rec_reduce,iterator-strided-dynamic,0.52
320000,8,0,rec_reduce,iterator-strided-static,0.53
480000,2,0,rec_reduce,linear,1.233
480000,2,0,rec_reduce,copy-strided,3.137
480000,2,0,rec_reduce,manual-strided,1.49
480000,2,0,rec_reduce,iterator-strided-dynamic,1.581
480000,2,0,rec_reduce,iterator-strided-static,1.535
480000,4,0,rec_reduce,linear,0.62
480000,4,0,rec_reduce,copy-strided,1.956
480000,4,0,rec_reduce,manual-strided,1.345
480000,4,0,rec_reduce,iterator-strided-dynamic,1.621
480000,4,0,rec_reduce,iterator-strided-static,1.71
480000,8,0,rec_reduce,linear,0.294
480000,8,0,rec_reduce,copy-strided,1.538
480000,8,0,rec_reduce,manual-strided,1.285
480000,8,0,rec_reduce,iterator-strided-dynamic,1.242
480000,8,0,rec_reduce,iterator-strided-static,1.307
640000,2,0,rec_reduce,linear,1.758
640000,2,0,rec_reduce,copy-strided,4.275
640000,2,0,rec_reduce,manual-strided,2.167
640000,2,0,rec_reduce,iterator-strided-dynamic,1.956
640000,2,0,rec_reduce,iterator-strided-static,1.895
640000,4,0,rec_reduce,linear,0.868
640000,4,0,rec_reduce,copy-strided,2.911
640000,4,0,rec_reduce,manual-strided,1.799
640000,4,0,rec_reduce,iterator-strided-dynamic,1.816
640000,4,0,rec_reduce,iterator-strided-static,1.782
640000,8,0,rec_reduce,linear,0.429
640000,8,0,rec_reduce,copy-strided,2.092
640000,8,0,rec_reduce,manual-strided,1.764
640000,8,0,rec_reduce,iterator-strided-dynamic,1.847
640000,8,0,rec_reduce,iterator-strided-static,2.054
800000,2,0,rec_reduce,linear,2.438
800000,2,0,rec_reduce,copy-strided,5.532
800000,2,0,rec_reduce,manual-strided,2.946
800000,2,0,rec_reduce,iterator-strided-dynamic,2.451
800000,2,0,rec_reduce,iterator-strided-static,2.381
800000,4,0,rec_reduce,linear,1.204
800000,4,0,rec_reduce,copy-strided,3.635
800000,4,0,rec_reduce,manual-strided,2.276
800000,4,0,rec_reduce,iterator-strided-dynamic,2.261
800000,4,0,rec_reduce,iterator-strided-static,2.206
800000,8,0,rec_reduce,linear,0.579
800000,8,0,rec_reduce,copy-strided,2.676
800000,8,0,rec_reduce,manual-strided,2.233
800000,8,0,rec_reduce,iterator-strided-dynamic,2.244
800000,8,0,rec_reduce,iterator-strided-static,2.268
960000,2,0,rec_reduce,linear,2.69
960000,2,0,rec_reduce,copy-strided,6.114
960000,2,0,rec_reduce,manual-strided,3.375
960000,2,0,rec_reduce,iterator-strided-dynamic,3.18
960000,2,0,rec_reduce,iterator-strided-static,3.036
960000,4,0,rec_reduce,linear,1.491
960000,4,0,rec_reduce,copy-strided,4.102
960000,4,0,rec_reduce,manual-strided,2.829
960000,4,0,rec_reduce,iterator-strided-dynamic,2.998
960000,4,0,rec_reduce,iterator-strided-static,2.98
960000,8,0,rec_reduce,linear,0.891
960000,8,0,rec_reduce,copy-strided,3.053
960000,8,0,rec_reduce,manual-strided,2.827
960000,8,0,rec_reduce,iterator-strided-dynamic,2.806
960000,8,0,rec_reduce,iterator-strided-static,3.238
1120000,2,0,rec_reduce,linear,2.778
1120000,2,0,rec_reduce,copy-strided,6.56
1120000,2,0,rec_reduce,manual-strided,3.366
1120000,2,0,rec_reduce,iterator-strided-dynamic,3.461
1120000,2,0,rec_reduce,iterator-strided-static,3.449
1120000,4,0,rec_reduce,linear,1.39
1120000,4,0,rec_reduce,copy-strided,4.283
1120000,4,0,rec_reduce,manual-strided,2.573
1120000,4,0,rec_reduce,iterator-strided-dynamic,2.864
1120000,4,0,rec_reduce,iterator-strided-static,2.819
1120000,8,0,rec_reduce,linear,0.697
1120000,8,0,rec_reduce,copy-strided,3.13
1120000,8,0,rec_reduce,manual-strided,2.771
1120000,8,0,rec_reduce,iterator-strided-dynamic,2.618
1120000,8,0,rec_reduce,iterator-strided-static,3.12
1280000,2,0,rec_reduce,linear,3.48
1280000,2,0,rec_reduce,copy-strided,7.965
1280000,2,0,rec_reduce,manual-strided,4.181
1280000,2,0,rec_reduce,iterator-strided-dynamic,3.425
1280000,2,0,rec_reduce,iterator-strided-static,3.223
1280000,4,0,rec_reduce,linear,1.735
1280000,4,0,rec_reduce,copy-strided,5.106
1280000,4,0,rec_reduce,manual-strided,3.094
1280000,4,0,rec_reduce,iterator-strided-dynamic,2.97
1280000,4,0,rec_reduce,iterator-strided-static,2.908
1280000,8,0,rec_reduce,linear,0.873
1280000,8,0,rec_reduce,copy-strided,3.675
1280000,8,0,rec_reduce,manual-strided,3.031
1280000,8,0,rec_reduce,iterator-strided-dynamic,3.054
1280000,8,0,rec_reduce,iterator-strided-static,3.208
1440000,2,0,rec_reduce,linear,4.215
1440000,2,0,rec_reduce,copy-strided,9.284
1440000,2,0,rec_reduce,manual-strided,5.238
1440000,2,0,rec_reduce,iterator-strided-dynamic,3.747
1440000,2,0,rec_reduce,iterator-strided-static,3.598
1440000,4,0,rec_reduce,linear,2.15
1440000,4,0,rec_reduce,copy-strided,6.064
1440000,4,0,rec_reduce,manual-strided,3.811
1440000,4,0,rec_reduce,iterator-strided-dynamic,3.805
1440000,4,0,rec_reduce,iterator-strided-static,3.925
1440000,8,0,rec_reduce,linear,1.064
1440000,8,0,rec_reduce,copy-strided,4.35
1440000,8,0,rec_reduce,manual-strided,3.54
1440000,8,0,rec_reduce,iterator-strided-dynamic,3.71
1440000,8,0,rec_reduce,iterator-strided-static,3.8
1600000,2,0,rec_reduce,linear,4.791
1600000,2,0,rec_reduce,copy-strided,10.248
1600000,2,0,rec_reduce,manual-strided,5.815
1600000,2,0,rec_reduce,iterator-strided-dynamic,4.325
1600000,2,0,rec_reduce,iterator-strided-static,4.173
1600000,4,0,rec_reduce,linear,2.395
1600000,4,0,rec_reduce,copy-strided,6.634
1600000,4,0,rec_reduce,manual-strided,4.125
1600000,4,0,rec_reduce,iterator-strided-dynamic,3.733
1600000,4,0,rec_reduce,iterator-strided-static,3.706
1600000,8,0,rec_reduce,linear,1.194
1600000,8,0,rec_reduce,copy-strided,4.796
1600000,8,0,rec_reduce,manual-strided,3.904
1600000,8,0,rec_reduce,iterator-strided-dynamic,3.769
1600000,8,0,rec_reduce,iterator-strided-static,3.714
160000,2,0,rec_reduce,linear,0.438
160000,2,0,rec_reduce,copy-strided,0.623
160000,2,0,rec_reduce,manual-strided,0.485
160000,2,0,rec_reduce,iterator-strided-dynamic,0.498
160000,2,0,rec_reduce,iterator-strided-static,0.448
160000,4,0,rec_reduce,linear,0.226
160000,4,0,rec_reduce,copy-strided,0.343
160000,4,0,rec_reduce,manual-strided,0.247
160000,4,0,rec_reduce,iterator-strided-dynamic,0.211
160000,4,0,rec_reduce,iterator-strided-static,0.169
160000,8,0,rec_reduce,linear,0.106
160000,8,0,rec_reduce,copy-strided,0.214
160000,8,0,rec_reduce,manual-strided,0.148
160000,8,0,rec_reduce,iterator-strided-dynamic,0.129
160000,8,0,rec_reduce,iterator-strided-static,0.121
320000,2,0,rec_reduce,linear,0.878
320000,2,0,rec_reduce,copy-strided,1.911
320000,2,0,rec_reduce,manual-strided,1.024
320000,2,0,rec_reduce,iterator-strided-dynamic,1.109
320000,2,0,rec_reduce,iterator-strided-static,1.017
320000,4,0,rec_reduce,linear,0.45
320000,4,0,rec_reduce,copy-strided,1.164
320000,4,0,rec_reduce,manual-strided,0.679
320000,4,0,rec_reduce,iterator-strided-dynamic,0.73
320000,4,0,rec_reduce,iterator-strided-static,0.773
320000,8,0,rec_reduce,linear,0.23
320000,8,0,rec_reduce,copy-strided,0.71
320000,8,0,rec_reduce,manual-strided,0.676
320000,8,0,rec_reduce,iterator-strided-dynamic,0.494
320000,8,0,rec_reduce,iterator-strided-static,0.526
480000,2,0,rec_reduce,linear,1.207
480000,2,0,rec_reduce,copy-strided,3.157
480000,2,0,rec_reduce,manual-strided,1.505
480000,2,0,rec_reduce,iterator-strided-dynamic,1.567
480000,2,0,rec_reduce,iterator-strided-static,1.515
480000,4,0,rec_reduce,linear,0.617
480000,4,0,rec_reduce,copy-strided,1.975
480000,4,0,rec_reduce,manual-strided,1.366
480000,4,0,rec_reduce,iterator-strided-dynamic,1.613
480000,4,0,rec_reduce,iterator-strided-static,1.756
480000,8,0,rec_reduce,linear,0.294
480000,8,0,rec_reduce,copy-strided,1.534
480000,8,0,rec_reduce,manual-strided,1.304
480000,8,0,rec_reduce,iterator-strided-dynamic,1.24
480000,8,0,rec_reduce,iterator-strided-static,1.329
640000,2,0,rec_reduce,linear,1.786
640000,2,0,rec_reduce,copy-strided,4.286
640000,2,0,rec_reduce,manual-strided,2.176
640000,2,0,rec_reduce,iterator-strided-dynamic,1.915
640000,2,0,rec_reduce,iterator-strided-static,1.894
640000,4,0,rec_reduce,linear,0.86
640000,4,0,rec_reduce,copy-strided,2.847
640000,4,0,rec_reduce,manual-strided,1.844
640000,4,0,rec_reduce,iterator-strided-dynamic,1.823
640000,4,0,rec_reduce,iterator-strided-static,1.825
640000,8,0,rec_reduce,linear,0.436
640000,8,0,rec_reduce,copy-strided,2.054
640000,8,0,rec_reduce,manual-strided,1.772
640000,8,0,rec_reduce,iterator-strided-dynamic,1.796
640000,8,0,rec_reduce,iterator-strided-static,2.05
800000,2,0,rec_reduce,linear,2.395
800000,2,0,rec_reduce,copy-strided,5.499
800000,2,0,rec_reduce,manual-strided,2.916
800000,2,0,rec_reduce,iterator-strided-dynamic,2.436
800000,2,0,rec_reduce,iterator-strided-static,2.382
800000,4,0,rec_reduce,linear,1.198
800000,4,0,rec_reduce,copy-strided,3.646
800000,4,0,rec_reduce,manual-strided,2.315
800000,4,0,rec_reduce,iterator-strided-dynamic,2.25
800000,4,0,rec_reduce,iterator-strided-static,2.245
800000,8,0,rec_reduce,linear,0.6
800000,8,0,rec_reduce,copy-strided,2.699
800000,8,0,rec_reduce,manual-strided,2.227
800000,8,0,rec_reduce,iterator-strided-dynamic,2.236
800000,8,0,rec_reduce,iterator-strided-static,2.27
960000,2,0,rec_reduce,linear,2.552
960000,2,0,rec_reduce,copy-strided,6.112
960000,2,0,rec_reduce,manual-strided,3.422
960000,2,0,rec_reduce,iterator-strided-dynamic,3.192
960000,2,0,rec_reduce,iterator-strided-static,3.03
960000,4,0,rec_reduce,linear,1.447
960000,4,0,rec_reduce,copy-strided,4.052
960000,4,0,rec_reduce,manual-strided,2.796
960000,4,0,rec_reduce,iterator-strided-dynamic,2.976
960000,4,0,rec_reduce,iterator-strided-static,3.076
960000,8,0,rec_reduce,linear,0.874
960000,8,0,rec_reduce,copy-strided,3.172
960000,8,0,rec_reduce,manual-strided,2.895
960000,8,0,rec_reduce,iterator-strided-dynamic,2.715
960000,8,0,rec_reduce,iterator-strided-static,3.155
1120000,2,0,rec_reduce,linear,2.802
1120000,2,0,rec_reduce,copy-strided,6.575
1120000,2,0,rec_reduce,manual-strided,3.373
1120000,2,0,rec_reduce,iterator-strided-dynamic,3.451
1120000,2,0,rec_reduce,iterator-strided-static,3.445
1120000,4,0,rec_reduce,linear,1.384
1120000,4,0,rec_reduce,copy-strided,4.323
1120000,4,0,rec_reduce,manual-strided,2.619
1120000,4,0,rec_reduce,iterator-strided-dynamic,2.857
1120000,4,0,rec_reduce,iterator-strided-static,2.827
1120000,8,0,rec_reduce,linear,0.692
1120000,8,0,rec_reduce,copy-strided,3.116
1120000,8,0,rec_reduce,manual-strided,2.768
1120000,8,0,rec_reduce,iterator-strided-dynamic,2.613
1120000,8,0,rec_reduce,iterator-strided-static,3.121
1280000,2,0,rec_reduce,linear,3.465
1280000,2,0,rec_reduce,copy-strided,7.936
1280000,2,0,rec_reduce,manual-strided,4.208
1280000,2,0,rec_reduce,iterator-strided-dynamic,3.359
1280000,2,0,rec_reduce,iterator-strided-static,3.245
1280000,4,0,rec_reduce,linear,1.742
1280000,4,0,rec_reduce,copy-strided,5.11
1280000,4,0,rec_reduce,manual-strided,3.07
1280000,4,0,rec_reduce,iterator-strided-dynamic,2.971
1280000,4,0,rec_reduce,iterator-strided-static,2.922
1280000,8,0,rec_reduce,linear,0.867
1280000,8,0,rec_reduce,copy-strided,3.687
1280000,8,0,rec_reduce,manual-strided,3.088
1280000,8,0,rec_reduce,iterator-strided-dynamic,3.043
1280000,8,0,rec_reduce,iterator-strided-static,3.179
1440000,2,0,rec_reduce,linear,4.258
1440000,2,0,rec_reduce,copy-strided,9.32
1440000,2,0,rec_reduce,manual-strided,5.262
1440000,2,0,rec_reduce,iterator-strided-dynamic,3.77
1440000,2,0,rec_reduce,iterator-strided-static,3.614
1440000,4,0,rec_reduce,linear,2.115
1440000,4,0,rec_reduce,copy-strided,6.034
1440000,4,0,rec_reduce,manual-strided,3.789
1440000,4,0,rec_reduce,iterator-strided-dynamic,3.811
1440000,4,0,rec_reduce,iterator-strided-static,3.95
1440000,8,0,rec_reduce,linear,1.08
1440000,8,0,rec_reduce,copy-strided,4.328
1440000,8,0,rec_reduce,manual-strided,3.547
1440000,8,0,rec_reduce,iterator-strided-dynamic,3.718
1440000,8,0,rec_reduce,iterator-strided-static,3.804
1600000,2,0,rec_reduce,linear,4.796
1600000,2,0,rec_reduce,copy-strided,10.236
1600000,2,0,rec_reduce,manual-strided,5.801
1600000,2,0,rec_reduce,iterator-strided-dynamic,4.358
1600000,2,0,rec_reduce,iterator-strided-static,4.174
1600000,4,0,rec_reduce,linear,2.427
1600000,4,0,rec_reduce,copy-strided,6.672
1600000,4,0,rec_reduce,manual-strided,4.094
1600000,4,0,rec_reduce,iterator-strided-dynamic,3.742
1600000,4,0,rec_reduce,iterator-strided-static,3.699
1600000,8,0,rec_reduce,linear,1.2
1600000,8,0,rec_reduce,copy-strided,4.785
1600000,8,0,rec_reduce,manual-strided,3.917
1600000,8,0,rec_reduce,iterator-strided-dynamic,3.737
1600000,8,0,rec_reduce,iterator-strided-static,3.707
160000,2,0,rec_reduce,linear,0.44
160000,2,0,rec_reduce,copy-strided,0.641
160000,2,0,rec_reduce,manual-strided,0.455
160000,2,0,rec_reduce,iterator-strided-dynamic,0.51
160000,2,0,rec_reduce,iterator-strided-static,0.446
160000,4,0,rec_reduce,linear,0.238
160000,4,0,rec_reduce,copy-strided,0.336
160000,4,0,rec_reduce,manual-strided,0.268
160000,4,0,rec_reduce,iterator-strided-dynamic,0.18
160000,4,0,rec_reduce,iterator-strided-static,0.175
160000,8,0,rec_reduce,linear,0.106
160000,8,0,rec_reduce,copy-strided,0.201
160000,8,0,rec_reduce,manual-strided,0.15
160000,8,0,rec_reduce,iterator-strided-dynamic,0.126
160000,8,0,rec_reduce,iterator-strided-static,0.143
320000,2,0,rec_reduce,linear,0.878
320000,2,0,rec_reduce,copy-strided,1.92
320000,2,0,rec_reduce,manual-strided,1.015
320000,2,0,rec_reduce,iterator-strided-dynamic,1.108
320000,2,0,rec_reduce,iterator-strided-static,1.018
320000,4,0,rec_reduce,linear,0.42
320000,4,0,rec_reduce,copy-strided,1.162
320000,4,0,rec_reduce,manual-strided,0.694
320000,4,0,rec_reduce,iterator-strided-dynamic,0.712
320000,4,0,rec_reduce,iterator-strided-static,0.767
320000,8,0,rec_reduce,linear,0.234
320000,8,0,rec_reduce,copy-strided,0.749
320000,8,0,rec_reduce,manual-strided,0.703
320000,8,0,rec_reduce,iterator-strided-dynamic,0.485
320000,8,0,rec_reduce,iterator-strided-static,0.526
480000,2,0,rec_reduce,linear,1.209
480000,2,0,rec_reduce,copy-strided,3.158
480000,2,0,rec_reduce,manual-strided,1.511
480000,2,0,rec_reduce,iterator-strided-dynamic,1.561
480000,2,0,rec_reduce,iterator-strided-static,1.518
480000,4,0,rec_reduce,linear,0.619
480000,4,0,rec_reduce,copy-strided,1.982
480000,4,0,rec_reduce,manual-strided,1.344
480000,4,0,rec_reduce,iterator-strided-dynamic,1.6
480000,4,0,rec_reduce,iterator-strided-static,1.754
480000,8,0,rec_reduce,linear,0.294
480000,8,0,rec_reduce,copy-strided,1.556
480000,8,0,rec_reduce,manual-strided,1.321
480000,8,0,rec_reduce,iterator-strided-dynamic,1.23
480000,8,0,rec_reduce,iterator-strided-static,1.313
640000,2,0,rec_reduce,linear,1.789
640000,2,0,rec_reduce,copy-strided,4.26
640000,2,0,rec_reduce,manual-strided,2.168
640000,2,0,rec_reduce,iterator-strided-dynamic,1.913
640000,2,0,rec_reduce,iterator-strided-static,1.888
640000,4,0,rec_reduce,linear,0.859
640000,4,0,rec_reduce,copy-strided,2.846
640000,4,0,rec_reduce,manual-strided,1.852
640000,4,0,rec_reduce,iterator-strided-dynamic,1.832
640000,4,0,rec_reduce,iterator-strided-static,1.858
640000,8,0,rec_reduce,linear,0.439
640000,8,0,rec_reduce,copy-strided,2.057
640000,8,0,rec_reduce,manual-strided,1.767
640000,8,0,rec_reduce,iterator-strided-dynamic,1.804
640000,8,0,rec_reduce,iterator-strided-static,2.051
800000,2,0,rec_reduce,linear,2.396
800000,2,0,rec_reduce,copy-strided,5.503
800000,2,0,rec_reduce,manual-strided,7.679
800000,2,0,rec_reduce,iterator-strided-dynamic,2.404
800000,2,0,rec_reduce,iterator-strided-static,2.388
800000,4,0,rec_reduce,linear,1.233
800000,4,0,rec_reduce,copy-strided,3.644
800000,4,0,rec_reduce,manual-strided,2.285
800000,4,0,rec_reduce,iterator-strided-dynamic,2.252
800000,4,0,rec_reduce,iterator-strided-static,2.216
800000,8,0,rec_reduce,linear,0.588
800000,8,0,rec_reduce,copy-strided,2.678
800000,8,0,rec_reduce,manual-strided,2.219
800000,8,0,rec_reduce,iterator-strided-dynamic,2.257
800000,8,0,rec_reduce,iterator-strided-static,2.284
960000,2,0,rec_reduce,linear,2.67
960000,2,0,rec_reduce,copy-strided,6.037
960000,2,0,rec_reduce,manual-strided,3.382
960000,2,0,rec_reduce,iterator-strided-dynamic,3.194
960000,2,0,rec_reduce,iterator-strided-static,3.022
960000,4,0,rec_reduce,linear,1.477
960000,4,0,rec_reduce,copy-strided,4.103
960000,4,0,rec_reduce,manual-strided,2.827
960000,4,0,rec_reduce,iterator-strided-dynamic,2.958
960000,4,0,rec_reduce,iterator-strided-static,2.946
960000,8,0,rec_reduce,linear,0.9
960000,8,0,rec_reduce,copy-strided,3.12
960000,8,0,rec_reduce,manual-strided,2.843
960000,8,0,rec_reduce,iterator-strided-dynamic,2.728
960000,8,0,rec_reduce,iterator-strided-static,3.185
1120000,2,0,rec_reduce,linear,2.782
1120000,2,0,rec_reduce,copy-strided,6.55
1120000,2,0,rec_reduce,manual-strided,3.361
1120000,2,0,rec_reduce,iterator-strided-dynamic,3.455
1120000,2,0,rec_reduce,iterator-strided-static,3.447
1120000,4,0,rec_reduce,linear,1.384
1120000,4,0,rec_reduce,copy-strided,4.284
1120000,4,0,rec_reduce,manual-strided,2.571
1120000,4,0,rec_reduce,iterator-strided-dynamic,2.869
1120000,4,0,rec_reduce,iterator-strided-static,2.82
1120000,8,0,rec_reduce,linear,0.693
1120000,8,0,rec_reduce,copy-strided,3.2
1120000,8,0,rec_reduce,manual-strided,2.762
1120000,8,0,rec_reduce,iterator-strided-dynamic,2.615
1120000,8,0,rec_reduce,iterator-strided-static,3.12
1280000,2,0,rec_reduce,linear,3.503
1280000,2,0,rec_reduce,copy-strided,7.975
1280000,2,0,rec_reduce,manual-strided,4.215
1280000,2,0,rec_reduce,iterator-strided-dynamic,3.374
1280000,2,0,rec_reduce,iterator-strided-static,3.806
1280000,4,0,rec_reduce,linear,1.779
1280000,4,0,rec_reduce,copy-strided,5.111
1280000,4,0,rec_reduce,manual-strided,3.088
1280000,4,0,rec_reduce,iterator-strided-dynamic,3.003
1280000,4,0,rec_reduce,iterator-strided-static,2.902
1280000,8,0,rec_reduce,linear,0.87
1280000,8,0,rec_reduce,copy-strided,3.674
1280000,8,0,rec_reduce,manual-strided,3.034
1280000,8,0,rec_reduce,iterator-strided-dynamic,3.037
1280000,8,0,rec_reduce,iterator-strided-static,3.193
1440000,2,0,rec_reduce,linear,4.217
1440000,2,0,rec_reduce,copy-strided,9.33
1440000,2,0,rec_reduce,manual-strided,5.24
1440000,2,0,rec_reduce,iterator-strided-dynamic,3.766
1440000,2,0,rec_reduce,iterator-strided-static,3.605
1440000,4,0,rec_reduce,linear,2.109
1440000,4,0,rec_reduce,copy-strided,6.055
1440000,4,0,rec_reduce,manual-strided,3.795
1440000,4,0,rec_reduce,iterator-strided-dynamic,3.802
1440000,4,0,rec_reduce,iterator-strided-static,3.929
1440000,8,0,rec_reduce,linear,1.039
1440000,8,0,rec_reduce,copy-strided,4.376
1440000,8,0,rec_reduce,manual-strided,3.508
1440000,8,0,rec_reduce,iterator-strided-dynamic,3.745
1440000,8,0,rec_reduce,iterator-strided-static,3.79
1600000,2,0,rec_reduce,linear,4.831
1600000,2,0,rec_reduce,copy-strided,10.277
1600000,2,0,rec_reduce,manual-strided,5.776
1600000,2,0,rec_reduce,iterator-strided-dynamic,4.338
1600000,2,0,rec_reduce,iterator-strided-static,4.181
1600000,4,0,rec_reduce,linear,2.396
1600000,4,0,rec_reduce,copy-strided,6.645
1600000,4,0,rec_reduce,manual-strided,4.142
1600000,4,0,rec_reduce,iterator-strided-dynamic,3.723
1600000,4,0,rec_reduce,iterator-strided-static,3.669
1600000,8,0,rec_reduce,linear,1.205
1600000,8,0,rec_reduce,copy-strided,4.796
1600000,8,0,rec_reduce,manual-strided,3.91
1600000,8,0,rec_reduce,iterator-strided-dynamic,3.77
1600000,8,0,rec_reduce,iterator-strided-static,3.732
160000,2,0,rec_reduce,linear,0.413
160000,2,0,rec_reduce,copy-strided,0.636
160000,2,0,rec_reduce,manual-strided,0.487
160000,2,0,rec_reduce,iterator-strided-dynamic,0.477
160000,2,0,rec_reduce,iterator-strided-static,0.455
160000,4,0,rec_reduce,linear,0.209
160000,4,0,rec_reduce,copy-strided,0.362
160000,4,0,rec_reduce,manual-strided,0.248
160000,4,0,rec_reduce,iterator-strided-dynamic,0.202
160000,4,0,rec_reduce,iterator-strided-static,0.171
160000,8,0,rec_reduce,linear,0.106
160000,8,0,rec_reduce,copy-strided,0.192
160000,8,0,rec_reduce,manual-strided,0.159
160000,8,0,rec_reduce,iterator-strided-dynamic,0.129
160000,8,0,rec_reduce,iterator-strided-static,0.128
320000,2,0,rec_reduce,linear,0.884
320000,2,0,rec_reduce,copy-strided,1.886
320000,2,0,rec_reduce,manual-strided,1.016
320000,2,0,rec_reduce,iterator-strided-dynamic,1.114
320000,2,0,rec_reduce,iterator-strided-static,1.021
320000,4,0,rec_reduce,linear,0.451
320000,4,0,rec_reduce,copy-strided,1.16
320000,4,0,rec_reduce,manual-strided,0.701
320000,4,0,rec_reduce,iterator-strided-dynamic,0.731
320000,4,0,rec_reduce,iterator-strided-static,0.768
320000,8,0,rec_reduce,linear,0.212
320000,8,0,rec_reduce,copy-strided,0.719
320000,8,0,rec_reduce,manual-strided,0.672
320000,8,0,rec_reduce,iterator-strided-dynamic,0.515
320000,8,0,rec_reduce,iterator-strided-static,0.529
480000,2,0,rec_reduce,linear,1.209
480000,2,0,rec_reduce,copy-strided,3.155
480000,2,0,rec_reduce,manual-strided,1.491
480000,2,0,rec_reduce,iterator-strided-dynamic,1.593
480000,2,0,rec_reduce,iterator-strided-static,1.536
480000,4,0,rec_reduce,linear,0.62
480000,4,0,rec_reduce,copy-strided,1.98
480000,4,0,rec_reduce,manual-strided,1.348
480000,4,0,rec_reduce,iterator-strided-dynamic,1.601
480000,4,0,rec_reduce,iterator-strided-static,1.708
480000,8,0,rec_reduce,linear,0.295
480000,8,0,rec_reduce,copy-strided,1.538
480000,8,0,rec_reduce,manual-strided,1.291
480000,8,0,rec_reduce,iterator-strided-dynamic,1.256
480000,8,0,rec_reduce,iterator-strided-static,1.297
640000,2,0,rec_reduce,linear,1.771
640000,2,0,rec_reduce,copy-strided,4.276
640000,2,0,rec_reduce,manual-strided,2.165
640000,2,0,rec_reduce,iterator-strided-dynamic,1.961
640000,2,0,rec_reduce,iterator-strided-static,1.897
640000,4,0,rec_reduce,linear,0.868
640000,4,0,rec_reduce,copy-strided,2.866
640000,4,0,rec_reduce,manual-strided,1.795
640000,4,0,rec_reduce,iterator-strided-dynamic,1.821
640000,4,0,rec_reduce,iterator-strided-static,1.81
640000,8,0,rec_reduce,linear,0.429
640000,8,0,rec_reduce,copy-strided,2.074
640000,8,0,rec_reduce,manual-strided,1.768
640000,8,0,rec_reduce,iterator-strided-dynamic,1.847
640000,8,0,rec_reduce,iterator-strided-static,2.081
800000,2,0,rec_reduce,linear,2.429
800000,2,0,rec_reduce,copy-strided,5.518
800000,2,0,rec_reduce,manual-strided,2.948
800000,2,0,rec_reduce,iterator-strided-dynamic,2.442
800000,2,0,rec_reduce,iterator-strided-static,2.396
800000,4,0,rec_reduce,linear,1.203
800000,4,0,rec_reduce,copy-strided,3.66
800000,4,0,rec_reduce,manual-strided,2.295
800000,4,0,rec_reduce,iterator-strided-dynamic,2.229
800000,4,0,rec_reduce,iterator-strided-static,2.225
800000,8,0,rec_reduce,linear,0.581
800000,8,0,rec_reduce,copy-strided,2.667
800000,8,0,rec_reduce,manual-strided,2.229
800000,8,0,rec_reduce,iterator-strided-dynamic,2.242
800000,8,0,rec_reduce,iterator-strided-static,2.27
960000,2,0,rec_reduce,linear,2.666
960000,2,0,rec_reduce,copy-strided,6.064
960000,2,0,rec_reduce,manual-strided,3.373
960000,2,0,rec_reduce,iterator-strided-dynamic,3.164
960000,2,0,rec_reduce,iterator-strided-static,3.093
960000,4,0,rec_reduce,linear,1.48
960000,4,0,rec_reduce,copy-strided,4.16
960000,4,0,rec_reduce,manual-strided,2.827
960000,4,0,rec_reduce,iterator-strided-dynamic,2.993
960000,4,0,rec_reduce,iterator-strided-static,3.01
960000,8,0,rec_reduce,linear,0.851
960000,8,0,rec_reduce,copy-strided,3.152
960000,8,0,rec_reduce,manual-strided,2.871
960000,8,0,rec_reduce,iterator-strided-dynamic,2.797
960000,8,0,rec_reduce,iterator-strided-static,3.201
1120000,2,0,rec_reduce,linear,2.777
1120000,2,0,rec_reduce,copy-strided,6.562
1120000,2,0,rec_reduce,manual-strided,3.371
1120000,2,0,rec_reduce,iterator-strided-dynamic,3.462
1120000,2,0,rec_reduce,iterator-strided-static,3.44
1120000,4,0,rec_reduce,linear,1.392
1120000,4,0,rec_reduce,copy-strided,4.281
1120000,4,0,rec_reduce,manual-strided,2.571
1120000,4,0,rec_reduce,iterator-strided-dynamic,2.853
1120000,4,0,rec_reduce,iterator-strided-static,2.816
1120000,8,0,rec_reduce,linear,0.692
1120000,8,0,rec_reduce,copy-strided,3.157
1120000,8,0,rec_reduce,manual-strided,2.802
1120000,8,0,rec_reduce,iterator-strided-dynamic,2.617
1120000,8,0,rec_reduce,iterator-strided-static,3.119
1280000,2,0,rec_reduce,linear,3.504
1280000,2,0,rec_reduce,copy-strided,7.924
1280000,2,0,rec_reduce,manual-strided,4.186
1280000,2,0,rec_reduce,iterator-strided-dynamic,3.385
1280000,2,0,rec_reduce,iterator-strided-static,3.24
1280000,4,0,rec_reduce,linear,1.736
1280000,4,0,rec_reduce,copy-strided,5.145
1280000,4,0,rec_reduce,manual-strided,3.086
1280000,4,0,rec_reduce,iterator-strided-dynamic,2.999
1280000,4,0,rec_reduce,iterator-strided-static,3.046
1280000,8,0,rec_reduce,linear,0.867
1280000,8,0,rec_reduce,copy-strided,3.683
1280000,8,0,rec_reduce,manual-strided,3.053
1280000,8,0,rec_reduce,iterator-strided-dynamic,3.041
1280000,8,0,rec_reduce,iterator-strided-static,3.179
1440000,2,0,rec_reduce,linear,4.251
1440000,2,0,rec_reduce,copy-strided,9.324
1440000,2,0,rec_reduce,manual-strided,5.268
1440000,2,0,rec_reduce,iterator-strided-dynamic,3.8
1440000,2,0,rec_reduce,iterator-strided-static,3.627
1440000,4,0,rec_reduce,linear,2.144
1440000,4,0,rec_reduce,copy-strided,6.031
1440000,4,0,rec_reduce,manual-strided,3.806
1440000,4,0,rec_reduce,iterator-strided-dynamic,3.812
1440000,4,0,rec_reduce,iterator-strided-static,3.912
1440000,8,0,rec_reduce,linear,1.047
1440000,8,0,rec_reduce,copy-strided,4.377
1440000,8,0,rec_reduce,manual-strided,3.556
1440000,8,0,rec_reduce,iterator-strided-dynamic,3.678
1440000,8,0,rec_reduce,iterator-strided-static,3.79
1600000,2,0,rec_reduce,linear,4.8
1600000,2,0,rec_reduce,copy-strided,10.269
1600000,2,0,rec_reduce,manual-strided,5.809
1600000,2,0,rec_reduce,iterator-strided-dynamic,4.351
1600000,2,0,rec_reduce,iterator-strided-static,4.157
1600000,4,0,rec_reduce,linear,2.422
1600000,4,0,rec_reduce,copy-strided,6.656
1600000,4,0,rec_reduce,manual-strided,4.108
1600000,4,0,rec_reduce,iterator-strided-dynamic,3.759
1600000,4,0,rec_reduce,iterator-strided-static,3.709
1600000,8,0,rec_reduce,linear,1.197
1600000,8,0,rec_reduce,copy-strided,4.818
1600000,8,0,rec_reduce,manual-strided,3.919
1600000,8,0,rec_reduce,iterator-strided-dynamic,3.761
1600000,8,0,rec_reduce,iterator-strided-static,3.741
160000,2,0,rec_reduce,linear,0.441
160000,2,0,rec_reduce,copy-strided,0.627
160000,2,0,rec_reduce,manual-strided,0.464
160000,2,0,rec_reduce,iterator-strided-dynamic,0.504
160000,2,0,rec_reduce,iterator-strided-static,0.444
160000,4,0,rec_reduce,linear,0.229
160000,4,0,rec_reduce,copy-strided,0.341
160000,4,0,rec_reduce,manual-strided,0.247
160000,4,0,rec_reduce,iterator-strided-dynamic,0.195
160000,4,0,rec_reduce,iterator-strided-static,0.167
160000,8,0,rec_reduce,linear,0.106
160000,8,0,rec_reduce,copy-strided,0.218
160000,8,0,rec_reduce,manual-strided,0.151
160000,8,0,rec_reduce,iterator-strided-dynamic,0.132
160000,8,0,rec_reduce,iterator-strided-static,0.119
320000,2,0,rec_reduce,linear,0.856
320000,2,0,rec_reduce,copy-strided,1.917
320000,2,0,rec_reduce,manual-strided,1.021
320000,2,0,rec_reduce,iterator-strided-dynamic,1.11
320000,2,0,rec_reduce,iterator-strided-static,1.017
320000,4,0,rec_reduce,linear,0.431
320000,4,0,rec_reduce,copy-strided,1.16
320000,4,0,rec_reduce,manual-strided,0.67
320000,4,0,rec_reduce,iterator-strided-dynamic,0.74
320000,4,0,rec_reduce,iterator-strided-static,0.762
320000,8,0,rec_reduce,linear,0.233
320000,8,0,rec_reduce,copy-strided,0.705
320000,8,0,rec_reduce,manual-strided,0.666
320000,8,0,rec_reduce,iterator-strided-dynamic,0.501
320000,8,0,rec_reduce,iterator-strided-static,0.526
480000,2,0,rec_reduce,linear,1.21
480000,2,0,rec_reduce,copy-strided,3.13
480000,2,0,rec_reduce,manual-strided,1.488
480000,2,0,rec_reduce,iterator-strided-dynamic,1.571
480000,2,0,rec_reduce,iterator-strided-static,1.524
480000,4,0,rec_reduce,linear,0.619
480000,4,0,rec_reduce,copy-strided,1.994
480000,4,0,rec_reduce,manual-strided,1.345
480000,4,0,rec_reduce,iterator-strided-dynamic,1.614
480000,4,0,rec_reduce,iterator-strided-static,1.755
480000,8,0,rec_reduce,linear,0.295
480000,8,0,rec_reduce,copy-strided,1.543
480000,8,0,rec_reduce,manual-strided,1.324
480000,8,0,rec_reduce,iterator-strided-dynamic,1.231
480000,8,0,rec_reduce,iterator-strided-static,1.33
640000,2,0,rec_reduce,linear,1.787
640000,2,0,rec_reduce,copy-strided,4.309
640000,2,0,rec_reduce,manual-strided,2.172
640000,2,0,rec_reduce,iterator-strided-dynamic,1.959
640000,2,0,rec_reduce,iterator-strided-static,1.898
640000,4,0,rec_reduce,linear,0.873
640000,4,0,rec_reduce,copy-strided,2.846
640000,4,0,rec_reduce,manual-strided,1.841
640000,4,0,rec_reduce,iterator-strided-dynamic,1.83
640000,4,0,rec_reduce,iterator-strided-static,1.827
640000,8,0,rec_reduce,linear,0.439
640000,8,0,rec_reduce,copy-strided,2.062
640000,8,0,rec_reduce,manual-strided,1.76
640000,8,0,rec_reduce,iterator-strided-dynamic,1.806
640000,8,0,rec_reduce,iterator-strided-static,2.043
800000,2,0,rec_reduce,linear,2.399
800000,2,0,rec_reduce,copy-strided,5.534
800000,2,0,rec_reduce,manual-strided,2.949
800000,2,0,rec_reduce,iterator-strided-dynamic,2.443
800000,2,0,rec_reduce,iterator-strided-static,2.413
800000,4,0,rec_reduce,linear,1.209
800000,4,0,rec_reduce,copy-strided,3.687
800000,4,0,rec_reduce,manual-strided,2.265
800000,4,0,rec_reduce,iterator-strided-dynamic,2.235
800000,4,0,rec_reduce,iterator-strided-static,2.23
800000,8,0,rec_reduce,linear,0.61
800000,8,0,rec_reduce,copy-strided,2.717
800000,8,0,rec_reduce,manual-strided,2.234
800000,8,0,rec_reduce,iterator-strided-dynamic,2.224
800000,8,0,rec_reduce,iterator-strided-static,2.279
960000,2,0,rec_reduce,linear,2.645
960000,2,0,rec_reduce,copy-strided,6.036
960000,2,0,rec_reduce,manual-strided,3.39
960000,2,0,rec_reduce,iterator-strided-dynamic,3.144
960000,2,0,rec_reduce,iterator-strided-static,3.015
960000,4,0,rec_reduce,linear,1.437
960000,4,0,rec_reduce,copy-strided,4.162
960000,4,0,rec_reduce,manual-strided,2.784
960000,4,0,rec_reduce,iterator-strided-dynamic,3.009
960000,4,0,rec_reduce,iterator-strided-static,3.05
960000,8,0,rec_reduce,linear,0.882
960000,8,0,rec_reduce,copy-strided,3.148
960000,8,0,rec_reduce,manual-strided,2.913
960000,8,0,rec_reduce,iterator-strided-dynamic,2.764
960000,8,0,rec_reduce,iterator-strided-static,3.198
1120000,2,0,rec_reduce,linear,2.785
1120000,2,0,rec_reduce,copy-strided,6.544
1120000,2,0,rec_reduce,manual-strided,3.376
1120000,2,0,rec_reduce,iterator-strided-dynamic,3.451
1120000,2,0,rec_reduce,iterator-strided-static,3.446
1120000,4,0,rec_reduce,linear,1.385
1120000,4,0,rec_reduce,copy-strided,4.29
1120000,4,0,rec_reduce,manual-strided,2.577
1120000,4,0,rec_reduce,iterator-strided-dynamic,2.863
1120000,4,0,rec_reduce,iterator-strided-static,2.829
1120000,8,0,rec_reduce,linear,0.695
1120000,8,0,rec_reduce,copy-strided,3.119
1120000,8,0,rec_reduce,manual-strided,2.771
1120000,8,0,rec_reduce,iterator-strided-dynamic,2.613
1120000,8,0,rec_reduce,iterator-strided-static,3.123
1280000,2,0,rec_reduce,linear,3.467
1280000,2,0,rec_reduce,copy-strided,7.938
1280000,2,0,rec_reduce,manual-strided,4.214
1280000,2,0,rec_reduce,iterator-strided-dynamic,3.366
1280000,2,0,rec_reduce,iterator-strided-static,3.235
1280000,4,0,rec_reduce,linear,1.772
1280000,4,0,rec_reduce,copy-strided,5.13
1280000,4,0,rec_reduce,manual-strided,3.069
1280000,4,0,rec_reduce,iterator-strided-dynamic,2.969
1280000,4,0,rec_reduce,iterator-strided-static,2.918
1280000,8,0,rec_reduce,linear,0.868
1280000,8,0,rec_reduce,copy-strided,3.686
1280000,8,0,rec_reduce,manual-strided,3.049
1280000,8,0,rec_reduce,iterator-strided-dynamic,3.054
1280000,8,0,rec_reduce,iterator-strided-static,3.186
1440000,2,0,rec_reduce,linear,4.235
1440000,2,0,rec_reduce,copy-strided,9.286
1440000,2,0,rec_reduce,manual-strided,5.229
1440000,2,0,rec_reduce,iterator-strided-dynamic,3.78
1440000,2,0,rec_reduce,iterator-strided-static,3.589
1440000,4,0,rec_reduce,linear,2.113
1440000,4,0,rec_reduce,copy-strided,6.044
1440000,4,0,rec_reduce,manual-strided,3.832
1440000,4,0,rec_reduce,iterator-strided-dynamic,4.034
1440000,4,0,rec_reduce,iterator-strided-static,3.923
1440000,8,0,rec_reduce,linear,1.039
1440000,8,0,rec_reduce,copy-strided,4.384
1440000,8,0,rec_reduce,manual-strided,3.503
1440000,8,0,rec_reduce,iterator-strided-dynamic,3.693
1440000,8,0,rec_reduce,iterator-strided-static,3.789
1600000,2,0,rec_reduce,linear,4.817
1600000,2,0,rec_reduce,copy-strided,10.273
1600000,2,0,rec_reduce,manual-strided,5.788
1600000,2,0,rec_reduce,iterator-strided-dynamic,4.314
1600000,2,0,rec_reduce,iterator-strided-static,4.168
1600000,4,0,rec_reduce,linear,2.399
1600000,4,0,rec_reduce,copy-strided,6.64
1600000,4,0,rec_reduce,manual-strided,4.116
1600000,4,0,rec_reduce,iterator-strided-dynamic,3.714
1600000,4,0,rec_reduce,iterator-strided-static,3.679
1600000,8,0,rec_reduce,linear,1.23
1600000,8,0,rec_reduce,copy-strided,4.812
1600000,8,0,rec_reduce,manual-strided,3.923
1600000,8,0,rec_reduce,iterator-strided-dynamic,3.762
1600000,8,0,rec_reduce,iterator-strided-static,3.71
160000,2,0,rec_reduce,linear,0.414
160000,2,0,rec_reduce,copy-strided,0.657
160000,2,0,rec_reduce,manual-strided,0.485
160000,2,0,rec_reduce,iterator-strided-dynamic,0.477
160000,2,0,rec_reduce,iterator-strided-static,0.47
160000,4,0,rec_reduce,linear,0.209
160000,4,0,rec_reduce,copy-strided,0.37
160000,4,0,rec_reduce,manual-strided,0.246
160000,4,0,rec_reduce,iterator-strided-dynamic,0.177
160000,4,0,rec_reduce,iterator-strided-static,0.189
160000,8,0,rec_reduce,linear,0.125
160000,8,0,rec_reduce,copy-strided,0.199
160000,8,0,rec_reduce,manual-strided,0.152
160000,8,0,rec_reduce,iterator-strided-dynamic,0.123
160000,8,0,rec_reduce,iterator-strided-static,0.186
320000,2,0,rec_reduce,linear,0.87
320000,2,0,rec_reduce,copy-strided,1.94
320000,2,0,rec_reduce,manual-strided,1.022
320000,2,0,rec_reduce,iterator-strided-dynamic,1.102
320000,2,0,rec_reduce,iterator-strided-static,1.02
320000,4,0,rec_reduce,linear,0.422
320000,4,0,rec_reduce,copy-strided,1.126
320000,4,0,rec_reduce,manual-strided,0.697
320000,4,0,rec_reduce,iterator-strided-dynamic,0.78
320000,4,0,rec_reduce,iterator-strided-static,0.678
320000,8,0,rec_reduce,linear,0.218
320000,8,0,rec_reduce,copy-strided,0.828
320000,8,0,rec_reduce,manual-strided,0.604
320000,8,0,rec_reduce,iterator-strided-dynamic,0.494
320000,8,0,rec_reduce,iterator-strided-static,0.628
480000,2,0,rec_reduce,linear,1.262
480000,2,0,rec_reduce,copy-strided,2.966
480000,2,0,rec_reduce,manual-strided,1.566
480000,2,0,rec_reduce,iterator-strided-dynamic,1.543
480000,2,0,rec_reduce,iterator-strided-static,1.545
480000,4,0,rec_reduce,linear,0.592
480000,4,0,rec_reduce,copy-strided,2.082
480000,4,0,rec_reduce,manual-strided,1.263
480000,4,0,rec_reduce,iterator-strided-dynamic,1.641
480000,4,0,rec_reduce,iterator-strided-static,1.73
480000,8,0,rec_reduce,linear,0.31
480000,8,0,rec_reduce,copy-strided,1.45
480000,8,0,rec_reduce,manual-strided,1.366
480000,8,0,rec_reduce,iterator-strided-dynamic,1.202
480000,8,0,rec_reduce,iterator-strided-static,1.318
640000,2,0,rec_reduce,linear,1.732
640000,2,0,rec_reduce,copy-strided,4.226
640000,2,0,rec_reduce,manual-strided,2.225
640000,2,0,rec_reduce,iterator-strided-dynamic,1.939
640000,2,0,rec_reduce,iterator-strided-static,1.865
640000,4,0,rec_reduce,linear,0.861
640000,4,0,rec_reduce,copy-strided,2.839
640000,4,0,rec_reduce,manual-strided,1.791
640000,4,0,rec_reduce,iterator-strided-dynamic,1.839
640000,4,0,rec_reduce,iterator-strided-static,1.824
640000,8,0,rec_reduce,linear,0.436
640000,8,0,rec_reduce,copy-strided,2.147
640000,8,0,rec_reduce,manual-strided,1.732
640000,8,0,rec_reduce,iterator-strided-dynamic,1.833
640000,8,0,rec_reduce,iterator-strided-static,2.033
800000,2,0,rec_reduce,linear,2.381
800000,2,0,rec_reduce,copy-strided,5.563
800000,2,0,rec_reduce,manual-strided,2.928
800000,2,0,rec_reduce,iterator-strided-dynamic,2.546
800000,2,0,rec_reduce,iterator-strided-static,2.392
800000,4,0,rec_reduce,linear,1.199
800000,4,0,rec_reduce,copy-strided,3.632
800000,4,0,rec_reduce,manual-strided,2.286
800000,4,0,rec_reduce,iterator-strided-dynamic,2.242
800000,4,0,rec_reduce,iterator-strided-static,2.233
800000,8,0,rec_reduce,linear,0.611
800000,8,0,rec_reduce,copy-strided,2.726
800000,8,0,rec_reduce,manual-strided,2.22
800000,8,0,rec_reduce,iterator-strided-dynamic,2.227
800000,8,0,rec_reduce,iterator-strided-static,2.284
960000,2,0,rec_reduce,linear,2.659
960000,2,0,rec_reduce,copy-strided,6.086
960000,2,0,rec_reduce,manual-strided,3.382
960000,2,0,rec_reduce,iterator-strided-dynamic,3.157
960000,2,0,rec_reduce,iterator-strided-static,3.039
960000,4,0,rec_reduce,linear,1.45
960000,4,0,rec_reduce,copy-strided,4.139
960000,4,0,rec_reduce,manual-strided,2.843
960000,4,0,rec_reduce,iterator-strided-dynamic,2.992
960000,4,0,rec_reduce,iterator-strided-static,3.015
960000,8,0,rec_reduce,linear,0.872
960000,8,0,rec_reduce,copy-strided,3.157
960000,8,0,rec_reduce,manual-strided,2.819
960000,8,0,rec_reduce,iterator-strided-dynamic,2.736
960000,8,0,rec_reduce,iterator-strided-static,3.2
1120000,2,0,rec_reduce,linear,2.786
1120000,2,0,rec_reduce,copy-strided,6.559
1120000,2,0,rec_reduce,manual-strided,3.365
1120000,2,0,rec_reduce,iterator-strided-dynamic,3.468
1120000,2,0,rec_reduce,iterator-strided-static,3.434
1120000,4,0,rec_reduce,linear,1.383
1120000,4,0,rec_reduce,copy-strided,4.288
1120000,4,0,rec_reduce,manual-strided,2.574
1120000,4,0,rec_reduce,iterator-strided-dynamic,2.876
1120000,4,0,rec_reduce,iterator-strided-static,2.826
1120000,8,0,rec_reduce,linear,0.693
1120000,8,0,rec_reduce,copy-strided,3.132
1120000,8,0,rec_reduce,manual-strided,2.765
1120000,8,0,rec_reduce,iterator-strided-dynamic,2.617
1120000,8,0,rec_reduce,iterator-strided-static,3.118
1280000,2,0,rec_reduce,linear,3.473
1280000,2,0,rec_reduce,copy-strided,7.943
1280000,2,0,rec_reduce,manual-strided,4.261
1280000,2,0,rec_reduce,iterator-strided-dynamic,3.406
1280000,2,0,rec_reduce,iterator-strided-static,3.234
1280000,4,0,rec_reduce,linear,1.733
1280000,4,0,rec_reduce,copy-strided,5.11
1280000,4,0,rec_reduce,manual-strided,3.094
1280000,4,0,rec_reduce,iterator-strided-dynamic,2.967
1280000,4,0,rec_reduce,iterator-strided-static,2.899
1280000,8,0,rec_reduce,linear,0.871
1280000,8,0,rec_reduce,copy-strided,3.691
1280000,8,0,rec_reduce,manual-strided,3.038
1280000,8,0,rec_reduce,iterator-strided-dynamic,3.051
1280000,8,0,rec_reduce,iterator-strided-static,3.201
1440000,2,0,rec_reduce,linear,4.224
1440000,2,0,rec_reduce,copy-strided,9.295
1440000,2,0,rec_reduce,manual-strided,5.29
1440000,2,0,rec_reduce,iterator-strided-dynamic,3.759
1440000,2,0,rec_reduce,iterator-strided-static,3.609
1440000,4,0,rec_reduce,linear,2.126
1440000,4,0,rec_reduce,copy-strided,6.033
1440000,4,0,rec_reduce,manual-strided,3.771
1440000,4,0,rec_reduce,iterator-strided-dynamic,3.799
1440000,4,0,rec_reduce,iterator-strided-static,3.941
1440000,8,0,rec_reduce,linear,1.043
1440000,8,0,rec_reduce,copy-strided,4.346
1440000,8,0,rec_reduce,manual-strided,3.533
1440000,8,0,rec_reduce,iterator-strided-dynamic,3.716
1440000,8,0,rec_reduce,iterator-strided-static,3.803
1600000,2,0,rec_reduce,linear,4.827
1600000,2,0,rec_reduce,copy-strided,10.251
1600000,2,0,rec_reduce,manual-strided,5.792
1600000,2,0,rec_reduce,iterator-strided-dynamic,4.35
1600000,2,0,rec_reduce,iterator-strided-static,4.14
1600000,4,0,rec_reduce,linear,2.428
1600000,4,0,rec_reduce,copy-strided,6.67
1600000,4,0,rec_reduce,manual-strided,4.131
1600000,4,0,rec_reduce,iterator-strided-dynamic,3.744
1600000,4,0,rec_reduce,iterator-strided-static,3.699
1600000,8,0,rec_reduce,linear,1.198
1600000,8,0,rec_reduce,copy-strided,4.788
1600000,8,0,rec_reduce,manual-strided,3.915
1600000,8,0,rec_reduce,iterator-strided-dynamic,3.779
1600000,8,0,rec_reduce,iterator-strided-static,3.69
160000,2,0,rec_reduce,linear,0.425
160000,2,0,rec_reduce,copy-strided,0.65
160000,2,0,rec_reduce,manual-strided,0.455
160000,2,0,rec_reduce,iterator-strided-dynamic,0.507
160000,2,0,rec_reduce,iterator-strided-static,0.462
160000,4,0,rec_reduce,linear,0.21
160000,4,0,rec_reduce,copy-strided,0.337
160000,4,0,rec_reduce,manual-strided,0.257
160000,4,0,rec_reduce,iterator-strided-dynamic,0.18
160000,4,0,rec_reduce,iterator-strided-static,0.168
160000,8,0,rec_reduce,linear,0.114
160000,8,0,rec_reduce,copy-strided,0.195
160000,8,0,rec_reduce,manual-strided,0.15
160000,8,0,rec_reduce,iterator-strided-dynamic,0.139
160000,8,0,rec_reduce,iterator-strided-static,0.126
320000,2,0,rec_reduce,linear,0.882
320000,2,0,rec_reduce,copy-strided,1.926
320000,2,0,rec_reduce,manual-strided,1.004
320000,2,0,rec_reduce,iterator-strided-dynamic,1.127
320000,2,0,rec_reduce,iterator-strided-static,1.028
320000,4,0,rec_reduce,linear,0.419
320000,4,0,rec_reduce,copy-strided,1.183
320000,4,0,rec_reduce,manual-strided,0.683
320000,4,0,rec_reduce,iterator-strided-dynamic,0.709
320000,4,0,rec_reduce,iterator-strided-static,0.74
320000,8,0,rec_reduce,linear,0.218
320000,8,0,rec_reduce,copy-strided,0.74
320000,8,0,rec_reduce,manual-strided,0.697
320000,8,0,rec_reduce,iterator-strided-dynamic,0.482
320000,8,0,rec_reduce,iterator-strided-static,0.496
480000,2,0,rec_reduce,linear,1.228
480000,2,0,rec_reduce,copy-strided,3.137
480000,2,0,rec_reduce,manual-strided,1.523
480000,2,0,rec_reduce,iterator-strided-dynamic,1.589
480000,2,0,rec_reduce,iterator-strided-static,1.505
480000,4,0,rec_reduce,linear,0.593
480000,4,0,rec_reduce,copy-strided,1.948
480000,4,0,rec_reduce,manual-strided,1.31
480000,4,0,rec_reduce,iterator-strided-dynamic,1.619
480000,4,0,rec_reduce,iterator-strided-static,1.763
480000,8,0,rec_reduce,linear,0.311
480000,8,0,rec_reduce,copy-strided,1.511
480000,8,0,rec_reduce,manual-strided,1.307
480000,8,0,rec_reduce,iterator-strided-dynamic,1.226
480000,8,0,rec_reduce,iterator-strided-static,1.31
640000,2,0,rec_reduce,linear,1.788
640000,2,0,rec_reduce,copy-strided,4.272
640000,2,0,rec_reduce,manual-strided,2.17
640000,2,0,rec_reduce,iterator-strided-dynamic,1.916
640000,2,0,rec_reduce,iterator-strided-static,1.956
640000,4,0,rec_reduce,linear,0.86
640000,4,0,rec_reduce,copy-strided,2.859
640000,4,0,rec_reduce,manual-strided,1.84
640000,4,0,rec_reduce,iterator-strided-dynamic,1.83
640000,4,0,rec_reduce,iterator-strided-static,1.797
640000,8,0,rec_reduce,linear,0.437
640000,8,0,rec_reduce,copy-strided,2.078
640000,8,0,rec_reduce,manual-strided,1.761
640000,8,0,rec_reduce,iterator-strided-dynamic,1.804
640000,8,0,rec_reduce,iterator-strided-static,2.061
800000,2,0,rec_reduce,linear,2.393
800000,2,0,rec_reduce,copy-strided,5.588
800000,2,0,rec_reduce,manual-strided,2.915
800000,2,0,rec_reduce,iterator-strided-dynamic,2.435
800000,2,0,rec_reduce,iterator-strided-static,2.391
800000,4,0,rec_reduce,linear,1.197
800000,4,0,rec_reduce,copy-strided,3.643
800000,4,0,rec_reduce,manual-strided,2.289
800000,4,0,rec_reduce,iterator-strided-dynamic,2.228
800000,4,0,rec_reduce,iterator-strided-static,2.27
800000,8,0,rec_reduce,linear,0.618
800000,8,0,rec_reduce,copy-strided,2.699
800000,8,0,rec_reduce,manual-strided,2.234
800000,8,0,rec_reduce,iterator-strided-dynamic,2.246
800000,8,0,rec_reduce,iterator-strided-static,2.284
960000,2,0,rec_reduce,linear,2.659
960000,2,0,rec_reduce,copy-strided,6.099
960000,2,0,rec_reduce,manual-strided,3.383
960000,2,0,rec_reduce,iterator-strided-dynamic,3.204
960000,2,0,rec_reduce,iterator-strided-static,2.997
960000,4,0,rec_reduce,linear,1.461
960000,4,0,rec_reduce,copy-strided,4.132
960000,4,0,rec_reduce,manual-strided,2.777
960000,4,0,rec_reduce,iterator-strided-dynamic,3.089
960000,4,0,rec_reduce,iterator-strided-static,3.033
960000,8,0,rec_reduce,linear,0.852
960000,8,0,rec_reduce,copy-strided,3.16
960000,8,0,rec_reduce,manual-strided,2.822
960000,8,0,rec_reduce,iterator-strided-dynamic,2.699
960000,8,0,rec_reduce,iterator-strided-static,3.278
1120000,2,0,rec_reduce,linear,2.81
1120000,2,0,rec_reduce,copy-strided,6.589
1120000,2,0,rec_reduce,manual-strided,3.443
1120000,2,0,rec_reduce,iterator-strided-dynamic,3.573
1120000,2,0,rec_reduce,iterator-strided-static,3.441
1120000,4,0,rec_reduce,linear,1.383
1120000,4,0,rec_reduce,copy-strided,4.308
1120000,4,0,rec_reduce,manual-strided,2.578
1120000,4,0,rec_reduce,iterator-strided-dynamic,2.895
1120000,4,0,rec_reduce,iterator-strided-static,2.866
1120000,8,0,rec_reduce,linear,0.692
1120000,8,0,rec_reduce,copy-strided,3.116
1120000,8,0,rec_reduce,manual-strided,2.77
1120000,8,0,rec_reduce,iterator-strided-dynamic,2.629
1120000,8,0,rec_reduce,iterator-strided-static,3.135
1280000,2,0,rec_reduce,linear,3.463
1280000,2,0,rec_reduce,copy-strided,7.939
1280000,2,0,rec_reduce,manual-strided,4.244
1280000,2,0,rec_reduce,iterator-strided-dynamic,3.359
1280000,2,0,rec_reduce,iterator-strided-static,3.227
1280000,4,0,rec_reduce,linear,1.736
1280000,4,0,rec_reduce,copy-strided,5.102
1280000,4,0,rec_reduce,manual-strided,3.072
1280000,4,0,rec_reduce,iterator-strided-dynamic,2.991
1280000,4,0,rec_reduce,iterator-strided-static,2.913
1280000,8,0,rec_reduce,linear,0.867
1280000,8,0,rec_reduce,copy-strided,3.69
1280000,8,0,rec_reduce,manual-strided,3.045
1280000,8,0,rec_reduce,iterator-strided-dynamic,3.068
1280000,8,0,rec_reduce,iterator-strided-static,3.184
1440000,2,0,rec_reduce,linear,4.221
1440000,2,0,rec_reduce,copy-strided,9.309
1440000,2,0,rec_reduce,manual-strided,5.24
1440000,2,0,rec_reduce,iterator-strided-dynamic,3.759
1440000,2,0,rec_reduce,iterator-strided-static,3.616
1440000,4,0,rec_reduce,linear,2.111
1440000,4,0,rec_reduce,copy-strided,6.059
1440000,4,0,rec_reduce,manual-strided,3.775
1440000,4,0,rec_reduce,iterator-strided-dynamic,3.808
1440000,4,0,rec_reduce,iterator-strided-static,3.959
1440000,8,0,rec_reduce,linear,1.093
1440000,8,0,rec_reduce,copy-strided,4.316
1440000,8,0,rec_reduce,manual-strided,3.541
1440000,8,0,rec_reduce,iterator-strided-dynamic,3.737
1440000,8,0,rec_reduce,iterator-strided-static,3.8
1600000,2,0,rec_reduce,linear,4.812
1600000,2,0,rec_reduce,copy-strided,10.283
1600000,2,0,rec_reduce,manual-strided,5.756
1600000,2,0,rec_reduce,iterator-strided-dynamic,4.321
1600000,2,0,rec_reduce,iterator-strided-static,4.167
1600000,4,0,rec_reduce,linear,2.399
1600000,4,0,rec_reduce,copy-strided,6.674
1600000,4,0,rec_reduce,manual-strided,4.098
1600000,4,0,rec_reduce,iterator-strided-dynamic,3.745
1600000,4,0,rec_reduce,iterator-strided-static,3.799
1600000,8,0,rec_reduce,linear,1.219
1600000,8,0,rec_reduce,copy-strided,4.798
1600000,8,0,rec_reduce,manual-strided,3.922
1600000,8,0,rec_reduce,iterator-strided-dynamic,3.756
1600000,8,0,rec_reduce,iterator-strided-static,3.726
160000,2,0,rec_reduce,linear,0.413
160000,2,0,rec_reduce,copy-strided,0.653
160000,2,0,rec_reduce,manual-strided,0.483
160000,2,0,rec_reduce,iterator-strided-dynamic,0.479
160000,2,0,rec_reduce,iterator-strided-static,0.475
160000,4,0,rec_reduce,linear,0.209
160000,4,0,rec_reduce,copy-strided,0.368
160000,4,0,rec_reduce,manual-strided,0.247
160000,4,0,rec_reduce,iterator-strided-dynamic,0.181
160000,4,0,rec_reduce,iterator-strided-static,0.199
160000,8,0,rec_reduce,linear,0.107
160000,8,0,rec_reduce,copy-strided,0.193
160000,8,0,rec_reduce,manual-strided,0.174
160000,8,0,rec_reduce,iterator-strided-dynamic,0.127
160000,8,0,rec_reduce,iterator-strided-static,0.121
320000,2,0,rec_reduce,linear,0.881
320000,2,0,rec_reduce,copy-strided,1.916
320000,2,0,rec_reduce,manual-strided,1.009
320000,2,0,rec_reduce,iterator-strided-dynamic,1.112
320000,2,0,rec_reduce,iterator-strided-static,1.026
320000,4,0,rec_reduce,linear,0.449
320000,4,0,rec_reduce,copy-strided,1.174
320000,4,0,rec_reduce,manual-strided,0.694
320000,4,0,rec_reduce,iterator-strided-dynamic,0.745
320000,4,0,rec_reduce,iterator-strided-static,0.775
320000,8,0,rec_reduce,linear,0.212
320000,8,0,rec_reduce,copy-strided,0.724
320000,8,0,rec_reduce,manual-strided,0.708
320000,8,0,rec_reduce,iterator-strided-dynamic,0.513
320000,8,0,rec_reduce,iterator-strided-static,0.524
480000,2,0,rec_reduce,linear,1.209
480000,2,0,rec_reduce,copy-strided,3.133
480000,2,0,rec_reduce,manual-strided,1.495
480000,2,0,rec_reduce,iterator-strided-dynamic,1.593
480000,2,0,rec_reduce,iterator-strided-static,1.527
480000,4,0,rec_reduce,linear,0.614
480000,4,0,rec_reduce,copy-strided,1.98
480000,4,0,rec_reduce,manual-strided,1.306
480000,4,0,rec_reduce,iterator-strided-dynamic,1.578
480000,4,0,rec_reduce,iterator-strided-static,1.741
480000,8,0,rec_reduce,linear,0.301
480000,8,0,rec_reduce,copy-strided,1.544
480000,8,0,rec_reduce,manual-strided,1.295
480000,8,0,rec_reduce,iterator-strided-dynamic,1.254
480000,8,0,rec_reduce,iterator-strided-static,1.294
640000,2,0,rec_reduce,linear,1.764
640000,2,0,rec_reduce,copy-strided,4.276
640000,2,0,rec_reduce,manual-strided,2.209
640000,2,0,rec_reduce,iterator-strided-dynamic,1.962
640000,2,0,rec_reduce,iterator-strided-static,1.889
640000,4,0,rec_reduce,linear,0.876
640000,4,0,rec_reduce,copy-strided,2.838
640000,4,0,rec_reduce,manual-strided,1.82
640000,4,0,rec_reduce,iterator-strided-dynamic,1.826
640000,4,0,rec_reduce,iterator-strided-static,1.778
640000,8,0,rec_reduce,linear,0.43
640000,8,0,rec_reduce,copy-strided,2.088
640000,8,0,rec_reduce,manual-strided,1.763
640000,8,0,rec_reduce,iterator-strided-dynamic,1.809
640000,8,0,rec_reduce,iterator-strided-static,2.054
800000,2,0,rec_reduce,linear,2.425
800000,2,0,rec_reduce,copy-strided,5.487
800000,2,0,rec_reduce,manual-strided,2.996
800000,2,0,rec_reduce,iterator-strided-dynamic,2.428
800000,2,0,rec_reduce,iterator-strided-static,2.38
800000,4,0,rec_reduce,linear,1.22
800000,4,0,rec_reduce,copy-strided,3.637
800000,4,0,rec_reduce,manual-strided,2.289
800000,4,0,rec_reduce,iterator-strided-dynamic,2.244
800000,4,0,rec_reduce,iterator-strided-static,2.224
800000,8,0,rec_reduce,linear,0.591
800000,8,0,rec_reduce,copy-strided,2.708
800000,8,0,rec_reduce,manual-strided,2.237
800000,8,0,rec_reduce,iterator-strided-dynamic,2.249
800000,8,0,rec_reduce,iterator-strided-static,2.308
960000,2,0,rec_reduce,linear,2.654
960000,2,0,rec_reduce,copy-strided,5.966
960000,2,0,rec_reduce,manual-strided,3.435
960000,2,0,rec_reduce,iterator-strided-dynamic,3.203
960000,2,0,rec_reduce,iterator-strided-static,3.008
960000,4,0,rec_reduce,linear,1.468
960000,4,0,rec_reduce,copy-strided,4.1
960000,4,0,rec_reduce,manual-strided,2.792
960000,4,0,rec_reduce,iterator-strided-dynamic,2.941
960000,4,0,rec_reduce,iterator-strided-static,2.987
960000,8,0,rec_reduce,linear,0.885
960000,8,0,rec_reduce,copy-strided,3.141
960000,8,0,rec_reduce,manual-strided,2.844
960000,8,0,rec_reduce,iterator-strided-dynamic,2.747
960000,8,0,rec_reduce,iterator-strided-static,3.199
1120000,2,0,rec_reduce,linear,2.8
1120000,2,0,rec_reduce,copy-strided,6.58
1120000,2,0,rec_reduce,manual-strided,3.371
1120000,2,0,rec_reduce,iterator-strided-dynamic,3.449
1120000,2,0,rec_reduce,iterator-strided-static,3.455
1120000,4,0,rec_reduce,linear,1.384
1120000,4,0,rec_reduce,copy-strided,4.312
1120000,4,0,rec_reduce,manual-strided,2.617
1120000,4,0,rec_reduce,iterator-strided-dynamic,2.853
1120000,4,0,rec_reduce,iterator-strided-static,2.826
1120000,8,0,rec_reduce,linear,0.693
1120000,8,0,rec_reduce,copy-strided,3.114
1120000,8,0,rec_reduce,manual-strided,2.761
1120000,8,0,rec_reduce,iterator-strided-dynamic,2.607
1120000,8,0,rec_reduce,iterator-strided-static,3.129
1280000,2,0,rec_reduce,linear,3.461
1280000,2,0,rec_reduce,copy-strided,7.949
1280000,2,0,rec_reduce,manual-strided,4.205
1280000,2,0,rec_reduce,iterator-strided-dynamic,3.375
1280000,2,0,rec_reduce,iterator-strided-static,3.245
1280000,4,0,rec_reduce,linear,1.734
1280000,4,0,rec_reduce,copy-strided,5.109
1280000,4,0,rec_reduce,manual-strided,3.075
1280000,4,0,rec_reduce,iterator-strided-dynamic,2.974
1280000,4,0,rec_reduce,iterator-strided-static,2.903
1280000,8,0,rec_reduce,linear,0.867
1280000,8,0,rec_reduce,copy-strided,3.692
1280000,8,0,rec_reduce,manual-strided,3.082
1280000,8,0,rec_reduce,iterator-strided-dynamic,3.037
1280000,8,0,rec_reduce,iterator-strided-static,3.179
1440000,2,0,rec_reduce,linear,4.23
1440000,2,0,rec_reduce,copy-strided,9.307
1440000,2,0,rec_reduce,manual-strided,5.232
1440000,2,0,rec_reduce,iterator-strided-dynamic,3.763
1440000,2,0,rec_reduce,iterator-strided-static,3.606
1440000,4,0,rec_reduce,linear,2.185
1440000,4,0,rec_reduce,copy-strided,6.045
1440000,4,0,rec_reduce,manual-strided,3.769
1440000,4,0,rec_reduce,iterator-strided-dynamic,3.787
1440000,4,0,rec_reduce,iterator-strided-static,3.943
1440000,8,0,rec_reduce,linear,1.043
1440000,8,0,rec_reduce,copy-strided,4.353
1440000,8,0,rec_reduce,manual-strided,3.512
1440000,8,0,rec_reduce,iterator-strided-dynamic,3.72
1440000,8,0,rec_reduce,iterator-strided-static,3.734
1600000,2,0,rec_reduce,linear,4.821
1600000,2,0,rec_reduce,copy-strided,10.302
1600000,2,0,rec_reduce,manual-strided,5.779
1600000,2,0,rec_reduce,iterator-strided-dynamic,4.342
1600000,2,0,rec_reduce,iterator-strided-static,4.177
1600000,4,0,rec_reduce,linear,2.397
1600000,4,0,rec_reduce,copy-strided,6.658
1600000,4,0,rec_reduce,manual-strided,4.1
1600000,4,0,rec_reduce,iterator-strided-dynamic,3.706
1600000,4,0,rec_reduce,iterator-strided-static,3.692
1600000,8,0,rec_reduce,linear,1.22
1600000,8,0,rec_reduce,copy-strided,4.794
1600000,8,0,rec_reduce,manual-strided,3.905
1600000,8,0,rec_reduce,iterator-strided-dynamic,3.778
1600000,8,0,rec_reduce,iterator-strided-static,3.733
